{"type":"FeatureCollection","features":[{"type":"Feature","properties":{"id":64,"name":"Haskayne","structure":"BUILDING OUT","special":false,"revenue":0,"m2_sampled":0,"m2_local":0,"m2_shared":0},"geometry":{"type":"MultiPolygon","coordinates":[[[[-114.31548,51.13941],[-114.31563,51.13951],[-114.31577,51.13965],[-114.3158,51.13968],[-114.3156,51.13968],[-114.31532,51.13968],[-114.31468,51.13968],[-114.31513,51.13915],[-114.31548,51.13941]]]]}},{"type":"Feature","properties":{"id":119,"name":"Haskayne","structure":"BUILDING OUT","special":false,"revenue":97176,"m2_sampled":0,"m2_local":0,"m2_shared":0},"geometry":{"type":"MultiPolygon","coordinates":[[[[-114.3129,51.13967],[-114.3118,51.13967],[-114.30632,51.13965],[-114.30385,51.13721],[-114.30689,51.13352],[-114.30963,51.13345],[-114.3097,51.13355],[-114.30978,51.13366],[-114.30985,51.13377],[-114.31001,51.13398],[-114.31007,51.13405],[-114.31011,51.1341],[-114.31022,51.13421],[-114.31031,51.1343],[-114.3104,51.1344],[-114.31049,51.13448],[-114.31058,51.13456],[-114.31066,51.13465],[-114.31071,51.13471],[-114.31077,51.13481],[-114.31077,51.13484],[-114.31076,51.13487],[-114.31077,51.13492],[-114.31078,51.13496],[-114.31081,51.13507],[-114.31082,51.13513],[-114.31081,51.13518],[-114.31076,51.13525],[-114.31075,51.13528],[-114.31082,51.13537],[-114.31083,51.13538],[-114.31102,51.13547],[-114.31122,51.13562],[-114.31137,51.13577],[-114.31148,51.13596],[-114.31166,51.13615],[-114.31187,51.1363],[-114.31211,51.1366],[-114.31224,51.1367],[-114.31232,51.13679],[-114.31237,51.13689],[-114.31249,51.13702],[-114.31267,51.13732],[-114.31277,51.13739],[-114.31284,51.13744],[-114.31293,51.13754],[-114.31303,51.13762],[-114.31321,51.13772],[-114.31331,51.13783],[-114.31338,51.13792],[-114.31355,51.13806],[-114.31373,51.13818],[-114.3139,51.13835],[-114.3141,51.13852],[-114.31422,51.13861],[-114.3143,51.13865],[-114.31439,51.13873],[-114.31458,51.13883],[-114.31467,51.13886],[-114.31474,51.13891],[-114.31488,51.139],[-114.31503,51.13906],[-114.31511,51.13914],[-114.31513,51.13915],[-114.31468,51.13968],[-114.3129,51.13967]]]]}},{"type":"Feature","properties":{"id":120,"name":"Haskayne","structure":"BUILDING OUT","special":false,"revenue":10659,"m2_sampled":0,"m2_local":0,"m2_shared":0},"geometry":{"type":"MultiPolygon","coordinates":[[[[-114.30593,51.12698],[-114.30609,51.12709],[-114.30624,51.12718],[-114.30647,51.12738],[-114.30658,51.12748],[-114.30665,51.12757],[-114.30669,51.12764],[-114.30672,51.12772],[-114.30676,51.12778],[-114.3069,51.12791],[-114.30696,51.12798],[-114.30701,51.12801],[-114.30707,51.12807],[-114.30715,51.12812],[-114.3072,51.12818],[-114.30724,51.12823],[-114.3073,51.12827],[-114.30738,51.12833],[-114.30748,51.12848],[-114.30757,51.12859],[-114.30765,51.12861],[-114.30772,51.12862],[-114.3078,51.12865],[-114.30787,51.12869],[-114.30797,51.1288],[-114.30809,51.12891],[-114.3081,51.12894],[-114.30816,51.12905],[-114.30822,51.12916],[-114.30825,51.12922],[-114.30826,51.12926],[-114.30834,51.12938],[-114.30839,51.12946],[-114.30847,51.12967],[-114.30854,51.12975],[-114.30856,51.12979],[-114.30859,51.12983],[-114.30862,51.1299],[-114.30864,51.12995],[-114.30865,51.12999],[-114.30876,51.13026],[-114.30887,51.13066],[-114.30885,51.13069],[-114.30889,51.13084],[-114.30888,51.13094],[-114.3089,51.13098],[-114.30894,51.13101],[-114.30886,51.13107],[-114.3089,51.13119],[-114.30893,51.13137],[-114.30894,51.13156],[-114.30894,51.13174],[-114.30892,51.13193],[-114.30894,51.13212],[-114.30901,51.13232],[-114.3091,51.13243],[-114.30914,51.1325],[-114.3093,51.13267],[-114.30942,51.13286],[-114.30946,51.13306],[-114.30951,51.13325],[-114.30963,51.13345],[-114.30963,51.13345],[-114.30689,51.13352],[-114.30333,51.13003],[-114.30588,51.12694],[-114.30593,51.12698]]]]}},{"type":"Feature","properties":{"id":172,"name":"Haskayne","structure":"BUILDING OUT","special":false,"revenue":47415,"m2_sampled":0,"m2_local":0,"m2_shared":0},"geometry":{"type":"MultiPolygon","coordinates":[[[[-114.29685,51.13913],[-114.29685,51.13853],[-114.29685,51.13825],[-114.29662,51.13817],[-114.29726,51.1374],[-114.30385,51.13721],[-114.30632,51.13965],[-114.30412,51.13964],[-114.30384,51.13964],[-114.30376,51.13964],[-114.29542,51.13963],[-114.29542,51.13962],[-114.29583,51.13913],[-114.29685,51.13913]]]]}},{"type":"Feature","properties":{"id":173,"name":"Haskayne","structure":"BUILDING OUT","special":false,"revenue":139442,"m2_sampled":0,"m2_local":0,"m2_shared":0},"geometry":{"type":"MultiPolygon","coordinates":[[[[-114.30689,51.13352],[-114.30385,51.13721],[-114.29726,51.1374],[-114.29371,51.1339],[-114.29675,51.13021],[-114.30333,51.13003],[-114.30689,51.13352]]]]}},{"type":"Feature","properties":{"id":174,"name":"Haskayne","structure":"BUILDING OUT","special":false,"revenue":76622,"m2_sampled":0,"m2_local":0,"m2_shared":0},"geometry":{"type":"MultiPolygon","coordinates":[[[[-114.29688,51.12304],[-114.29719,51.1231],[-114.29724,51.12311],[-114.29726,51.12313],[-114.2975,51.12326],[-114.29757,51.12339],[-114.29755,51.12364],[-114.29751,51.12385],[-114.29752,51.12403],[-114.29745,51.12422],[-114.29745,51.12431],[-114.29741,51.12437],[-114.29737,51.12439],[-114.29728,51.12442],[-114.29718,51.12443],[-114.29713,51.12445],[-114.29701,51.12456],[-114.29704,51.12477],[-114.29708,51.12479],[-114.29712,51.12476],[-114.29717,51.12468],[-114.29728,51.12463],[-114.29755,51.12453],[-114.29767,51.12442],[-114.2978,51.12424],[-114.2978,51.12421],[-114.29782,51.12418],[-114.2978,51.1241],[-114.29785,51.1239],[-114.29807,51.12369],[-114.2982,51.12363],[-114.29828,51.12359],[-114.29838,51.12358],[-114.2985,51.1236],[-114.2986,51.12364],[-114.29875,51.12378],[-114.29879,51.12386],[-114.29886,51.12395],[-114.29899,51.12402],[-114.29905,51.12405],[-114.29908,51.12407],[-114.29911,51.1241],[-114.29913,51.12415],[-114.29918,51.12419],[-114.29921,51.12423],[-114.29925,51.12426],[-114.29933,51.1243],[-114.29944,51.12437],[-114.29958,51.12444],[-114.29974,51.12453],[-114.29988,51.12459],[-114.30003,51.12464],[-114.30021,51.12469],[-114.30041,51.12474],[-114.30043,51.12477],[-114.30046,51.12478],[-114.3005,51.12478],[-114.30058,51.12481],[-114.30067,51.12484],[-114.30076,51.12488],[-114.30086,51.12493],[-114.30092,51.12495],[-114.30101,51.12501],[-114.30118,51.12509],[-114.30141,51.12517],[-114.30146,51.12519],[-114.30148,51.12519],[-114.30156,51.12522],[-114.3018,51.1253],[-114.30196,51.12536],[-114.30207,51.1254],[-114.30214,51.12543],[-114.30218,51.12545],[-114.30223,51.12547],[-114.30227,51.12548],[-114.30232,51.12549],[-114.30235,51.1255],[-114.30241,51.12553],[-114.30244,51.12555],[-114.30247,51.12556],[-114.30252,51.12559],[-114.30257,51.12561],[-114.30259,51.12563],[-114.30266,51.12564],[-114.30274,51.12567],[-114.30279,51.12568],[-114.30288,51.12571],[-114.30296,51.12574],[-114.30299,51.12575],[-114.30299,51.12576],[-114.30302,51.12578],[-114.30309,51.12578],[-114.30312,51.12578],[-114.30314,51.12579],[-114.30316,51.12579],[-114.30319,51.1258],[-114.30322,51.1258],[-114.30327,51.12579],[-114.3033,51.12579],[-114.30336,51.12579],[-114.30337,51.12579],[-114.30338,51.1258],[-114.30339,51.12582],[-114.3034,51.12583],[-114.30342,51.12584],[-114.30348,51.12584],[-114.30353,51.12583],[-114.30356,51.12582],[-114.30362,51.12582],[-114.30372,51.12582],[-114.30377,51.12582],[-114.30385,51.12582],[-114.30388,51.12582],[-114.3039,51.12583],[-114.30391,51.12584],[-114.30392,51.12585],[-114.30392,51.12586],[-114.30396,51.12586],[-114.30399,51.12587],[-114.30403,51.12587],[-114.30407,51.12587],[-114.3041,51.12587],[-114.30412,51.12588],[-114.30414,51.12589],[-114.30417,51.12591],[-114.3042,51.12593],[-114.30424,51.12595],[-114.30428,51.12597],[-114.30434,51.126],[-114.30439,51.12603],[-114.30443,51.12606],[-114.30448,51.12608],[-114.3045,51.1261],[-114.30455,51.12612],[-114.3046,51.12616],[-114.3046,51.12618],[-114.30463,51.1262],[-114.30467,51.12622],[-114.30474,51.12627],[-114.30476,51.12628],[-114.30477,51.12629],[-114.3048,51.12629],[-114.30484,51.12629],[-114.30485,51.12628],[-114.30489,51.12628],[-114.3049,51.12629],[-114.30493,51.1263],[-114.30496,51.12631],[-114.30503,51.12634],[-114.30508,51.12637],[-114.30512,51.1264],[-114.30518,51.12644],[-114.3052,51.12645],[-114.30521,51.12645],[-114.30523,51.12645],[-114.30524,51.12646],[-114.30525,51.12646],[-114.30526,51.12649],[-114.30526,51.1265],[-114.30526,51.12651],[-114.30526,51.12652],[-114.30527,51.12653],[-114.3053,51.12654],[-114.30534,51.12655],[-114.30538,51.12657],[-114.3054,51.12659],[-114.30541,51.12661],[-114.3054,51.12665],[-114.30538,51.12667],[-114.30534,51.12668],[-114.30531,51.12669],[-114.3053,51.1267],[-114.30529,51.12671],[-114.3053,51.12674],[-114.30532,51.12674],[-114.30535,51.12674],[-114.30538,51.12673],[-114.30542,51.12675],[-114.30545,51.12676],[-114.30549,51.12677],[-114.30552,51.12676],[-114.30561,51.12679],[-114.30566,51.1268],[-114.3057,51.12682],[-114.30575,51.12684],[-114.30579,51.12686],[-114.30588,51.12694],[-114.30333,51.13003],[-114.29675,51.13021],[-114.29319,51.12672],[-114.29623,51.12303],[-114.29669,51.12302],[-114.29688,51.12304]]]]}},{"type":"Feature","properties":{"id":175,"name":"Haskayne","structure":"BUILDING OUT","special":false,"revenue":0,"m2_sampled":0,"m2_local":0,"m2_shared":0},"geometry":{"type":"MultiPolygon","coordinates":[[[[-114.29629,51.12302],[-114.29659,51.123],[-114.29669,51.12302],[-114.29623,51.12303],[-114.29621,51.12301],[-114.29629,51.12302]]]]}},{"type":"Feature","properties":{"id":179,"name":"01h","structure":"OTHER","special":true,"revenue":6815,"m2_sampled":0,"m2_local":0,"m2_shared":0},"geometry":{"type":"MultiPolygon","coordinates":[[[[-114.29232,51.0889],[-114.29232,51.08985],[-114.29232,51.09246],[-114.29064,51.09081],[-114.29232,51.08877],[-114.29232,51.0889]]]]}},{"type":"Feature","properties":{"id":180,"name":"Crestmont","structure":"2000s","special":false,"revenue":65,"m2_sampled":0,"m2_local":0,"m2_shared":0},"geometry":{"type":"MultiPolygon","coordinates":[[[[-114.29232,51.08151],[-114.29232,51.08578],[-114.29013,51.08362],[-114.29187,51.08151],[-114.29232,51.08151]]]]}},{"type":"Feature","properties":{"id":227,"name":"Haskayne","structure":"BUILDING OUT","special":false,"revenue":25066,"m2_sampled":0,"m2_local":0,"m2_shared":0},"geometry":{"type":"MultiPolygon","coordinates":[[[[-114.29537,51.13772],[-114.29529,51.13764],[-114.29464,51.13712],[-114.29454,51.13703],[-114.29372,51.13656],[-114.29279,51.13615],[-114.29179,51.1358],[-114.29183,51.13566],[-114.29088,51.1342],[-114.29072,51.13398],[-114.29371,51.1339],[-114.29726,51.1374],[-114.29662,51.13817],[-114.29537,51.13772]]],[[[-114.29542,51.13921],[-114.29555,51.13913],[-114.29583,51.13913],[-114.29542,51.13962],[-114.29542,51.13921]]]]}},{"type":"Feature","properties":{"id":228,"name":"Haskayne","structure":"BUILDING OUT","special":false,"revenue":40388,"m2_sampled":0,"m2_local":0,"m2_shared":0},"geometry":{"type":"MultiPolygon","coordinates":[[[[-114.28966,51.13254],[-114.28955,51.13241],[-114.28875,51.13167],[-114.28849,51.13143],[-114.28809,51.13132],[-114.28917,51.13064],[-114.28956,51.12972],[-114.28891,51.12902],[-114.28776,51.1288],[-114.2866,51.12894],[-114.28595,51.12769],[-114.2866,51.1269],[-114.29319,51.12672],[-114.29675,51.13021],[-114.29371,51.1339],[-114.29072,51.13398],[-114.28966,51.13254]]]]}},{"type":"Feature","properties":{"id":229,"name":"Haskayne","structure":"BUILDING OUT","special":false,"revenue":13230,"m2_sampled":0,"m2_local":0,"m2_shared":0},"geometry":{"type":"MultiPolygon","coordinates":[[[[-114.29042,51.1196],[-114.29062,51.11978],[-114.29062,51.11981],[-114.29073,51.12],[-114.29101,51.12015],[-114.29118,51.12033],[-114.29121,51.1204],[-114.29135,51.12059],[-114.2914,51.1206],[-114.29144,51.12059],[-114.29151,51.12054],[-114.2917,51.12067],[-114.29195,51.1208],[-114.29201,51.12081],[-114.2921,51.12086],[-114.29234,51.121],[-114.29254,51.12115],[-114.29275,51.12128],[-114.29297,51.12144],[-114.29335,51.12161],[-114.29359,51.12174],[-114.29385,51.12184],[-114.2939,51.12184],[-114.29395,51.12185],[-114.29442,51.12214],[-114.29498,51.12234],[-114.29526,51.12246],[-114.29536,51.12269],[-114.29548,51.12277],[-114.29575,51.12289],[-114.29601,51.12298],[-114.29621,51.12301],[-114.29623,51.12303],[-114.29319,51.12672],[-114.2866,51.1269],[-114.28306,51.1234],[-114.28609,51.11972],[-114.29041,51.1196],[-114.29042,51.1196]]]]}},{"type":"Feature","properties":{"id":230,"name":"Haskayne","structure":"BUILDING OUT","special":false,"revenue":846,"m2_sampled":0,"m2_local":0,"m2_shared":0},"geometry":{"type":"MultiPolygon","coordinates":[[[[-114.28965,51.11334],[-114.28952,51.11374],[-114.28936,51.11414],[-114.28886,51.11528],[-114.28873,51.11564],[-114.28866,51.116],[-114.28865,51.11636],[-114.28869,51.11673],[-114.28879,51.11708],[-114.28895,51.11743],[-114.28983,51.11907],[-114.28984,51.11907],[-114.28989,51.1191],[-114.28994,51.11918],[-114.29001,51.11925],[-114.29004,51.11929],[-114.29019,51.11945],[-114.29041,51.1196],[-114.28609,51.11972],[-114.28255,51.11622],[-114.28558,51.11254],[-114.2899,51.11242],[-114.28965,51.11334]]]]}},{"type":"Feature","properties":{"id":231,"name":"Haskayne","structure":"BUILDING OUT","special":false,"revenue":43915,"m2_sampled":0,"m2_local":0,"m2_shared":0},"geometry":{"type":"MultiPolygon","coordinates":[[[[-114.28727,51.1053],[-114.28729,51.1053],[-114.2873,51.10532],[-114.28735,51.10535],[-114.28744,51.10538],[-114.28751,51.10542],[-114.28757,51.10546],[-114.28762,51.10548],[-114.28767,51.10551],[-114.28773,51.10554],[-114.28778,51.10559],[-114.28786,51.10562],[-114.28792,51.10566],[-114.28795,51.10568],[-114.28797,51.10571],[-114.28805,51.10575],[-114.28811,51.10579],[-114.28818,51.10584],[-114.28836,51.10598],[-114.28846,51.10606],[-114.28854,51.10614],[-114.28872,51.10628],[-114.28888,51.10644],[-114.28896,51.10651],[-114.2891,51.10667],[-114.28923,51.10684],[-114.28929,51.10692],[-114.2894,51.10709],[-114.28949,51.10727],[-114.28962,51.10753],[-114.28973,51.1078],[-114.28978,51.10788],[-114.28981,51.10798],[-114.28985,51.10807],[-114.28987,51.10816],[-114.28993,51.10834],[-114.28998,51.10852],[-114.29005,51.1087],[-114.29009,51.10888],[-114.29012,51.10906],[-114.29012,51.1091],[-114.29017,51.1093],[-114.29021,51.1095],[-114.29027,51.10984],[-114.29031,51.1102],[-114.29032,51.11056],[-114.29028,51.11096],[-114.29019,51.11136],[-114.2899,51.11242],[-114.28558,51.11254],[-114.28204,51.10904],[-114.28508,51.10535],[-114.28726,51.10529],[-114.28727,51.1053]]]]}},{"type":"Feature","properties":{"id":232,"name":"Haskayne","structure":"BUILDING OUT","special":false,"revenue":69,"m2_sampled":0,"m2_local":0,"m2_shared":0},"geometry":{"type":"MultiPolygon","coordinates":[[[[-114.2827,51.10298],[-114.28278,51.10303],[-114.28289,51.10309],[-114.28311,51.1032],[-114.28332,51.1033],[-114.28338,51.10335],[-114.2834,51.10338],[-114.2835,51.10339],[-114.28362,51.10345],[-114.28373,51.10352],[-114.28396,51.10365],[-114.28408,51.10371],[-114.28426,51.10383],[-114.28451,51.10389],[-114.28478,51.104],[-114.28501,51.10409],[-114.28516,51.10417],[-114.28532,51.10431],[-114.28543,51.10447],[-114.28549,51.10453],[-114.28556,51.10457],[-114.28563,51.10461],[-114.28573,51.10464],[-114.28584,51.10468],[-114.28594,51.10472],[-114.28598,51.10474],[-114.28604,51.10476],[-114.28615,51.10481],[-114.28622,51.10483],[-114.28631,51.10486],[-114.28641,51.10491],[-114.28649,51.10494],[-114.28657,51.10498],[-114.28665,51.105],[-114.28668,51.10502],[-114.28672,51.10504],[-114.28675,51.10505],[-114.28679,51.10507],[-114.28683,51.10509],[-114.28687,51.1051],[-114.28692,51.10513],[-114.28698,51.10515],[-114.28703,51.10518],[-114.28709,51.10521],[-114.28714,51.10523],[-114.28718,51.10525],[-114.28722,51.10527],[-114.28726,51.10529],[-114.28508,51.10535],[-114.2826,51.10292],[-114.2827,51.10298]]],[[[-114.28242,51.10132],[-114.2825,51.10134],[-114.28249,51.10135],[-114.28247,51.10138],[-114.28245,51.10162],[-114.2826,51.10162],[-114.28263,51.10168],[-114.28264,51.10179],[-114.28262,51.10185],[-114.28258,51.10214],[-114.28256,51.10233],[-114.28255,51.10251],[-114.28252,51.10273],[-114.2825,51.10282],[-114.28153,51.10186],[-114.28207,51.1012],[-114.28242,51.10132]]]]}},{"type":"Feature","properties":{"id":233,"name":"01h","structure":"OTHER","special":true,"revenue":14815,"m2_sampled":0,"m2_local":0,"m2_shared":0},"geometry":{"type":"MultiPolygon","coordinates":[[[[-114.29232,51.09595],[-114.29229,51.09613],[-114.28777,51.09613],[-114.28562,51.09613],[-114.28249,51.09612],[-114.28102,51.09467],[-114.28406,51.09099],[-114.29064,51.09081],[-114.29232,51.09246],[-114.29232,51.09595]]]]}},{"type":"Feature","properties":{"id":234,"name":"Crestmont","structure":"2000s","special":false,"revenue":54242,"m2_sampled":0,"m2_local":0,"m2_shared":16497},"geometry":{"type":"MultiPolygon","coordinates":[[[[-114.29232,51.08821],[-114.29232,51.08861],[-114.29232,51.08877],[-114.29064,51.09081],[-114.28406,51.09099],[-114.28051,51.08749],[-114.28355,51.08381],[-114.29013,51.08362],[-114.29232,51.08578],[-114.29232,51.08821]]]]}},{"type":"Feature","properties":{"id":235,"name":"Crestmont","structure":"2000s","special":false,"revenue":240,"m2_sampled":0,"m2_local":7435,"m2_shared":0},"geometry":{"type":"MultiPolygon","coordinates":[[[[-114.28148,51.0815],[-114.29187,51.08151],[-114.29013,51.08362],[-114.28355,51.08381],[-114.28121,51.0815],[-114.28148,51.0815]]]]}},{"type":"Feature","properties":{"id":282,"name":"Haskayne","structure":"BUILDING OUT","special":false,"revenue":348,"m2_sampled":1859,"m2_local":143,"m2_shared":0},"geometry":{"type":"MultiPolygon","coordinates":[[[[-114.28525,51.12633],[-114.28453,51.12575],[-114.28339,51.12535],[-114.28097,51.12535],[-114.28054,51.12535],[-114.28054,51.12519],[-114.28054,51.12501],[-114.28039,51.12501],[-114.28039,51.12348],[-114.28306,51.1234],[-114.2866,51.1269],[-114.28595,51.12769],[-114.28525,51.12633]]]]}},{"type":"Feature","properties":{"id":283,"name":"Haskayne","structure":"BUILDING OUT","special":false,"revenue":1522,"m2_sampled":5714,"m2_local":0,"m2_shared":0},"geometry":{"type":"MultiPolygon","coordinates":[[[[-114.28039,51.12203],[-114.28039,51.11783],[-114.28054,51.11783],[-114.28054,51.11756],[-114.28054,51.11628],[-114.28255,51.11622],[-114.28609,51.11972],[-114.28306,51.1234],[-114.28039,51.12348],[-114.28039,51.12203]]]]}},{"type":"Feature","properties":{"id":284,"name":"Haskayne","structure":"BUILDING OUT","special":false,"revenue":125288,"m2_sampled":2895,"m2_local":0,"m2_shared":0},"geometry":{"type":"MultiPolygon","coordinates":[[[[-114.27401,51.11158],[-114.27401,51.11096],[-114.27545,51.10922],[-114.28204,51.10904],[-114.28558,51.11254],[-114.28255,51.11622],[-114.28054,51.11628],[-114.28054,51.11453],[-114.2772,51.11454],[-114.27406,51.11454],[-114.27401,51.11449],[-114.27401,51.11158]]]]}},{"type":"Feature","properties":{"id":285,"name":"Haskayne","structure":"BUILDING OUT","special":false,"revenue":1206471,"m2_sampled":30799,"m2_local":0,"m2_shared":0},"geometry":{"type":"MultiPolygon","coordinates":[[[[-114.2825,51.10283],[-114.28257,51.1029],[-114.2826,51.10292],[-114.28508,51.10535],[-114.28204,51.10904],[-114.27545,51.10922],[-114.2719,51.10572],[-114.27494,51.10204],[-114.28153,51.10186],[-114.2825,51.10282],[-114.2825,51.10283]]]]}},{"type":"Feature","properties":{"id":286,"name":"01h","structure":"OTHER","special":true,"revenue":3513,"m2_sampled":0,"m2_local":0,"m2_shared":0},"geometry":{"type":"MultiPolygon","coordinates":[[[[-114.28083,51.09612],[-114.28083,51.09822],[-114.28083,51.09953],[-114.28083,51.1006],[-114.28083,51.10129],[-114.28095,51.10126],[-114.28105,51.10121],[-114.28127,51.10122],[-114.28149,51.10122],[-114.28171,51.10127],[-114.28181,51.10125],[-114.28192,51.10123],[-114.28196,51.10123],[-114.28201,51.10117],[-114.28203,51.10118],[-114.28207,51.1012],[-114.28153,51.10186],[-114.27494,51.10204],[-114.27139,51.09854],[-114.27443,51.09486],[-114.28102,51.09467],[-114.28249,51.09612],[-114.28083,51.09612]]]]}},{"type":"Feature","properties":{"id":287,"name":"01h","structure":"OTHER","special":true,"revenue":260781,"m2_sampled":2167,"m2_local":193,"m2_shared":13039},"geometry":{"type":"MultiPolygon","coordinates":[[[[-114.28406,51.09099],[-114.28102,51.09467],[-114.27443,51.09486],[-114.27089,51.09136],[-114.27393,51.08768],[-114.28051,51.08749],[-114.28406,51.09099]]]]}},{"type":"Feature","properties":{"id":288,"name":"Crestmont","structure":"2000s","special":false,"revenue":828470,"m2_sampled":14530,"m2_local":9122,"m2_shared":0},"geometry":{"type":"MultiPolygon","coordinates":[[[[-114.28048,51.0815],[-114.28084,51.0815],[-114.28121,51.0815],[-114.28355,51.08381],[-114.28051,51.08749],[-114.27393,51.08768],[-114.27038,51.08418],[-114.27257,51.08152],[-114.28048,51.0815]]]]}},{"type":"Feature","properties":{"id":337,"name":"01f","structure":"UNDEVELOPED","special":true,"revenue":0,"m2_sampled":0,"m2_local":0,"m2_shared":0},"geometry":{"type":"MultiPolygon","coordinates":[[[[-114.26907,51.12111],[-114.26907,51.12271],[-114.26894,51.12271],[-114.26685,51.12271],[-114.26681,51.12271],[-114.26471,51.12271],[-114.26471,51.12288],[-114.26471,51.12379],[-114.26471,51.12433],[-114.26471,51.12488],[-114.26471,51.12496],[-114.26443,51.12496],[-114.26443,51.12488],[-114.26443,51.12416],[-114.26443,51.12386],[-114.26443,51.12381],[-114.26443,51.12358],[-114.26443,51.12311],[-114.26399,51.12311],[-114.26633,51.12027],[-114.26907,51.1202],[-114.26907,51.12111]]]]}},{"type":"Feature","properties":{"id":338,"name":"01f","structure":"UNDEVELOPED","special":true,"revenue":41867,"m2_sampled":1280,"m2_local":0,"m2_shared":0},"geometry":{"type":"MultiPolygon","coordinates":[[[[-114.26683,51.11994],[-114.26894,51.11995],[-114.26907,51.11995],[-114.26907,51.1202],[-114.26633,51.12027],[-114.266,51.11994],[-114.26683,51.11994]]],[[[-114.26341,51.11653],[-114.26421,51.11635],[-114.26471,51.11624],[-114.26471,51.11654],[-114.26471,51.11723],[-114.26471,51.11725],[-114.26471,51.11778],[-114.26471,51.11833],[-114.26471,51.11868],[-114.26278,51.11677],[-114.26289,51.11664],[-114.26341,51.11653]]],[[[-114.26907,51.11493],[-114.26907,51.11512],[-114.26907,51.11521],[-114.26907,51.11565],[-114.26907,51.11608],[-114.26907,51.11662],[-114.26894,51.11661],[-114.26893,51.11659],[-114.26893,51.11658],[-114.26892,51.11656],[-114.26884,51.11638],[-114.26874,51.1162],[-114.26862,51.11603],[-114.26847,51.11587],[-114.2683,51.11572],[-114.26811,51.11558],[-114.2679,51.11545],[-114.26768,51.11533],[-114.26739,51.1152],[-114.26709,51.1151],[-114.26677,51.11501],[-114.26673,51.115],[-114.26668,51.11499],[-114.26664,51.11498],[-114.26635,51.11493],[-114.26606,51.1149],[-114.26577,51.11488],[-114.26547,51.11488],[-114.26513,51.11489],[-114.2648,51.11493],[-114.26447,51.11499],[-114.26436,51.11502],[-114.26421,51.11505],[-114.26582,51.11309],[-114.26907,51.113],[-114.26907,51.11493]]],[[[-114.27401,51.11454],[-114.27401,51.11449],[-114.27406,51.11454],[-114.27401,51.11454]]]]}},{"type":"Feature","properties":{"id":339,"name":"Haskayne","structure":"BUILDING OUT","special":false,"revenue":1420833,"m2_sampled":33236,"m2_local":9589,"m2_shared":0},"geometry":{"type":"MultiPolygon","coordinates":[[[[-114.27401,51.11056],[-114.27144,51.11056],[-114.26907,51.11056],[-114.26907,51.113],[-114.26582,51.11309],[-114.26228,51.10959],[-114.26532,51.10591],[-114.2719,51.10572],[-114.27545,51.10922],[-114.27401,51.11096],[-114.27401,51.11056]]]]}},{"type":"Feature","properties":{"id":340,"name":"Haskayne","structure":"BUILDING OUT","special":false,"revenue":819940,"m2_sampled":18350,"m2_local":0,"m2_shared":0},"geometry":{"type":"MultiPolygon","coordinates":[[[[-114.27494,51.10204],[-114.2719,51.10572],[-114.26532,51.10591],[-114.26177,51.10241],[-114.26481,51.09873],[-114.27139,51.09854],[-114.27494,51.10204]]]]}},{"type":"Feature","properties":{"id":341,"name":"Valley Ridge","structure":"2000s","special":false,"revenue":1006244,"m2_sampled":22188,"m2_local":6368,"m2_shared":0},"geometry":{"type":"MultiPolygon","coordinates":[[[[-114.27443,51.09486],[-114.27139,51.09854],[-114.26481,51.09873],[-114.26126,51.09523],[-114.2643,51.09154],[-114.27089,51.09136],[-114.27443,51.09486]]]]}},{"type":"Feature","properties":{"id":342,"name":"Crestmont","structure":"2000s","special":false,"revenue":2069106,"m2_sampled":31277,"m2_local":8792,"m2_shared":18315},"geometry":{"type":"MultiPolygon","coordinates":[[[[-114.27393,51.08768],[-114.27089,51.09136],[-114.2643,51.09154],[-114.26076,51.08805],[-114.2638,51.08436],[-114.27038,51.08418],[-114.27393,51.08768]]]]}},{"type":"Feature","properties":{"id":343,"name":"Crestmont","structure":"2000s","special":false,"revenue":979398,"m2_sampled":26623,"m2_local":0,"m2_shared":0},"geometry":{"type":"MultiPolygon","coordinates":[[[[-114.26167,51.07934],[-114.26497,51.0809],[-114.26706,51.0809],[-114.26706,51.07962],[-114.2672,51.07903],[-114.26806,51.0796],[-114.2691,51.07979],[-114.26909,51.08153],[-114.27257,51.08152],[-114.27038,51.08418],[-114.2638,51.08436],[-114.26025,51.08086],[-114.26152,51.07933],[-114.26167,51.07934]]]]}},{"type":"Feature","properties":{"id":386,"name":"Rocky Ridge","structure":"2000s","special":false,"revenue":0,"m2_sampled":0,"m2_local":0,"m2_shared":0},"geometry":{"type":"MultiPolygon","coordinates":[[[[-114.25763,51.15422],[-114.2576,51.15422],[-114.25763,51.15419],[-114.25763,51.15422]]]]}},{"type":"Feature","properties":{"id":387,"name":"Rocky Ridge","structure":"2000s","special":false,"revenue":188639,"m2_sampled":899,"m2_local":2396,"m2_shared":12380},"geometry":{"type":"MultiPolygon","coordinates":[[[[-114.25762,51.14683],[-114.25762,51.15123],[-114.25763,51.1515],[-114.25763,51.15179],[-114.25517,51.14937],[-114.25762,51.14641],[-114.25762,51.14683]]]]}},{"type":"Feature","properties":{"id":388,"name":"Tuscany","structure":"2000s","special":false,"revenue":79102,"m2_sampled":226,"m2_local":12778,"m2_shared":15088},"geometry":{"type":"MultiPolygon","coordinates":[[[[-114.25762,51.13933],[-114.25762,51.13961],[-114.25762,51.1435],[-114.25762,51.1441],[-114.25762,51.14443],[-114.25762,51.1451],[-114.25467,51.14219],[-114.25762,51.13861],[-114.25762,51.13933]]]]}},{"type":"Feature","properties":{"id":389,"name":"Tuscany","structure":"2000s","special":false,"revenue":244875,"m2_sampled":5202,"m2_local":12509,"m2_shared":0},"geometry":{"type":"MultiPolygon","coordinates":[[[[-114.25761,51.13239],[-114.25761,51.13262],[-114.25761,51.13362],[-114.25761,51.13431],[-114.25761,51.13492],[-114.25761,51.13515],[-114.25761,51.13573],[-114.25762,51.13674],[-114.25762,51.13705],[-114.25762,51.13774],[-114.25762,51.13841],[-114.25416,51.13501],[-114.2572,51.13132],[-114.25761,51.13131],[-114.25761,51.13239]]]]}},{"type":"Feature","properties":{"id":390,"name":"Tuscany","structure":"2000s","special":false,"revenue":408498,"m2_sampled":8752,"m2_local":9574,"m2_shared":0},"geometry":{"type":"MultiPolygon","coordinates":[[[[-114.25768,51.12472],[-114.25768,51.12488],[-114.25768,51.12496],[-114.25768,51.12519],[-114.25761,51.12519],[-114.25761,51.13131],[-114.2572,51.13132],[-114.25366,51.12782],[-114.2567,51.12414],[-114.25768,51.12411],[-114.25768,51.12472]]]]}},{"type":"Feature","properties":{"id":391,"name":"01f","structure":"UNDEVELOPED","special":true,"revenue":981541,"m2_sampled":18287,"m2_local":12208,"m2_shared":0},"geometry":{"type":"MultiPolygon","coordinates":[[[[-114.26344,51.12311],[-114.26344,51.12271],[-114.26206,51.12271],[-114.26097,51.12271],[-114.25987,51.12271],[-114.25878,51.12271],[-114.25768,51.12271],[-114.25768,51.12411],[-114.2567,51.12414],[-114.25315,51.12064],[-114.25619,51.11696],[-114.26086,51.11683],[-114.26092,51.11684],[-114.26122,51.11685],[-114.26153,51.11685],[-114.26183,51.11683],[-114.26213,51.1168],[-114.26216,51.11679],[-114.26278,51.11677],[-114.26471,51.11868],[-114.26471,51.11888],[-114.26471,51.11978],[-114.26471,51.11994],[-114.266,51.11994],[-114.26633,51.12027],[-114.26399,51.12311],[-114.26344,51.12311]]]]}},{"type":"Feature","properties":{"id":392,"name":"01f","structure":"UNDEVELOPED","special":true,"revenue":691444,"m2_sampled":18013,"m2_local":573,"m2_shared":0},"geometry":{"type":"MultiPolygon","coordinates":[[[[-114.26242,51.11674],[-114.26261,51.1167],[-114.26289,51.11664],[-114.26278,51.11677],[-114.26216,51.11679],[-114.26242,51.11674]]],[[[-114.26357,51.11519],[-114.26277,51.11536],[-114.26197,51.11554],[-114.26178,51.11558],[-114.26168,51.1156],[-114.26158,51.11561],[-114.26147,51.11562],[-114.26146,51.11562],[-114.26144,51.11562],[-114.26143,51.11562],[-114.26142,51.11562],[-114.26141,51.11562],[-114.26141,51.11562],[-114.26129,51.11562],[-114.26118,51.11561],[-114.26107,51.1156],[-114.26096,51.11558],[-114.26086,51.11556],[-114.26077,51.11553],[-114.26068,51.1155],[-114.26057,51.11546],[-114.26046,51.11542],[-114.26035,51.11538],[-114.26003,51.11528],[-114.25971,51.1152],[-114.25937,51.11514],[-114.25885,51.11633],[-114.25906,51.11637],[-114.25925,51.11642],[-114.25944,51.11647],[-114.25951,51.1165],[-114.25958,51.11652],[-114.25964,51.11654],[-114.25987,51.11662],[-114.2601,51.11669],[-114.26034,51.11675],[-114.26063,51.1168],[-114.26086,51.11683],[-114.25619,51.11696],[-114.25265,51.11346],[-114.25569,51.10978],[-114.26228,51.10959],[-114.26582,51.11309],[-114.26421,51.11505],[-114.26357,51.11519]]]]}},{"type":"Feature","properties":{"id":393,"name":"Haskayne","structure":"BUILDING OUT","special":false,"revenue":521186,"m2_sampled":6148,"m2_local":17812,"m2_shared":0},"geometry":{"type":"MultiPolygon","coordinates":[[[[-114.26532,51.10591],[-114.26228,51.10959],[-114.25569,51.10978],[-114.25214,51.10628],[-114.25518,51.10259],[-114.26177,51.10241],[-114.26532,51.10591]]]]}},{"type":"Feature","properties":{"id":394,"name":"Valley Ridge","structure":"2000s","special":false,"revenue":567857,"m2_sampled":19629,"m2_local":4733,"m2_shared":0},"geometry":{"type":"MultiPolygon","coordinates":[[[[-114.26481,51.09873],[-114.26177,51.10241],[-114.25518,51.10259],[-114.25164,51.09909],[-114.25468,51.09541],[-114.26126,51.09523],[-114.26481,51.09873]]]]}},{"type":"Feature","properties":{"id":395,"name":"Valley Ridge","structure":"2000s","special":false,"revenue":1280329,"m2_sampled":33918,"m2_local":15949,"m2_shared":21704},"geometry":{"type":"MultiPolygon","coordinates":[[[[-114.2643,51.09154],[-114.26126,51.09523],[-114.25468,51.09541],[-114.25113,51.09191],[-114.25417,51.08823],[-114.26076,51.08805],[-114.2643,51.09154]]]]}},{"type":"Feature","properties":{"id":396,"name":"Crestmont","structure":"2000s","special":false,"revenue":582282,"m2_sampled":17028,"m2_local":8024,"m2_shared":0},"geometry":{"type":"MultiPolygon","coordinates":[[[[-114.25336,51.08155],[-114.25733,51.08154],[-114.25763,51.08155],[-114.25829,51.08155],[-114.25829,51.08092],[-114.26025,51.08086],[-114.2638,51.08436],[-114.26076,51.08805],[-114.25417,51.08823],[-114.25063,51.08473],[-114.25326,51.08155],[-114.25336,51.08155]]]]}},{"type":"Feature","properties":{"id":397,"name":"Crestmont","structure":"2000s","special":false,"revenue":0,"m2_sampled":0,"m2_local":0,"m2_shared":0},"geometry":{"type":"MultiPolygon","coordinates":[[[[-114.25829,51.07881],[-114.25959,51.07919],[-114.26152,51.07933],[-114.26025,51.08086],[-114.25829,51.08092],[-114.25829,51.07881]]]]}},{"type":"Feature","properties":{"id":441,"name":"Rocky Ridge","structure":"2000s","special":false,"revenue":1183531,"m2_sampled":34688,"m2_local":11005,"m2_shared":16990},"geometry":{"type":"MultiPolygon","coordinates":[[[[-114.25727,51.15422],[-114.25457,51.15422],[-114.24654,51.15423],[-114.24554,51.15324],[-114.24858,51.14955],[-114.25517,51.14937],[-114.25763,51.15179],[-114.25763,51.15402],[-114.25763,51.15404],[-114.25763,51.15419],[-114.2576,51.15422],[-114.25727,51.15422]]]]}},{"type":"Feature","properties":{"id":442,"name":"Rocky Ridge","structure":"2000s","special":false,"revenue":2200402,"m2_sampled":40779,"m2_local":23098,"m2_shared":11189},"geometry":{"type":"MultiPolygon","coordinates":[[[[-114.25762,51.14641],[-114.25517,51.14937],[-114.24858,51.14955],[-114.24503,51.14605],[-114.24808,51.14237],[-114.25467,51.14219],[-114.25762,51.1451],[-114.25762,51.14641]]]]}},{"type":"Feature","properties":{"id":443,"name":"Tuscany","structure":"2000s","special":false,"revenue":1750504,"m2_sampled":36386,"m2_local":1781,"m2_shared":18120},"geometry":{"type":"MultiPolygon","coordinates":[[[[-114.25762,51.13861],[-114.25467,51.14219],[-114.24808,51.14237],[-114.24453,51.13887],[-114.24757,51.13519],[-114.25416,51.13501],[-114.25762,51.13841],[-114.25762,51.13861]]]]}},{"type":"Feature","properties":{"id":444,"name":"Tuscany","structure":"2000s","special":false,"revenue":2305505,"m2_sampled":57976,"m2_local":17086,"m2_shared":0},"geometry":{"type":"MultiPolygon","coordinates":[[[[-114.2572,51.13132],[-114.25416,51.13501],[-114.24757,51.13519],[-114.24402,51.13169],[-114.24707,51.12801],[-114.25366,51.12782],[-114.2572,51.13132]]]]}},{"type":"Feature","properties":{"id":445,"name":"Tuscany","structure":"2000s","special":false,"revenue":2839240,"m2_sampled":50727,"m2_local":34058,"m2_shared":0},"geometry":{"type":"MultiPolygon","coordinates":[[[[-114.2567,51.12414],[-114.25366,51.12782],[-114.24707,51.12801],[-114.24352,51.12451],[-114.24656,51.12082],[-114.25315,51.12064],[-114.2567,51.12414]]]]}},{"type":"Feature","properties":{"id":446,"name":"Tuscany","structure":"2000s","special":false,"revenue":1914414,"m2_sampled":46263,"m2_local":28505,"m2_shared":0},"geometry":{"type":"MultiPolygon","coordinates":[[[[-114.25619,51.11696],[-114.25315,51.12064],[-114.24656,51.12082],[-114.24302,51.11732],[-114.24606,51.11364],[-114.25265,51.11346],[-114.25619,51.11696]]]]}},{"type":"Feature","properties":{"id":447,"name":"Tuscany","structure":"2000s","special":false,"revenue":921964,"m2_sampled":20504,"m2_local":27062,"m2_shared":0},"geometry":{"type":"MultiPolygon","coordinates":[[[[-114.25569,51.10978],[-114.25265,51.11346],[-114.24606,51.11364],[-114.24251,51.11014],[-114.24556,51.10646],[-114.25214,51.10628],[-114.25569,51.10978]]]]}},{"type":"Feature","properties":{"id":448,"name":"01b","structure":"UNDEVELOPED","special":true,"revenue":50385,"m2_sampled":0,"m2_local":0,"m2_shared":0},"geometry":{"type":"MultiPolygon","coordinates":[[[[-114.25518,51.10259],[-114.25214,51.10628],[-114.24556,51.10646],[-114.24201,51.10296],[-114.24505,51.09928],[-114.25164,51.09909],[-114.25518,51.10259]]]]}},{"type":"Feature","properties":{"id":449,"name":"Valley Ridge","structure":"2000s","special":false,"revenue":766563,"m2_sampled":27683,"m2_local":19312,"m2_shared":0},"geometry":{"type":"MultiPolygon","coordinates":[[[[-114.25468,51.09541],[-114.25164,51.09909],[-114.24505,51.09928],[-114.24151,51.09578],[-114.24455,51.09209],[-114.25113,51.09191],[-114.25468,51.09541]]]]}},{"type":"Feature","properties":{"id":450,"name":"Crestmont","structure":"2000s","special":false,"revenue":675371,"m2_sampled":7716,"m2_local":30063,"m2_shared":70389},"geometry":{"type":"MultiPolygon","coordinates":[[[[-114.25417,51.08823],[-114.25113,51.09191],[-114.24455,51.09209],[-114.241,51.0886],[-114.24405,51.08491],[-114.25063,51.08473],[-114.25417,51.08823]]]]}},{"type":"Feature","properties":{"id":451,"name":"Crestmont","structure":"2000s","special":false,"revenue":30940,"m2_sampled":1497,"m2_local":6780,"m2_shared":0},"geometry":{"type":"MultiPolygon","coordinates":[[[[-114.24188,51.08154],[-114.24587,51.08153],[-114.25307,51.08155],[-114.25326,51.08155],[-114.25063,51.08473],[-114.24405,51.08491],[-114.24063,51.08154],[-114.24188,51.08154]]]]}},{"type":"Feature","properties":{"id":494,"name":"Rocky Ridge","structure":"2000s","special":false,"revenue":151830,"m2_sampled":3224,"m2_local":0,"m2_shared":10792},"geometry":{"type":"MultiPolygon","coordinates":[[[[-114.24588,51.15423],[-114.23826,51.15424],[-114.23894,51.15342],[-114.24554,51.15324],[-114.24654,51.15423],[-114.24588,51.15423]]]]}},{"type":"Feature","properties":{"id":495,"name":"Rocky Ridge","structure":"2000s","special":false,"revenue":2118838,"m2_sampled":46415,"m2_local":0,"m2_shared":0},"geometry":{"type":"MultiPolygon","coordinates":[[[[-114.24858,51.14955],[-114.24554,51.15324],[-114.23894,51.15342],[-114.23539,51.14992],[-114.23844,51.14624],[-114.24503,51.14605],[-114.24858,51.14955]]]]}},{"type":"Feature","properties":{"id":496,"name":"Rocky Ridge","structure":"2000s","special":false,"revenue":2248979,"m2_sampled":48157,"m2_local":16932,"m2_shared":0},"geometry":{"type":"MultiPolygon","coordinates":[[[[-114.24808,51.14237],[-114.24503,51.14605],[-114.23844,51.14624],[-114.23489,51.14274],[-114.23794,51.13905],[-114.24453,51.13887],[-114.24808,51.14237]]]]}},{"type":"Feature","properties":{"id":497,"name":"Tuscany","structure":"2000s","special":false,"revenue":2079458,"m2_sampled":45391,"m2_local":0,"m2_shared":17707},"geometry":{"type":"MultiPolygon","coordinates":[[[[-114.24757,51.13519],[-114.24453,51.13887],[-114.23794,51.13905],[-114.23439,51.13555],[-114.23743,51.13187],[-114.24402,51.13169],[-114.24757,51.13519]]]]}},{"type":"Feature","properties":{"id":498,"name":"Tuscany","structure":"2000s","special":false,"revenue":1740698,"m2_sampled":55761,"m2_local":13037,"m2_shared":0},"geometry":{"type":"MultiPolygon","coordinates":[[[[-114.24707,51.12801],[-114.24402,51.13169],[-114.23743,51.13187],[-114.23389,51.12837],[-114.23693,51.12469],[-114.24352,51.12451],[-114.24707,51.12801]]]]}},{"type":"Feature","properties":{"id":499,"name":"Tuscany","structure":"2000s","special":false,"revenue":1700853,"m2_sampled":42672,"m2_local":14509,"m2_shared":0},"geometry":{"type":"MultiPolygon","coordinates":[[[[-114.24656,51.12082],[-114.24352,51.12451],[-114.23693,51.12469],[-114.23338,51.12119],[-114.23643,51.11751],[-114.24302,51.11732],[-114.24656,51.12082]]]]}},{"type":"Feature","properties":{"id":500,"name":"Tuscany","structure":"2000s","special":false,"revenue":2202824,"m2_sampled":59645,"m2_local":0,"m2_shared":0},"geometry":{"type":"MultiPolygon","coordinates":[[[[-114.24606,51.11364],[-114.24302,51.11732],[-114.23643,51.11751],[-114.23288,51.11401],[-114.23593,51.11032],[-114.24251,51.11014],[-114.24606,51.11364]]]]}},{"type":"Feature","properties":{"id":501,"name":"01b","structure":"UNDEVELOPED","special":true,"revenue":765256,"m2_sampled":3371,"m2_local":24161,"m2_shared":0},"geometry":{"type":"MultiPolygon","coordinates":[[[[-114.24556,51.10646],[-114.24251,51.11014],[-114.23593,51.11032],[-114.23238,51.10682],[-114.23542,51.10314],[-114.24201,51.10296],[-114.24556,51.10646]]]]}},{"type":"Feature","properties":{"id":502,"name":"01b","structure":"UNDEVELOPED","special":true,"revenue":81100,"m2_sampled":0,"m2_local":0,"m2_shared":0},"geometry":{"type":"MultiPolygon","coordinates":[[[[-114.24505,51.09928],[-114.24201,51.10296],[-114.23542,51.10314],[-114.23188,51.09964],[-114.23492,51.09596],[-114.24151,51.09578],[-114.24505,51.09928]]]]}},{"type":"Feature","properties":{"id":503,"name":"Valley Ridge","structure":"2000s","special":false,"revenue":1183623,"m2_sampled":29492,"m2_local":3421,"m2_shared":2147},"geometry":{"type":"MultiPolygon","coordinates":[[[[-114.24455,51.09209],[-114.24151,51.09578],[-114.23492,51.09596],[-114.23138,51.09246],[-114.23442,51.08878],[-114.241,51.0886],[-114.24455,51.09209]]]]}},{"type":"Feature","properties":{"id":504,"name":"01c","structure":"OTHER","special":true,"revenue":76161,"m2_sampled":14081,"m2_local":0,"m2_shared":13130},"geometry":{"type":"MultiPolygon","coordinates":[[[[-114.24063,51.08154],[-114.24405,51.08491],[-114.241,51.0886],[-114.23442,51.08878],[-114.23088,51.08528],[-114.23392,51.0816],[-114.23658,51.08152],[-114.24063,51.08154]]]]}},{"type":"Feature","properties":{"id":505,"name":"06b","structure":"UNDEVELOPED","special":true,"revenue":3033,"m2_sampled":0,"m2_local":0,"m2_shared":0},"geometry":{"type":"MultiPolygon","coordinates":[[[[-114.23436,51.08151],[-114.23658,51.08152],[-114.23392,51.0816],[-114.23038,51.0781],[-114.23342,51.07441],[-114.23436,51.07439],[-114.23436,51.08151]]]]}},{"type":"Feature","properties":{"id":506,"name":"06a","structure":"OTHER","special":true,"revenue":24022,"m2_sampled":0,"m2_local":0,"m2_shared":0},"geometry":{"type":"MultiPolygon","coordinates":[[[[-114.23436,51.07431],[-114.23436,51.07439],[-114.23342,51.07441],[-114.22988,51.07091],[-114.23292,51.06723],[-114.23435,51.06719],[-114.23436,51.07431]]]]}},{"type":"Feature","properties":{"id":507,"name":"06a","structure":"OTHER","special":true,"revenue":332968,"m2_sampled":0,"m2_local":8588,"m2_shared":3151},"geometry":{"type":"MultiPolygon","coordinates":[[[[-114.23434,51.06043],[-114.23442,51.06048],[-114.23442,51.06686],[-114.23435,51.06686],[-114.23435,51.06708],[-114.23435,51.06719],[-114.23292,51.06723],[-114.22938,51.06373],[-114.23242,51.06005],[-114.23434,51.05999],[-114.23434,51.06043]]]]}},{"type":"Feature","properties":{"id":508,"name":"06a","structure":"OTHER","special":true,"revenue":56873,"m2_sampled":131,"m2_local":8809,"m2_shared":0},"geometry":{"type":"MultiPolygon","coordinates":[[[[-114.23442,51.05304],[-114.23442,51.05367],[-114.23442,51.05435],[-114.23442,51.05463],[-114.23442,51.0574],[-114.23442,51.0599],[-114.23434,51.05985],[-114.23434,51.05999],[-114.23242,51.06005],[-114.22888,51.05655],[-114.23192,51.05287],[-114.23442,51.0528],[-114.23442,51.05304]]]]}},{"type":"Feature","properties":{"id":509,"name":"06a","structure":"OTHER","special":true,"revenue":52510,"m2_sampled":0,"m2_local":12775,"m2_shared":0},"geometry":{"type":"MultiPolygon","coordinates":[[[[-114.23435,51.05243],[-114.23442,51.05243],[-114.23442,51.0528],[-114.23192,51.05287],[-114.22838,51.04937],[-114.23142,51.04568],[-114.23432,51.0456],[-114.23435,51.05243]]]]}},{"type":"Feature","properties":{"id":510,"name":"06a","structure":"OTHER","special":true,"revenue":56258,"m2_sampled":0,"m2_local":4628,"m2_shared":5755},"geometry":{"type":"MultiPolygon","coordinates":[[[[-114.23432,51.04348],[-114.23432,51.0452],[-114.23432,51.0456],[-114.23142,51.04568],[-114.22788,51.04218],[-114.23092,51.0385],[-114.23433,51.03841],[-114.23432,51.04348]]]]}},{"type":"Feature","properties":{"id":511,"name":"Springbank Hill","structure":"BUILDING OUT","special":false,"revenue":126572,"m2_sampled":7445,"m2_local":0,"m2_shared":0},"geometry":{"type":"MultiPolygon","coordinates":[[[[-114.2344,51.03685],[-114.2344,51.03772],[-114.23433,51.03772],[-114.23433,51.03794],[-114.23433,51.03841],[-114.23092,51.0385],[-114.22738,51.035],[-114.23042,51.03132],[-114.2344,51.03121],[-114.2344,51.03685]]]]}},{"type":"Feature","properties":{"id":512,"name":"Springbank Hill","structure":"BUILDING OUT","special":false,"revenue":64045,"m2_sampled":0,"m2_local":0,"m2_shared":0},"geometry":{"type":"MultiPolygon","coordinates":[[[[-114.23388,51.02497],[-114.23403,51.02497],[-114.23403,51.026],[-114.23403,51.02689],[-114.23403,51.02842],[-114.23403,51.0285],[-114.23403,51.02881],[-114.23432,51.02904],[-114.23432,51.02926],[-114.23432,51.03057],[-114.2344,51.03056],[-114.2344,51.03121],[-114.23042,51.03132],[-114.22688,51.02782],[-114.22992,51.02414],[-114.23388,51.02403],[-114.23388,51.02497]]]]}},{"type":"Feature","properties":{"id":513,"name":"Discovery Ridge","structure":"2000s","special":false,"revenue":283250,"m2_sampled":11399,"m2_local":0,"m2_shared":3051},"geometry":{"type":"MultiPolygon","coordinates":[[[[-114.23434,51.01814],[-114.23434,51.01828],[-114.23434,51.01894],[-114.23433,51.01999],[-114.2339,51.02024],[-114.2339,51.02032],[-114.23389,51.02102],[-114.23388,51.02333],[-114.23388,51.02403],[-114.22992,51.02414],[-114.22638,51.02064],[-114.22942,51.01695],[-114.23435,51.01682],[-114.23434,51.01814]]]]}},{"type":"Feature","properties":{"id":514,"name":"Discovery Ridge","structure":"2000s","special":false,"revenue":10796,"m2_sampled":1521,"m2_local":0,"m2_shared":0},"geometry":{"type":"MultiPolygon","coordinates":[[[[-114.23437,51.01279],[-114.23437,51.01305],[-114.23437,51.01319],[-114.23437,51.01344],[-114.23435,51.01611],[-114.23435,51.01682],[-114.22942,51.01695],[-114.22588,51.01345],[-114.22892,51.00977],[-114.23438,51.00962],[-114.23437,51.01279]]]]}},{"type":"Feature","properties":{"id":515,"name":"Discovery Ridge","structure":"2000s","special":false,"revenue":1678,"m2_sampled":0,"m2_local":0,"m2_shared":0},"geometry":{"type":"MultiPolygon","coordinates":[[[[-114.23439,51.00871],[-114.23439,51.00888],[-114.23438,51.00962],[-114.22892,51.00977],[-114.22783,51.0087],[-114.23439,51.00871]]]]}},{"type":"Feature","properties":{"id":545,"name":"01k","structure":"UNDEVELOPED","special":true,"revenue":2246,"m2_sampled":0,"m2_local":10032,"m2_shared":0},"geometry":{"type":"MultiPolygon","coordinates":[[[[-114.23439,51.18312],[-114.23439,51.1833],[-114.2341,51.1833],[-114.22856,51.1833],[-114.22776,51.18251],[-114.23081,51.17883],[-114.23439,51.17873],[-114.23439,51.18312]]]]}},{"type":"Feature","properties":{"id":546,"name":"01k","structure":"UNDEVELOPED","special":true,"revenue":121165,"m2_sampled":96,"m2_local":8809,"m2_shared":0},"geometry":{"type":"MultiPolygon","coordinates":[[[[-114.23439,51.1723],[-114.23439,51.17248],[-114.23439,51.17344],[-114.23439,51.17362],[-114.23439,51.17465],[-114.23439,51.17591],[-114.23446,51.17591],[-114.23446,51.1768],[-114.23446,51.17769],[-114.23439,51.17769],[-114.23439,51.17873],[-114.23081,51.17883],[-114.22726,51.17533],[-114.23031,51.17165],[-114.23439,51.17154],[-114.23439,51.1723]]]]}},{"type":"Feature","properties":{"id":547,"name":"01k","structure":"UNDEVELOPED","special":true,"revenue":248549,"m2_sampled":118,"m2_local":8809,"m2_shared":0},"geometry":{"type":"MultiPolygon","coordinates":[[[[-114.23446,51.16492],[-114.23446,51.16527],[-114.23446,51.16827],[-114.23446,51.16869],[-114.23439,51.16869],[-114.23439,51.16953],[-114.23439,51.1696],[-114.23439,51.16969],[-114.23439,51.16978],[-114.23439,51.1705],[-114.23439,51.17154],[-114.23031,51.17165],[-114.22676,51.16815],[-114.2298,51.16447],[-114.23446,51.16434],[-114.23446,51.16492]]]]}},{"type":"Feature","properties":{"id":548,"name":"01k","structure":"UNDEVELOPED","special":true,"revenue":393870,"m2_sampled":0,"m2_local":11223,"m2_shared":0},"geometry":{"type":"MultiPolygon","coordinates":[[[[-114.23438,51.15785],[-114.23438,51.15966],[-114.23438,51.16147],[-114.23445,51.16147],[-114.23446,51.1624],[-114.23446,51.16434],[-114.2298,51.16447],[-114.22626,51.16097],[-114.2293,51.15728],[-114.23438,51.15714],[-114.23438,51.15785]]]]}},{"type":"Feature","properties":{"id":549,"name":"Royal Oak","structure":"2010s","special":false,"revenue":1361722,"m2_sampled":26604,"m2_local":18611,"m2_shared":22714},"geometry":{"type":"MultiPolygon","coordinates":[[[[-114.23725,51.15425],[-114.23581,51.15425],[-114.23437,51.15425],[-114.23438,51.1557],[-114.23438,51.15714],[-114.2293,51.15728],[-114.22575,51.15378],[-114.2288,51.1501],[-114.23539,51.14992],[-114.23894,51.15342],[-114.23826,51.15424],[-114.23725,51.15425]]]]}},{"type":"Feature","properties":{"id":550,"name":"Royal Oak","structure":"2010s","special":false,"revenue":1765816,"m2_sampled":45520,"m2_local":34400,"m2_shared":0},"geometry":{"type":"MultiPolygon","coordinates":[[[[-114.23844,51.14624],[-114.23539,51.14992],[-114.2288,51.1501],[-114.22525,51.1466],[-114.2283,51.14292],[-114.23489,51.14274],[-114.23844,51.14624]]]]}},{"type":"Feature","properties":{"id":551,"name":"Royal Oak","structure":"2010s","special":false,"revenue":2456910,"m2_sampled":52756,"m2_local":29913,"m2_shared":0},"geometry":{"type":"MultiPolygon","coordinates":[[[[-114.23794,51.13905],[-114.23489,51.14274],[-114.2283,51.14292],[-114.22475,51.13942],[-114.2278,51.13574],[-114.23439,51.13555],[-114.23794,51.13905]]]]}},{"type":"Feature","properties":{"id":552,"name":"Tuscany","structure":"2000s","special":false,"revenue":471168,"m2_sampled":6626,"m2_local":622,"m2_shared":17705},"geometry":{"type":"MultiPolygon","coordinates":[[[[-114.23743,51.13187],[-114.23439,51.13555],[-114.2278,51.13574],[-114.22425,51.13224],[-114.2273,51.12855],[-114.23389,51.12837],[-114.23743,51.13187]]]]}},{"type":"Feature","properties":{"id":553,"name":"Scenic Acres","structure":"1980s/1990s","special":false,"revenue":1186675,"m2_sampled":28999,"m2_local":15694,"m2_shared":0},"geometry":{"type":"MultiPolygon","coordinates":[[[[-114.23693,51.12469],[-114.23389,51.12837],[-114.2273,51.12855],[-114.22375,51.12505],[-114.2268,51.12137],[-114.23338,51.12119],[-114.23693,51.12469]]]]}},{"type":"Feature","properties":{"id":554,"name":"Scenic Acres","structure":"1980s/1990s","special":false,"revenue":717877,"m2_sampled":16550,"m2_local":19473,"m2_shared":0},"geometry":{"type":"MultiPolygon","coordinates":[[[[-114.23643,51.11751],[-114.23338,51.12119],[-114.2268,51.12137],[-114.22325,51.11787],[-114.22629,51.11419],[-114.23288,51.11401],[-114.23643,51.11751]]]]}},{"type":"Feature","properties":{"id":555,"name":"Tuscany","structure":"2000s","special":false,"revenue":600817,"m2_sampled":9743,"m2_local":4619,"m2_shared":0},"geometry":{"type":"MultiPolygon","coordinates":[[[[-114.23593,51.11032],[-114.23288,51.11401],[-114.22629,51.11419],[-114.22275,51.11069],[-114.22579,51.10701],[-114.23238,51.10682],[-114.23593,51.11032]]]]}},{"type":"Feature","properties":{"id":556,"name":"01b","structure":"UNDEVELOPED","special":true,"revenue":24694,"m2_sampled":0,"m2_local":5159,"m2_shared":848},"geometry":{"type":"MultiPolygon","coordinates":[[[[-114.23542,51.10314],[-114.23238,51.10682],[-114.22579,51.10701],[-114.22225,51.10351],[-114.22529,51.09982],[-114.23188,51.09964],[-114.23542,51.10314]]]]}},{"type":"Feature","properties":{"id":557,"name":"Bowness","structure":"1950s","special":false,"revenue":187447,"m2_sampled":4971,"m2_local":0,"m2_shared":0},"geometry":{"type":"MultiPolygon","coordinates":[[[[-114.23492,51.09596],[-114.23188,51.09964],[-114.22529,51.09982],[-114.22175,51.09632],[-114.22479,51.09264],[-114.23138,51.09246],[-114.23492,51.09596]]]]}},{"type":"Feature","properties":{"id":558,"name":"Greenwood/Greenbriar","structure":"1960s/1970s","special":false,"revenue":511094,"m2_sampled":16504,"m2_local":3408,"m2_shared":18494},"geometry":{"type":"MultiPolygon","coordinates":[[[[-114.23442,51.08878],[-114.23138,51.09246],[-114.22479,51.09264],[-114.22125,51.08914],[-114.22429,51.08546],[-114.23088,51.08528],[-114.23442,51.08878]]]]}},{"type":"Feature","properties":{"id":559,"name":"06c","structure":"UNDEVELOPED","special":true,"revenue":179661,"m2_sampled":0,"m2_local":0,"m2_shared":0},"geometry":{"type":"MultiPolygon","coordinates":[[[[-114.23392,51.0816],[-114.23088,51.08528],[-114.22429,51.08546],[-114.22075,51.08196],[-114.22379,51.07828],[-114.23038,51.0781],[-114.23392,51.0816]]]]}},{"type":"Feature","properties":{"id":560,"name":"06b","structure":"UNDEVELOPED","special":true,"revenue":376778,"m2_sampled":4593,"m2_local":0,"m2_shared":0},"geometry":{"type":"MultiPolygon","coordinates":[[[[-114.23342,51.07441],[-114.23038,51.0781],[-114.22379,51.07828],[-114.22025,51.07478],[-114.22329,51.07109],[-114.22988,51.07091],[-114.23342,51.07441]]]]}},{"type":"Feature","properties":{"id":561,"name":"06a","structure":"OTHER","special":true,"revenue":445203,"m2_sampled":4055,"m2_local":0,"m2_shared":19137},"geometry":{"type":"MultiPolygon","coordinates":[[[[-114.23292,51.06723],[-114.22988,51.07091],[-114.22329,51.07109],[-114.21975,51.06759],[-114.2228,51.06391],[-114.22938,51.06373],[-114.23292,51.06723]]]]}},{"type":"Feature","properties":{"id":562,"name":"06a","structure":"OTHER","special":true,"revenue":809567,"m2_sampled":13635,"m2_local":0,"m2_shared":0},"geometry":{"type":"MultiPolygon","coordinates":[[[[-114.23242,51.06005],[-114.22938,51.06373],[-114.2228,51.06391],[-114.21926,51.06041],[-114.2223,51.05673],[-114.22888,51.05655],[-114.23242,51.06005]]]]}},{"type":"Feature","properties":{"id":563,"name":"West Springs","structure":"BUILDING OUT","special":false,"revenue":500984,"m2_sampled":8086,"m2_local":6127,"m2_shared":12910},"geometry":{"type":"MultiPolygon","coordinates":[[[[-114.23192,51.05287],[-114.22888,51.05655],[-114.2223,51.05673],[-114.21876,51.05323],[-114.2218,51.04955],[-114.22838,51.04937],[-114.23192,51.05287]]]]}},{"type":"Feature","properties":{"id":564,"name":"Aspen Woods","structure":"BUILDING OUT","special":false,"revenue":1054750,"m2_sampled":18332,"m2_local":0,"m2_shared":0},"geometry":{"type":"MultiPolygon","coordinates":[[[[-114.23142,51.04568],[-114.22838,51.04937],[-114.2218,51.04955],[-114.21826,51.04605],[-114.2213,51.04236],[-114.22788,51.04218],[-114.23142,51.04568]]]]}},{"type":"Feature","properties":{"id":565,"name":"Aspen Woods","structure":"BUILDING OUT","special":false,"revenue":1501507,"m2_sampled":30907,"m2_local":0,"m2_shared":20551},"geometry":{"type":"MultiPolygon","coordinates":[[[[-114.23092,51.0385],[-114.22788,51.04218],[-114.2213,51.04236],[-114.21776,51.03886],[-114.2208,51.03518],[-114.22738,51.035],[-114.23092,51.0385]]]]}},{"type":"Feature","properties":{"id":566,"name":"Springbank Hill","structure":"BUILDING OUT","special":false,"revenue":1233814,"m2_sampled":38961,"m2_local":3159,"m2_shared":0},"geometry":{"type":"MultiPolygon","coordinates":[[[[-114.23042,51.03132],[-114.22738,51.035],[-114.2208,51.03518],[-114.21726,51.03168],[-114.2203,51.028],[-114.22688,51.02782],[-114.23042,51.03132]]]]}},{"type":"Feature","properties":{"id":567,"name":"Springbank Hill","structure":"BUILDING OUT","special":false,"revenue":291853,"m2_sampled":15493,"m2_local":0,"m2_shared":0},"geometry":{"type":"MultiPolygon","coordinates":[[[[-114.22992,51.02414],[-114.22688,51.02782],[-114.2203,51.028],[-114.21676,51.0245],[-114.2198,51.02082],[-114.22638,51.02064],[-114.22992,51.02414]]]]}},{"type":"Feature","properties":{"id":568,"name":"Discovery Ridge","structure":"2000s","special":false,"revenue":1328862,"m2_sampled":36495,"m2_local":0,"m2_shared":0},"geometry":{"type":"MultiPolygon","coordinates":[[[[-114.22942,51.01695],[-114.22638,51.02064],[-114.2198,51.02082],[-114.21627,51.01732],[-114.21931,51.01363],[-114.22588,51.01345],[-114.22942,51.01695]]]]}},{"type":"Feature","properties":{"id":569,"name":"Discovery Ridge","structure":"2000s","special":false,"revenue":2628,"m2_sampled":0,"m2_local":0,"m2_shared":0},"geometry":{"type":"MultiPolygon","coordinates":[[[[-114.22581,51.0087],[-114.22783,51.0087],[-114.22892,51.00977],[-114.22588,51.01345],[-114.21931,51.01363],[-114.21577,51.01013],[-114.21696,51.00869],[-114.22581,51.0087]]]]}},{"type":"Feature","properties":{"id":582,"name":"13a","structure":"UNDEVELOPED","special":true,"revenue":1,"m2_sampled":0,"m2_local":0,"m2_shared":0},"geometry":{"type":"MultiPolygon","coordinates":[[[[-114.20978,50.91721],[-114.20932,50.91676],[-114.20978,50.9162],[-114.20978,50.91721]]]]}},{"type":"Feature","properties":{"id":583,"name":"13a","structure":"UNDEVELOPED","special":true,"revenue":9,"m2_sampled":0,"m2_local":0,"m2_shared":0},"geometry":{"type":"MultiPolygon","coordinates":[[[[-114.2098,50.90906],[-114.20979,50.91053],[-114.20883,50.90957],[-114.2098,50.9084],[-114.2098,50.90906]]]]}},{"type":"Feature","properties":{"id":584,"name":"13e","structure":"UNDEVELOPED","special":true,"revenue":26,"m2_sampled":65,"m2_local":0,"m2_shared":0},"geometry":{"type":"MultiPolygon","coordinates":[[[[-114.20981,50.90367],[-114.20981,50.90385],[-114.20833,50.90239],[-114.20981,50.9006],[-114.20981,50.90367]]]]}},{"type":"Feature","properties":{"id":585,"name":"13e","structure":"UNDEVELOPED","special":true,"revenue":45,"m2_sampled":0,"m2_local":0,"m2_shared":0},"geometry":{"type":"MultiPolygon","coordinates":[[[[-114.20983,50.89288],[-114.20982,50.89717],[-114.20784,50.89521],[-114.20983,50.8928],[-114.20983,50.89288]]]]}},{"type":"Feature","properties":{"id":598,"name":"01k","structure":"UNDEVELOPED","special":true,"revenue":3992,"m2_sampled":0,"m2_local":5928,"m2_shared":0},"geometry":{"type":"MultiPolygon","coordinates":[[[[-114.22262,51.1833],[-114.22066,51.1833],[-114.22116,51.1827],[-114.22776,51.18251],[-114.22856,51.1833],[-114.22262,51.1833]]]]}},{"type":"Feature","properties":{"id":599,"name":"01k","structure":"UNDEVELOPED","special":true,"revenue":141095,"m2_sampled":0,"m2_local":0,"m2_shared":0},"geometry":{"type":"MultiPolygon","coordinates":[[[[-114.23081,51.17883],[-114.22776,51.18251],[-114.22116,51.1827],[-114.21761,51.17919],[-114.22066,51.17551],[-114.22726,51.17533],[-114.23081,51.17883]]]]}},{"type":"Feature","properties":{"id":600,"name":"01k","structure":"UNDEVELOPED","special":true,"revenue":361796,"m2_sampled":0,"m2_local":0,"m2_shared":0},"geometry":{"type":"MultiPolygon","coordinates":[[[[-114.23031,51.17165],[-114.22726,51.17533],[-114.22066,51.17551],[-114.21711,51.17201],[-114.22016,51.16833],[-114.22676,51.16815],[-114.23031,51.17165]]]]}},{"type":"Feature","properties":{"id":601,"name":"01k","structure":"UNDEVELOPED","special":true,"revenue":315472,"m2_sampled":0,"m2_local":0,"m2_shared":0},"geometry":{"type":"MultiPolygon","coordinates":[[[[-114.2298,51.16447],[-114.22676,51.16815],[-114.22016,51.16833],[-114.21661,51.16483],[-114.21966,51.16115],[-114.22626,51.16097],[-114.2298,51.16447]]]]}},{"type":"Feature","properties":{"id":602,"name":"01k","structure":"UNDEVELOPED","special":true,"revenue":226436,"m2_sampled":1095,"m2_local":0,"m2_shared":10376},"geometry":{"type":"MultiPolygon","coordinates":[[[[-114.2293,51.15728],[-114.22626,51.16097],[-114.21966,51.16115],[-114.21611,51.15765],[-114.21916,51.15397],[-114.22575,51.15378],[-114.2293,51.15728]]]]}},{"type":"Feature","properties":{"id":603,"name":"Royal Oak","structure":"2010s","special":false,"revenue":2387324,"m2_sampled":42740,"m2_local":9954,"m2_shared":541},"geometry":{"type":"MultiPolygon","coordinates":[[[[-114.2288,51.1501],[-114.22575,51.15378],[-114.21916,51.15397],[-114.21561,51.15047],[-114.21866,51.14678],[-114.22525,51.1466],[-114.2288,51.1501]]]]}},{"type":"Feature","properties":{"id":604,"name":"Royal Oak","structure":"2010s","special":false,"revenue":1874415,"m2_sampled":47607,"m2_local":3885,"m2_shared":0},"geometry":{"type":"MultiPolygon","coordinates":[[[[-114.2283,51.14292],[-114.22525,51.1466],[-114.21866,51.14678],[-114.21511,51.14328],[-114.21816,51.1396],[-114.22475,51.13942],[-114.2283,51.14292]]]]}},{"type":"Feature","properties":{"id":605,"name":"Royal Oak","structure":"2010s","special":false,"revenue":1145636,"m2_sampled":21625,"m2_local":6461,"m2_shared":0},"geometry":{"type":"MultiPolygon","coordinates":[[[[-114.2278,51.13574],[-114.22475,51.13942],[-114.21816,51.1396],[-114.21462,51.1361],[-114.21766,51.13242],[-114.22425,51.13224],[-114.2278,51.13574]]]]}},{"type":"Feature","properties":{"id":606,"name":"Arbour Lake","structure":"2000s","special":false,"revenue":1061790,"m2_sampled":44558,"m2_local":6561,"m2_shared":17690},"geometry":{"type":"MultiPolygon","coordinates":[[[[-114.2273,51.12855],[-114.22425,51.13224],[-114.21766,51.13242],[-114.21412,51.12892],[-114.21716,51.12524],[-114.22375,51.12505],[-114.2273,51.12855]]]]}},{"type":"Feature","properties":{"id":607,"name":"Scenic Acres","structure":"1980s/1990s","special":false,"revenue":1698596,"m2_sampled":48199,"m2_local":31760,"m2_shared":0},"geometry":{"type":"MultiPolygon","coordinates":[[[[-114.2268,51.12137],[-114.22375,51.12505],[-114.21716,51.12524],[-114.21362,51.12174],[-114.21666,51.11805],[-114.22325,51.11787],[-114.2268,51.12137]]]]}},{"type":"Feature","properties":{"id":608,"name":"Scenic Acres","structure":"1980s/1990s","special":false,"revenue":1717096,"m2_sampled":47920,"m2_local":25599,"m2_shared":0},"geometry":{"type":"MultiPolygon","coordinates":[[[[-114.22629,51.11419],[-114.22325,51.11787],[-114.21666,51.11805],[-114.21312,51.11455],[-114.21616,51.11087],[-114.22275,51.11069],[-114.22629,51.11419]]]]}},{"type":"Feature","properties":{"id":609,"name":"Scenic Acres","structure":"1980s/1990s","special":false,"revenue":1234508,"m2_sampled":28272,"m2_local":2610,"m2_shared":17846},"geometry":{"type":"MultiPolygon","coordinates":[[[[-114.22579,51.10701],[-114.22275,51.11069],[-114.21616,51.11087],[-114.21262,51.10737],[-114.21566,51.10369],[-114.22225,51.10351],[-114.22579,51.10701]]]]}},{"type":"Feature","properties":{"id":610,"name":"Scenic Acres","structure":"1980s/1990s","special":false,"revenue":77719,"m2_sampled":7721,"m2_local":4182,"m2_shared":0},"geometry":{"type":"MultiPolygon","coordinates":[[[[-114.22529,51.09982],[-114.22225,51.10351],[-114.21566,51.10369],[-114.21212,51.10019],[-114.21517,51.09651],[-114.22175,51.09632],[-114.22529,51.09982]]]]}},{"type":"Feature","properties":{"id":611,"name":"Bowness","structure":"1950s","special":false,"revenue":806341,"m2_sampled":36886,"m2_local":0,"m2_shared":0},"geometry":{"type":"MultiPolygon","coordinates":[[[[-114.22479,51.09264],[-114.22175,51.09632],[-114.21517,51.09651],[-114.21162,51.093],[-114.21467,51.08932],[-114.22125,51.08914],[-114.22479,51.09264]]]]}},{"type":"Feature","properties":{"id":612,"name":"Greenwood/Greenbriar","structure":"1960s/1970s","special":false,"revenue":1032855,"m2_sampled":10506,"m2_local":21624,"m2_shared":35478},"geometry":{"type":"MultiPolygon","coordinates":[[[[-114.22429,51.08546],[-114.22125,51.08914],[-114.21467,51.08932],[-114.21113,51.08582],[-114.21417,51.08214],[-114.22075,51.08196],[-114.22429,51.08546]]]]}},{"type":"Feature","properties":{"id":613,"name":"Canada Olympic Park","structure":"OTHER","special":true,"revenue":457538,"m2_sampled":7793,"m2_local":5775,"m2_shared":0},"geometry":{"type":"MultiPolygon","coordinates":[[[[-114.22379,51.07828],[-114.22075,51.08196],[-114.21417,51.08214],[-114.21063,51.07864],[-114.21367,51.07496],[-114.22025,51.07478],[-114.22379,51.07828]]]]}},{"type":"Feature","properties":{"id":614,"name":"Cougar Ridge","structure":"2000s","special":false,"revenue":2275279,"m2_sampled":42069,"m2_local":20697,"m2_shared":0},"geometry":{"type":"MultiPolygon","coordinates":[[[[-114.22329,51.07109],[-114.22025,51.07478],[-114.21367,51.07496],[-114.21013,51.07146],[-114.21317,51.06778],[-114.21975,51.06759],[-114.22329,51.07109]]]]}},{"type":"Feature","properties":{"id":615,"name":"West Springs","structure":"BUILDING OUT","special":false,"revenue":2549141,"m2_sampled":40593,"m2_local":4182,"m2_shared":21332},"geometry":{"type":"MultiPolygon","coordinates":[[[[-114.2228,51.06391],[-114.21975,51.06759],[-114.21317,51.06778],[-114.20963,51.06427],[-114.21267,51.06059],[-114.21926,51.06041],[-114.2228,51.06391]]]]}},{"type":"Feature","properties":{"id":616,"name":"West Springs","structure":"BUILDING OUT","special":false,"revenue":2294375,"m2_sampled":34605,"m2_local":17090,"m2_shared":10886},"geometry":{"type":"MultiPolygon","coordinates":[[[[-114.2223,51.05673],[-114.21926,51.06041],[-114.21267,51.06059],[-114.20914,51.05709],[-114.21218,51.05341],[-114.21876,51.05323],[-114.2223,51.05673]]]]}},{"type":"Feature","properties":{"id":617,"name":"Aspen Woods","structure":"BUILDING OUT","special":false,"revenue":2230736,"m2_sampled":48325,"m2_local":2348,"m2_shared":33764},"geometry":{"type":"MultiPolygon","coordinates":[[[[-114.2218,51.04955],[-114.21876,51.05323],[-114.21218,51.05341],[-114.20864,51.04991],[-114.21168,51.04623],[-114.21826,51.04605],[-114.2218,51.04955]]]]}},{"type":"Feature","properties":{"id":618,"name":"Aspen Woods","structure":"BUILDING OUT","special":false,"revenue":2994644,"m2_sampled":37915,"m2_local":12133,"m2_shared":16773},"geometry":{"type":"MultiPolygon","coordinates":[[[[-114.2213,51.04236],[-114.21826,51.04605],[-114.21168,51.04623],[-114.20814,51.04273],[-114.21118,51.03904],[-114.21776,51.03886],[-114.2213,51.04236]]]]}},{"type":"Feature","properties":{"id":619,"name":"Springbank Hill","structure":"BUILDING OUT","special":false,"revenue":3291051,"m2_sampled":33723,"m2_local":28067,"m2_shared":17750},"geometry":{"type":"MultiPolygon","coordinates":[[[[-114.2208,51.03518],[-114.21776,51.03886],[-114.21118,51.03904],[-114.20765,51.03554],[-114.21069,51.03186],[-114.21726,51.03168],[-114.2208,51.03518]]]]}},{"type":"Feature","properties":{"id":620,"name":"Springbank Hill","structure":"BUILDING OUT","special":false,"revenue":614855,"m2_sampled":5663,"m2_local":8940,"m2_shared":0},"geometry":{"type":"MultiPolygon","coordinates":[[[[-114.2203,51.028],[-114.21726,51.03168],[-114.21069,51.03186],[-114.20715,51.02836],[-114.21019,51.02468],[-114.21676,51.0245],[-114.2203,51.028]]]]}},{"type":"Feature","properties":{"id":621,"name":"Springbank Hill","structure":"BUILDING OUT","special":false,"revenue":1035258,"m2_sampled":31408,"m2_local":3809,"m2_shared":0},"geometry":{"type":"MultiPolygon","coordinates":[[[[-114.2198,51.02082],[-114.21676,51.0245],[-114.21019,51.02468],[-114.20665,51.02118],[-114.20969,51.0175],[-114.21627,51.01732],[-114.2198,51.02082]]]]}},{"type":"Feature","properties":{"id":622,"name":"Discovery Ridge","structure":"2000s","special":false,"revenue":2126224,"m2_sampled":40510,"m2_local":0,"m2_shared":0},"geometry":{"type":"MultiPolygon","coordinates":[[[[-114.21931,51.01363],[-114.21627,51.01732],[-114.20969,51.0175],[-114.20616,51.014],[-114.2092,51.01031],[-114.21577,51.01013],[-114.21931,51.01363]]]]}},{"type":"Feature","properties":{"id":623,"name":"Discovery Ridge","structure":"2000s","special":false,"revenue":275,"m2_sampled":0,"m2_local":0,"m2_shared":0},"geometry":{"type":"MultiPolygon","coordinates":[[[[-114.21109,51.00868],[-114.21696,51.00869],[-114.21577,51.01013],[-114.2092,51.01031],[-114.20755,51.00868],[-114.21109,51.00868]]]]}},{"type":"Feature","properties":{"id":635,"name":"13a","structure":"UNDEVELOPED","special":true,"revenue":2772,"m2_sampled":0,"m2_local":0,"m2_shared":0},"geometry":{"type":"MultiPolygon","coordinates":[[[[-114.20978,50.91985],[-114.20978,50.92146],[-114.20951,50.92146],[-114.20058,50.92146],[-114.19973,50.92062],[-114.20276,50.91694],[-114.20932,50.91676],[-114.20978,50.91721],[-114.20978,50.91985]]]]}},{"type":"Feature","properties":{"id":636,"name":"13a","structure":"UNDEVELOPED","special":true,"revenue":1036,"m2_sampled":0,"m2_local":0,"m2_shared":0},"geometry":{"type":"MultiPolygon","coordinates":[[[[-114.20979,50.91406],[-114.20979,50.91446],[-114.20978,50.9162],[-114.20932,50.91676],[-114.20276,50.91694],[-114.19924,50.91344],[-114.20227,50.90976],[-114.20883,50.90957],[-114.20979,50.91053],[-114.20979,50.91406]]]]}},{"type":"Feature","properties":{"id":637,"name":"13e","structure":"UNDEVELOPED","special":true,"revenue":1092,"m2_sampled":0,"m2_local":0,"m2_shared":0},"geometry":{"type":"MultiPolygon","coordinates":[[[[-114.2098,50.90537],[-114.2098,50.90682],[-114.2098,50.90826],[-114.2098,50.9084],[-114.20883,50.90957],[-114.20227,50.90976],[-114.19874,50.90625],[-114.20178,50.90257],[-114.20833,50.90239],[-114.20981,50.90385],[-114.2098,50.90537]]]]}},{"type":"Feature","properties":{"id":638,"name":"13e","structure":"UNDEVELOPED","special":true,"revenue":1006,"m2_sampled":38,"m2_local":0,"m2_shared":0},"geometry":{"type":"MultiPolygon","coordinates":[[[[-114.20982,50.89827],[-114.20981,50.89957],[-114.20981,50.9006],[-114.20833,50.90239],[-114.20178,50.90257],[-114.19825,50.89907],[-114.20128,50.89539],[-114.20784,50.89521],[-114.20982,50.89717],[-114.20982,50.89827]]]]}},{"type":"Feature","properties":{"id":639,"name":"13e","structure":"UNDEVELOPED","special":true,"revenue":316,"m2_sampled":0,"m2_local":0,"m2_shared":17920},"geometry":{"type":"MultiPolygon","coordinates":[[[[-114.19813,50.89198],[-114.20983,50.89197],[-114.20983,50.89243],[-114.20983,50.8928],[-114.20784,50.89521],[-114.20128,50.89539],[-114.19785,50.89198],[-114.19813,50.89198]]]]}},{"type":"Feature","properties":{"id":651,"name":"02k","structure":"UNDEVELOPED","special":true,"revenue":38,"m2_sampled":0,"m2_local":3494,"m2_shared":0},"geometry":{"type":"MultiPolygon","coordinates":[[[[-114.21116,51.19484],[-114.21116,51.19505],[-114.21117,51.19554],[-114.21117,51.19596],[-114.21117,51.19605],[-114.21117,51.19664],[-114.21117,51.1967],[-114.21117,51.19686],[-114.21117,51.19755],[-114.21117,51.19777],[-114.21088,51.19777],[-114.20931,51.19777],[-114.20897,51.19742],[-114.21116,51.19477],[-114.21116,51.19484]]]]}},{"type":"Feature","properties":{"id":652,"name":"02k","structure":"UNDEVELOPED","special":true,"revenue":91,"m2_sampled":0,"m2_local":6840,"m2_shared":0},"geometry":{"type":"MultiPolygon","coordinates":[[[[-114.21123,51.19053],[-114.21116,51.19053],[-114.21116,51.19121],[-114.21116,51.19144],[-114.21116,51.19234],[-114.21116,51.1929],[-114.20847,51.19024],[-114.21121,51.18692],[-114.21123,51.19053]]]]}},{"type":"Feature","properties":{"id":653,"name":"01k","structure":"UNDEVELOPED","special":true,"revenue":164353,"m2_sampled":0,"m2_local":17911,"m2_shared":0},"geometry":{"type":"MultiPolygon","coordinates":[[[[-114.2194,51.1833],[-114.21839,51.18336],[-114.21127,51.18337],[-114.21112,51.18337],[-114.21112,51.18342],[-114.21114,51.18618],[-114.20797,51.18306],[-114.21102,51.17938],[-114.21761,51.17919],[-114.22116,51.1827],[-114.22066,51.1833],[-114.2194,51.1833]]]]}},{"type":"Feature","properties":{"id":654,"name":"01k","structure":"UNDEVELOPED","special":true,"revenue":296097,"m2_sampled":0,"m2_local":8809,"m2_shared":0},"geometry":{"type":"MultiPolygon","coordinates":[[[[-114.22066,51.17551],[-114.21761,51.17919],[-114.21102,51.17938],[-114.20747,51.17588],[-114.21052,51.17219],[-114.21711,51.17201],[-114.22066,51.17551]]]]}},{"type":"Feature","properties":{"id":655,"name":"01k","structure":"UNDEVELOPED","special":true,"revenue":165031,"m2_sampled":0,"m2_local":8807,"m2_shared":0},"geometry":{"type":"MultiPolygon","coordinates":[[[[-114.22016,51.16833],[-114.21711,51.17201],[-114.21052,51.17219],[-114.20697,51.16869],[-114.21002,51.16501],[-114.21661,51.16483],[-114.22016,51.16833]]]]}},{"type":"Feature","properties":{"id":656,"name":"01k","structure":"UNDEVELOPED","special":true,"revenue":27919,"m2_sampled":0,"m2_local":8807,"m2_shared":0},"geometry":{"type":"MultiPolygon","coordinates":[[[[-114.21966,51.16115],[-114.21661,51.16483],[-114.21002,51.16501],[-114.20647,51.16151],[-114.20952,51.15783],[-114.21611,51.15765],[-114.21966,51.16115]]]]}},{"type":"Feature","properties":{"id":657,"name":"Royal Vista","structure":null,"special":false,"revenue":3591239,"m2_sampled":2894,"m2_local":26167,"m2_shared":11639},"geometry":{"type":"MultiPolygon","coordinates":[[[[-114.21916,51.15397],[-114.21611,51.15765],[-114.20952,51.15783],[-114.20597,51.15433],[-114.20902,51.15065],[-114.21561,51.15047],[-114.21916,51.15397]]]]}},{"type":"Feature","properties":{"id":658,"name":"Royal Oak","structure":"2010s","special":false,"revenue":2222464,"m2_sampled":26327,"m2_local":18812,"m2_shared":20503},"geometry":{"type":"MultiPolygon","coordinates":[[[[-114.21866,51.14678],[-114.21561,51.15047],[-114.20902,51.15065],[-114.20548,51.14715],[-114.20852,51.14346],[-114.21511,51.14328],[-114.21866,51.14678]]]]}},{"type":"Feature","properties":{"id":659,"name":"Royal Oak","structure":"2010s","special":false,"revenue":1286589,"m2_sampled":29246,"m2_local":2617,"m2_shared":0},"geometry":{"type":"MultiPolygon","coordinates":[[[[-114.21816,51.1396],[-114.21511,51.14328],[-114.20852,51.14346],[-114.20498,51.13996],[-114.20802,51.13628],[-114.21462,51.1361],[-114.21816,51.1396]]]]}},{"type":"Feature","properties":{"id":660,"name":"Arbour Lake","structure":"2000s","special":false,"revenue":2002310,"m2_sampled":38865,"m2_local":11722,"m2_shared":0},"geometry":{"type":"MultiPolygon","coordinates":[[[[-114.21766,51.13242],[-114.21462,51.1361],[-114.20802,51.13628],[-114.20448,51.13278],[-114.20753,51.1291],[-114.21412,51.12892],[-114.21766,51.13242]]]]}},{"type":"Feature","properties":{"id":661,"name":"Arbour Lake","structure":"2000s","special":false,"revenue":3023760,"m2_sampled":21745,"m2_local":47613,"m2_shared":27914},"geometry":{"type":"MultiPolygon","coordinates":[[[[-114.21716,51.12524],[-114.21412,51.12892],[-114.20753,51.1291],[-114.20398,51.1256],[-114.20703,51.12192],[-114.21362,51.12174],[-114.21716,51.12524]]]]}},{"type":"Feature","properties":{"id":662,"name":"Scenic Acres","structure":"1980s/1990s","special":false,"revenue":1908760,"m2_sampled":56540,"m2_local":40845,"m2_shared":14669},"geometry":{"type":"MultiPolygon","coordinates":[[[[-114.21666,51.11805],[-114.21362,51.12174],[-114.20703,51.12192],[-114.20348,51.11842],[-114.20653,51.11473],[-114.21312,51.11455],[-114.21666,51.11805]]]]}},{"type":"Feature","properties":{"id":663,"name":"Silver Springs","structure":"1960s/1970s","special":false,"revenue":1585577,"m2_sampled":44607,"m2_local":13550,"m2_shared":21109},"geometry":{"type":"MultiPolygon","coordinates":[[[[-114.21616,51.11087],[-114.21312,51.11455],[-114.20653,51.11473],[-114.20299,51.11123],[-114.20603,51.10755],[-114.21262,51.10737],[-114.21616,51.11087]]]]}},{"type":"Feature","properties":{"id":664,"name":"Silver Springs","structure":"1960s/1970s","special":false,"revenue":692985,"m2_sampled":27018,"m2_local":12941,"m2_shared":13473},"geometry":{"type":"MultiPolygon","coordinates":[[[[-114.21566,51.10369],[-114.21262,51.10737],[-114.20603,51.10755],[-114.20249,51.10405],[-114.20554,51.10037],[-114.21212,51.10019],[-114.21566,51.10369]]]]}},{"type":"Feature","properties":{"id":665,"name":"Bowness","structure":"1950s","special":false,"revenue":1087148,"m2_sampled":28083,"m2_local":9287,"m2_shared":0},"geometry":{"type":"MultiPolygon","coordinates":[[[[-114.21517,51.09651],[-114.21212,51.10019],[-114.20554,51.10037],[-114.20199,51.09687],[-114.20504,51.09319],[-114.21162,51.093],[-114.21517,51.09651]]]]}},{"type":"Feature","properties":{"id":666,"name":"Bowness","structure":"1950s","special":false,"revenue":1326374,"m2_sampled":49458,"m2_local":15117,"m2_shared":0},"geometry":{"type":"MultiPolygon","coordinates":[[[[-114.21467,51.08932],[-114.21162,51.093],[-114.20504,51.09319],[-114.2015,51.08968],[-114.20454,51.086],[-114.21113,51.08582],[-114.21467,51.08932]]]]}},{"type":"Feature","properties":{"id":667,"name":"Medicine Hill","structure":"2000s","special":false,"revenue":3244431,"m2_sampled":1293,"m2_local":25427,"m2_shared":41766},"geometry":{"type":"MultiPolygon","coordinates":[[[[-114.21417,51.08214],[-114.21113,51.08582],[-114.20454,51.086],[-114.201,51.0825],[-114.20404,51.07882],[-114.21063,51.07864],[-114.21417,51.08214]]]]}},{"type":"Feature","properties":{"id":668,"name":"Cougar Ridge","structure":"2000s","special":false,"revenue":1002387,"m2_sampled":16599,"m2_local":12172,"m2_shared":0},"geometry":{"type":"MultiPolygon","coordinates":[[[[-114.21367,51.07496],[-114.21063,51.07864],[-114.20404,51.07882],[-114.20051,51.07532],[-114.20355,51.07164],[-114.21013,51.07146],[-114.21367,51.07496]]]]}},{"type":"Feature","properties":{"id":669,"name":"Cougar Ridge","structure":"2000s","special":false,"revenue":3250566,"m2_sampled":46797,"m2_local":10483,"m2_shared":23810},"geometry":{"type":"MultiPolygon","coordinates":[[[[-114.21317,51.06778],[-114.21013,51.07146],[-114.20355,51.07164],[-114.20001,51.06814],[-114.20305,51.06446],[-114.20963,51.06427],[-114.21317,51.06778]]]]}},{"type":"Feature","properties":{"id":670,"name":"West Springs","structure":"BUILDING OUT","special":false,"revenue":3278381,"m2_sampled":29994,"m2_local":11627,"m2_shared":10456},"geometry":{"type":"MultiPolygon","coordinates":[[[[-114.21267,51.06059],[-114.20963,51.06427],[-114.20305,51.06446],[-114.19951,51.06095],[-114.20256,51.05727],[-114.20914,51.05709],[-114.21267,51.06059]]]]}},{"type":"Feature","properties":{"id":671,"name":"West Springs","structure":"BUILDING OUT","special":false,"revenue":2170019,"m2_sampled":42377,"m2_local":16596,"m2_shared":35478},"geometry":{"type":"MultiPolygon","coordinates":[[[[-114.21218,51.05341],[-114.20914,51.05709],[-114.20256,51.05727],[-114.19902,51.05377],[-114.20206,51.05009],[-114.20864,51.04991],[-114.21218,51.05341]]]]}},{"type":"Feature","properties":{"id":672,"name":"Aspen Woods","structure":"BUILDING OUT","special":false,"revenue":2928088,"m2_sampled":37243,"m2_local":23962,"m2_shared":3905},"geometry":{"type":"MultiPolygon","coordinates":[[[[-114.21168,51.04623],[-114.20864,51.04991],[-114.20206,51.05009],[-114.19852,51.04659],[-114.20156,51.04291],[-114.20814,51.04273],[-114.21168,51.04623]]]]}},{"type":"Feature","properties":{"id":673,"name":"Aspen Woods","structure":"BUILDING OUT","special":false,"revenue":3586513,"m2_sampled":31300,"m2_local":8822,"m2_shared":19991},"geometry":{"type":"MultiPolygon","coordinates":[[[[-114.21118,51.03904],[-114.20814,51.04273],[-114.20156,51.04291],[-114.19803,51.03941],[-114.20107,51.03572],[-114.20765,51.03554],[-114.21118,51.03904]]]]}},{"type":"Feature","properties":{"id":674,"name":"Springbank Hill","structure":"BUILDING OUT","special":false,"revenue":2546809,"m2_sampled":33791,"m2_local":0,"m2_shared":0},"geometry":{"type":"MultiPolygon","coordinates":[[[[-114.21069,51.03186],[-114.20765,51.03554],[-114.20107,51.03572],[-114.19753,51.03222],[-114.20057,51.02854],[-114.20715,51.02836],[-114.21069,51.03186]]]]}},{"type":"Feature","properties":{"id":675,"name":"Springbank Hill","structure":"BUILDING OUT","special":false,"revenue":2211537,"m2_sampled":41257,"m2_local":0,"m2_shared":0},"geometry":{"type":"MultiPolygon","coordinates":[[[[-114.21019,51.02468],[-114.20715,51.02836],[-114.20057,51.02854],[-114.19704,51.02504],[-114.20008,51.02136],[-114.20665,51.02118],[-114.21019,51.02468]]]]}},{"type":"Feature","properties":{"id":676,"name":"Springbank Hill","structure":"BUILDING OUT","special":false,"revenue":1378589,"m2_sampled":26651,"m2_local":8275,"m2_shared":0},"geometry":{"type":"MultiPolygon","coordinates":[[[[-114.20969,51.0175],[-114.20665,51.02118],[-114.20008,51.02136],[-114.19654,51.01786],[-114.19958,51.01418],[-114.20616,51.014],[-114.20969,51.0175]]]]}},{"type":"Feature","properties":{"id":677,"name":"Discovery Ridge","structure":"2000s","special":false,"revenue":1084516,"m2_sampled":41655,"m2_local":0,"m2_shared":0},"geometry":{"type":"MultiPolygon","coordinates":[[[[-114.19933,51.00868],[-114.20323,51.00868],[-114.20755,51.00868],[-114.2092,51.01031],[-114.20616,51.014],[-114.19958,51.01418],[-114.19605,51.01067],[-114.1977,51.00868],[-114.19933,51.00868]]]]}},{"type":"Feature","properties":{"id":689,"name":"13a","structure":"UNDEVELOPED","special":true,"revenue":150,"m2_sampled":0,"m2_local":0,"m2_shared":0},"geometry":{"type":"MultiPolygon","coordinates":[[[[-114.19809,50.92146],[-114.19263,50.92146],[-114.19317,50.9208],[-114.19973,50.92062],[-114.20058,50.92146],[-114.19809,50.92146]]]]}},{"type":"Feature","properties":{"id":690,"name":"13a","structure":"UNDEVELOPED","special":true,"revenue":1768,"m2_sampled":0,"m2_local":0,"m2_shared":0},"geometry":{"type":"MultiPolygon","coordinates":[[[[-114.20276,50.91694],[-114.19973,50.92062],[-114.19317,50.9208],[-114.18964,50.9173],[-114.19268,50.91362],[-114.19924,50.91344],[-114.20276,50.91694]]]]}},{"type":"Feature","properties":{"id":691,"name":"13a","structure":"UNDEVELOPED","special":true,"revenue":12258,"m2_sampled":0,"m2_local":0,"m2_shared":0},"geometry":{"type":"MultiPolygon","coordinates":[[[[-114.20227,50.90976],[-114.19924,50.91344],[-114.19268,50.91362],[-114.18915,50.91011],[-114.19218,50.90643],[-114.19874,50.90625],[-114.20227,50.90976]]]]}},{"type":"Feature","properties":{"id":692,"name":"13e","structure":"UNDEVELOPED","special":true,"revenue":1195,"m2_sampled":0,"m2_local":0,"m2_shared":0},"geometry":{"type":"MultiPolygon","coordinates":[[[[-114.20178,50.90257],[-114.19874,50.90625],[-114.19218,50.90643],[-114.18866,50.90293],[-114.19169,50.89925],[-114.19825,50.89907],[-114.20178,50.90257]]]]}},{"type":"Feature","properties":{"id":693,"name":"13e","structure":"UNDEVELOPED","special":true,"revenue":2360,"m2_sampled":0,"m2_local":0,"m2_shared":11313},"geometry":{"type":"MultiPolygon","coordinates":[[[[-114.19785,50.89198],[-114.20128,50.89539],[-114.19825,50.89907],[-114.19169,50.89925],[-114.18817,50.89575],[-114.1912,50.89207],[-114.19427,50.89198],[-114.19785,50.89198]]]]}},{"type":"Feature","properties":{"id":694,"name":"13e","structure":"UNDEVELOPED","special":true,"revenue":0,"m2_sampled":0,"m2_local":0,"m2_shared":0},"geometry":{"type":"MultiPolygon","coordinates":[[[[-114.19427,50.89198],[-114.1912,50.89207],[-114.19112,50.89198],[-114.19427,50.89198]]]]}},{"type":"Feature","properties":{"id":704,"name":"02k","structure":"UNDEVELOPED","special":true,"revenue":27,"m2_sampled":0,"m2_local":0,"m2_shared":0},"geometry":{"type":"MultiPolygon","coordinates":[[[[-114.20224,51.19776],[-114.20237,51.1976],[-114.20897,51.19742],[-114.20931,51.19777],[-114.20224,51.19776]]]]}},{"type":"Feature","properties":{"id":705,"name":"02k","structure":"UNDEVELOPED","special":true,"revenue":4195,"m2_sampled":0,"m2_local":2630,"m2_shared":0},"geometry":{"type":"MultiPolygon","coordinates":[[[[-114.21116,51.19325],[-114.21116,51.19393],[-114.21116,51.19415],[-114.21116,51.19477],[-114.20897,51.19742],[-114.20237,51.1976],[-114.19882,51.1941],[-114.20187,51.19042],[-114.20847,51.19024],[-114.21116,51.1929],[-114.21116,51.19325]]]]}},{"type":"Feature","properties":{"id":706,"name":"02k","structure":"UNDEVELOPED","special":true,"revenue":946,"m2_sampled":0,"m2_local":4547,"m2_shared":0},"geometry":{"type":"MultiPolygon","coordinates":[[[[-114.21114,51.18692],[-114.21121,51.18692],[-114.21121,51.18692],[-114.20847,51.19024],[-114.20187,51.19042],[-114.19832,51.18692],[-114.20137,51.18324],[-114.20797,51.18306],[-114.21114,51.18618],[-114.21114,51.18692]]]]}},{"type":"Feature","properties":{"id":707,"name":"02b","structure":"UNDEVELOPED","special":true,"revenue":64342,"m2_sampled":0,"m2_local":2049,"m2_shared":0},"geometry":{"type":"MultiPolygon","coordinates":[[[[-114.21102,51.17938],[-114.20797,51.18306],[-114.20137,51.18324],[-114.19782,51.17974],[-114.20087,51.17606],[-114.20747,51.17588],[-114.21102,51.17938]]]]}},{"type":"Feature","properties":{"id":708,"name":"02b","structure":"UNDEVELOPED","special":true,"revenue":64822,"m2_sampled":0,"m2_local":0,"m2_shared":0},"geometry":{"type":"MultiPolygon","coordinates":[[[[-114.21052,51.17219],[-114.20747,51.17588],[-114.20087,51.17606],[-114.19732,51.17256],[-114.20037,51.16887],[-114.20697,51.16869],[-114.21052,51.17219]]]]}},{"type":"Feature","properties":{"id":709,"name":"02e","structure":"OTHER","special":true,"revenue":7770,"m2_sampled":0,"m2_local":0,"m2_shared":0},"geometry":{"type":"MultiPolygon","coordinates":[[[[-114.21002,51.16501],[-114.20697,51.16869],[-114.20037,51.16887],[-114.19683,51.16537],[-114.19988,51.16169],[-114.20647,51.16151],[-114.21002,51.16501]]]]}},{"type":"Feature","properties":{"id":710,"name":"02e","structure":"OTHER","special":true,"revenue":69987,"m2_sampled":0,"m2_local":0,"m2_shared":0},"geometry":{"type":"MultiPolygon","coordinates":[[[[-114.20952,51.15783],[-114.20647,51.16151],[-114.19988,51.16169],[-114.19633,51.15819],[-114.19938,51.15451],[-114.20597,51.15433],[-114.20952,51.15783]]]]}},{"type":"Feature","properties":{"id":711,"name":"Royal Vista","structure":null,"special":false,"revenue":3552956,"m2_sampled":0,"m2_local":22213,"m2_shared":0},"geometry":{"type":"MultiPolygon","coordinates":[[[[-114.20902,51.15065],[-114.20597,51.15433],[-114.19938,51.15451],[-114.19583,51.15101],[-114.19888,51.14733],[-114.20548,51.14715],[-114.20902,51.15065]]]]}},{"type":"Feature","properties":{"id":712,"name":"Arbour Lake","structure":"2000s","special":false,"revenue":931125,"m2_sampled":21428,"m2_local":1015,"m2_shared":17784},"geometry":{"type":"MultiPolygon","coordinates":[[[[-114.20852,51.14346],[-114.20548,51.14715],[-114.19888,51.14733],[-114.19534,51.14383],[-114.19839,51.14014],[-114.20498,51.13996],[-114.20852,51.14346]]]]}},{"type":"Feature","properties":{"id":713,"name":"Arbour Lake","structure":"2000s","special":false,"revenue":2082790,"m2_sampled":42110,"m2_local":24124,"m2_shared":0},"geometry":{"type":"MultiPolygon","coordinates":[[[[-114.20802,51.13628],[-114.20498,51.13996],[-114.19839,51.14014],[-114.19484,51.13664],[-114.19789,51.13296],[-114.20448,51.13278],[-114.20802,51.13628]]]]}},{"type":"Feature","properties":{"id":714,"name":"Arbour Lake","structure":"2000s","special":false,"revenue":5262355,"m2_sampled":15643,"m2_local":36296,"m2_shared":0},"geometry":{"type":"MultiPolygon","coordinates":[[[[-114.20753,51.1291],[-114.20448,51.13278],[-114.19789,51.13296],[-114.19435,51.12946],[-114.19739,51.12578],[-114.20398,51.1256],[-114.20753,51.1291]]]]}},{"type":"Feature","properties":{"id":715,"name":"Ranchlands","structure":"1960s/1970s","special":false,"revenue":3145918,"m2_sampled":18281,"m2_local":25666,"m2_shared":63597},"geometry":{"type":"MultiPolygon","coordinates":[[[[-114.20703,51.12192],[-114.20398,51.1256],[-114.19739,51.12578],[-114.19385,51.12228],[-114.1969,51.1186],[-114.20348,51.11842],[-114.20703,51.12192]]]]}},{"type":"Feature","properties":{"id":716,"name":"Silver Springs","structure":"1960s/1970s","special":false,"revenue":2056199,"m2_sampled":50775,"m2_local":27518,"m2_shared":1848},"geometry":{"type":"MultiPolygon","coordinates":[[[[-114.20653,51.11473],[-114.20348,51.11842],[-114.1969,51.1186],[-114.19335,51.11509],[-114.1964,51.11141],[-114.20299,51.11123],[-114.20653,51.11473]]]]}},{"type":"Feature","properties":{"id":717,"name":"Silver Springs","structure":"1960s/1970s","special":false,"revenue":1442787,"m2_sampled":41068,"m2_local":24662,"m2_shared":0},"geometry":{"type":"MultiPolygon","coordinates":[[[[-114.20603,51.10755],[-114.20299,51.11123],[-114.1964,51.11141],[-114.19286,51.10791],[-114.1959,51.10423],[-114.20249,51.10405],[-114.20603,51.10755]]]]}},{"type":"Feature","properties":{"id":718,"name":"Silver Springs","structure":"1960s/1970s","special":false,"revenue":400687,"m2_sampled":11896,"m2_local":3792,"m2_shared":0},"geometry":{"type":"MultiPolygon","coordinates":[[[[-114.20554,51.10037],[-114.20249,51.10405],[-114.1959,51.10423],[-114.19236,51.10073],[-114.19541,51.09705],[-114.20199,51.09687],[-114.20554,51.10037]]]]}},{"type":"Feature","properties":{"id":719,"name":"Bowness","structure":"1950s","special":false,"revenue":1813264,"m2_sampled":63408,"m2_local":0,"m2_shared":0},"geometry":{"type":"MultiPolygon","coordinates":[[[[-114.20504,51.09319],[-114.20199,51.09687],[-114.19541,51.09705],[-114.19187,51.09355],[-114.19491,51.08987],[-114.2015,51.08968],[-114.20504,51.09319]]]]}},{"type":"Feature","properties":{"id":720,"name":"Bowness","structure":"1950s","special":false,"revenue":1767112,"m2_sampled":60981,"m2_local":19875,"m2_shared":0},"geometry":{"type":"MultiPolygon","coordinates":[[[[-114.20454,51.086],[-114.2015,51.08968],[-114.19491,51.08987],[-114.19137,51.08636],[-114.19442,51.08268],[-114.201,51.0825],[-114.20454,51.086]]]]}},{"type":"Feature","properties":{"id":721,"name":"Medicine Hill","structure":"2000s","special":false,"revenue":2127795,"m2_sampled":3024,"m2_local":13344,"m2_shared":19225},"geometry":{"type":"MultiPolygon","coordinates":[[[[-114.20404,51.07882],[-114.201,51.0825],[-114.19442,51.08268],[-114.19088,51.07918],[-114.19392,51.0755],[-114.20051,51.07532],[-114.20404,51.07882]]]]}},{"type":"Feature","properties":{"id":722,"name":"Cougar Ridge","structure":"2000s","special":false,"revenue":642303,"m2_sampled":9786,"m2_local":9820,"m2_shared":0},"geometry":{"type":"MultiPolygon","coordinates":[[[[-114.20355,51.07164],[-114.20051,51.07532],[-114.19392,51.0755],[-114.19038,51.072],[-114.19343,51.06832],[-114.20001,51.06814],[-114.20355,51.07164]]]]}},{"type":"Feature","properties":{"id":723,"name":"West Springs","structure":"BUILDING OUT","special":false,"revenue":2747586,"m2_sampled":50570,"m2_local":22263,"m2_shared":16920},"geometry":{"type":"MultiPolygon","coordinates":[[[[-114.20305,51.06446],[-114.20001,51.06814],[-114.19343,51.06832],[-114.18989,51.06482],[-114.19293,51.06113],[-114.19951,51.06095],[-114.20305,51.06446]]]]}},{"type":"Feature","properties":{"id":724,"name":"West Springs","structure":"BUILDING OUT","special":false,"revenue":3060257,"m2_sampled":44417,"m2_local":26603,"m2_shared":0},"geometry":{"type":"MultiPolygon","coordinates":[[[[-114.20256,51.05727],[-114.19951,51.06095],[-114.19293,51.06113],[-114.1894,51.05763],[-114.19244,51.05395],[-114.19902,51.05377],[-114.20256,51.05727]]]]}},{"type":"Feature","properties":{"id":725,"name":"Strathcona Park","structure":"1980s/1990s","special":false,"revenue":2178169,"m2_sampled":35819,"m2_local":11164,"m2_shared":13891},"geometry":{"type":"MultiPolygon","coordinates":[[[[-114.20206,51.05009],[-114.19902,51.05377],[-114.19244,51.05395],[-114.1889,51.05045],[-114.19194,51.04677],[-114.19852,51.04659],[-114.20206,51.05009]]]]}},{"type":"Feature","properties":{"id":726,"name":"Aspen Woods","structure":"BUILDING OUT","special":false,"revenue":2725459,"m2_sampled":35117,"m2_local":16200,"m2_shared":0},"geometry":{"type":"MultiPolygon","coordinates":[[[[-114.20156,51.04291],[-114.19852,51.04659],[-114.19194,51.04677],[-114.18841,51.04327],[-114.19145,51.03959],[-114.19803,51.03941],[-114.20156,51.04291]]]]}},{"type":"Feature","properties":{"id":727,"name":"Springbank Hill","structure":"BUILDING OUT","special":false,"revenue":1608752,"m2_sampled":28367,"m2_local":3387,"m2_shared":19316},"geometry":{"type":"MultiPolygon","coordinates":[[[[-114.20107,51.03572],[-114.19803,51.03941],[-114.19145,51.03959],[-114.18791,51.03608],[-114.19096,51.0324],[-114.19753,51.03222],[-114.20107,51.03572]]]]}},{"type":"Feature","properties":{"id":728,"name":"Springbank Hill","structure":"BUILDING OUT","special":false,"revenue":2078737,"m2_sampled":52203,"m2_local":0,"m2_shared":1577},"geometry":{"type":"MultiPolygon","coordinates":[[[[-114.20057,51.02854],[-114.19753,51.03222],[-114.19096,51.0324],[-114.18742,51.0289],[-114.19046,51.02522],[-114.19704,51.02504],[-114.20057,51.02854]]]]}},{"type":"Feature","properties":{"id":729,"name":"Springbank Hill","structure":"BUILDING OUT","special":false,"revenue":2489020,"m2_sampled":57712,"m2_local":7377,"m2_shared":13019},"geometry":{"type":"MultiPolygon","coordinates":[[[[-114.20008,51.02136],[-114.19704,51.02504],[-114.19046,51.02522],[-114.18693,51.02172],[-114.18997,51.01804],[-114.19654,51.01786],[-114.20008,51.02136]]]]}},{"type":"Feature","properties":{"id":730,"name":"Signal Hill","structure":"1980s/1990s","special":false,"revenue":902544,"m2_sampled":10487,"m2_local":2181,"m2_shared":17635},"geometry":{"type":"MultiPolygon","coordinates":[[[[-114.19958,51.01418],[-114.19654,51.01786],[-114.18997,51.01804],[-114.18644,51.01454],[-114.18948,51.01085],[-114.19605,51.01067],[-114.19958,51.01418]]]]}},{"type":"Feature","properties":{"id":731,"name":"Discovery Ridge","structure":"2000s","special":false,"revenue":395623,"m2_sampled":7139,"m2_local":0,"m2_shared":0},"geometry":{"type":"MultiPolygon","coordinates":[[[[-114.18787,51.00867],[-114.18966,51.00867],[-114.19069,51.00867],[-114.1977,51.00868],[-114.19605,51.01067],[-114.18948,51.01085],[-114.18727,51.00867],[-114.18787,51.00867]]]]}},{"type":"Feature","properties":{"id":743,"name":"13a","structure":"UNDEVELOPED","special":true,"revenue":7361,"m2_sampled":0,"m2_local":4849,"m2_shared":0},"geometry":{"type":"MultiPolygon","coordinates":[[[[-114.1867,50.92145],[-114.18035,50.92145],[-114.18005,50.92116],[-114.18308,50.91748],[-114.18964,50.9173],[-114.19317,50.9208],[-114.19263,50.92146],[-114.1867,50.92145]]]]}},{"type":"Feature","properties":{"id":744,"name":"13c","structure":"UNDEVELOPED","special":true,"revenue":2173,"m2_sampled":0,"m2_local":0,"m2_shared":0},"geometry":{"type":"MultiPolygon","coordinates":[[[[-114.19268,50.91362],[-114.18964,50.9173],[-114.18308,50.91748],[-114.17956,50.91397],[-114.18259,50.91029],[-114.18915,50.91011],[-114.19268,50.91362]]]]}},{"type":"Feature","properties":{"id":745,"name":"13f","structure":"UNDEVELOPED","special":true,"revenue":1203,"m2_sampled":0,"m2_local":0,"m2_shared":0},"geometry":{"type":"MultiPolygon","coordinates":[[[[-114.19218,50.90643],[-114.18915,50.91011],[-114.18259,50.91029],[-114.17907,50.90679],[-114.1821,50.90311],[-114.18866,50.90293],[-114.19218,50.90643]]]]}},{"type":"Feature","properties":{"id":746,"name":"13f","structure":"UNDEVELOPED","special":true,"revenue":4005,"m2_sampled":0,"m2_local":0,"m2_shared":0},"geometry":{"type":"MultiPolygon","coordinates":[[[[-114.19169,50.89925],[-114.18866,50.90293],[-114.1821,50.90311],[-114.17858,50.89961],[-114.18161,50.89593],[-114.18817,50.89575],[-114.19169,50.89925]]]]}},{"type":"Feature","properties":{"id":747,"name":"13f","structure":"UNDEVELOPED","special":true,"revenue":467,"m2_sampled":0,"m2_local":0,"m2_shared":19611},"geometry":{"type":"MultiPolygon","coordinates":[[[[-114.18626,50.89206],[-114.18689,50.89199],[-114.19112,50.89198],[-114.1912,50.89207],[-114.18817,50.89575],[-114.18161,50.89593],[-114.17809,50.89243],[-114.1784,50.89205],[-114.18626,50.89206]]]]}},{"type":"Feature","properties":{"id":759,"name":"02k","structure":"UNDEVELOPED","special":true,"revenue":429,"m2_sampled":0,"m2_local":0,"m2_shared":0},"geometry":{"type":"MultiPolygon","coordinates":[[[[-114.19936,51.19776],[-114.18934,51.19775],[-114.19222,51.19428],[-114.19882,51.1941],[-114.20237,51.1976],[-114.20224,51.19776],[-114.19936,51.19776]]]]}},{"type":"Feature","properties":{"id":760,"name":"02k","structure":"UNDEVELOPED","special":true,"revenue":788,"m2_sampled":0,"m2_local":0,"m2_shared":0},"geometry":{"type":"MultiPolygon","coordinates":[[[[-114.20187,51.19042],[-114.19882,51.1941],[-114.19222,51.19428],[-114.18867,51.19078],[-114.19172,51.1871],[-114.19832,51.18692],[-114.20187,51.19042]]]]}},{"type":"Feature","properties":{"id":761,"name":"02k","structure":"UNDEVELOPED","special":true,"revenue":26869,"m2_sampled":0,"m2_local":9857,"m2_shared":0},"geometry":{"type":"MultiPolygon","coordinates":[[[[-114.20137,51.18324],[-114.19832,51.18692],[-114.19172,51.1871],[-114.18817,51.1836],[-114.19122,51.17992],[-114.19782,51.17974],[-114.20137,51.18324]]]]}},{"type":"Feature","properties":{"id":762,"name":"02b","structure":"UNDEVELOPED","special":true,"revenue":64794,"m2_sampled":0,"m2_local":0,"m2_shared":0},"geometry":{"type":"MultiPolygon","coordinates":[[[[-114.20087,51.17606],[-114.19782,51.17974],[-114.19122,51.17992],[-114.18768,51.17642],[-114.19073,51.17274],[-114.19732,51.17256],[-114.20087,51.17606]]]]}},{"type":"Feature","properties":{"id":763,"name":"02b","structure":"UNDEVELOPED","special":true,"revenue":68829,"m2_sampled":0,"m2_local":0,"m2_shared":0},"geometry":{"type":"MultiPolygon","coordinates":[[[[-114.20037,51.16887],[-114.19732,51.17256],[-114.19073,51.17274],[-114.18718,51.16923],[-114.19023,51.16555],[-114.19683,51.16537],[-114.20037,51.16887]]]]}},{"type":"Feature","properties":{"id":764,"name":"02e","structure":"OTHER","special":true,"revenue":107062,"m2_sampled":0,"m2_local":0,"m2_shared":0},"geometry":{"type":"MultiPolygon","coordinates":[[[[-114.19988,51.16169],[-114.19683,51.16537],[-114.19023,51.16555],[-114.18669,51.16205],[-114.18974,51.15837],[-114.19633,51.15819],[-114.19988,51.16169]]]]}},{"type":"Feature","properties":{"id":765,"name":"02e","structure":"OTHER","special":true,"revenue":2401786,"m2_sampled":0,"m2_local":15769,"m2_shared":0},"geometry":{"type":"MultiPolygon","coordinates":[[[[-114.19938,51.15451],[-114.19633,51.15819],[-114.18974,51.15837],[-114.18619,51.15487],[-114.18924,51.15119],[-114.19583,51.15101],[-114.19938,51.15451]]]]}},{"type":"Feature","properties":{"id":766,"name":"Citadel","structure":"1980s/1990s","special":false,"revenue":1767799,"m2_sampled":38995,"m2_local":11023,"m2_shared":0},"geometry":{"type":"MultiPolygon","coordinates":[[[[-114.19888,51.14733],[-114.19583,51.15101],[-114.18924,51.15119],[-114.1857,51.14769],[-114.18875,51.14401],[-114.19534,51.14383],[-114.19888,51.14733]]]]}},{"type":"Feature","properties":{"id":767,"name":"Arbour Lake","structure":"2000s","special":false,"revenue":1674901,"m2_sampled":42108,"m2_local":11618,"m2_shared":13362},"geometry":{"type":"MultiPolygon","coordinates":[[[[-114.19839,51.14014],[-114.19534,51.14383],[-114.18875,51.14401],[-114.1852,51.1405],[-114.18825,51.13682],[-114.19484,51.13664],[-114.19839,51.14014]]]]}},{"type":"Feature","properties":{"id":768,"name":"Arbour Lake","structure":"2000s","special":false,"revenue":1583499,"m2_sampled":34582,"m2_local":11129,"m2_shared":17108},"geometry":{"type":"MultiPolygon","coordinates":[[[[-114.19789,51.13296],[-114.19484,51.13664],[-114.18825,51.13682],[-114.18471,51.13332],[-114.18775,51.12964],[-114.19435,51.12946],[-114.19789,51.13296]]]]}},{"type":"Feature","properties":{"id":769,"name":"Ranchlands","structure":"1960s/1970s","special":false,"revenue":1686873,"m2_sampled":45058,"m2_local":14304,"m2_shared":34202},"geometry":{"type":"MultiPolygon","coordinates":[[[[-114.19739,51.12578],[-114.19435,51.12946],[-114.18775,51.12964],[-114.18421,51.12614],[-114.18726,51.12246],[-114.19385,51.12228],[-114.19739,51.12578]]]]}},{"type":"Feature","properties":{"id":770,"name":"Ranchlands","structure":"1960s/1970s","special":false,"revenue":1473043,"m2_sampled":39352,"m2_local":21583,"m2_shared":15283},"geometry":{"type":"MultiPolygon","coordinates":[[[[-114.1969,51.1186],[-114.19385,51.12228],[-114.18726,51.12246],[-114.18372,51.11896],[-114.18677,51.11527],[-114.19335,51.11509],[-114.1969,51.1186]]]]}},{"type":"Feature","properties":{"id":771,"name":"Silver Springs","structure":"1960s/1970s","special":false,"revenue":1488504,"m2_sampled":48080,"m2_local":15118,"m2_shared":8023},"geometry":{"type":"MultiPolygon","coordinates":[[[[-114.1964,51.11141],[-114.19335,51.11509],[-114.18677,51.11527],[-114.18322,51.11177],[-114.18627,51.10809],[-114.19286,51.10791],[-114.1964,51.11141]]]]}},{"type":"Feature","properties":{"id":772,"name":"Silver Springs","structure":"1960s/1970s","special":false,"revenue":1488762,"m2_sampled":43024,"m2_local":29945,"m2_shared":0},"geometry":{"type":"MultiPolygon","coordinates":[[[[-114.1959,51.10423],[-114.19286,51.10791],[-114.18627,51.10809],[-114.18273,51.10459],[-114.18578,51.10091],[-114.19236,51.10073],[-114.1959,51.10423]]]]}},{"type":"Feature","properties":{"id":773,"name":"Silver Springs","structure":"1960s/1970s","special":false,"revenue":847426,"m2_sampled":26808,"m2_local":0,"m2_shared":0},"geometry":{"type":"MultiPolygon","coordinates":[[[[-114.19541,51.09705],[-114.19236,51.10073],[-114.18578,51.10091],[-114.18224,51.09741],[-114.18528,51.09373],[-114.19187,51.09355],[-114.19541,51.09705]]]]}},{"type":"Feature","properties":{"id":774,"name":"Bowness","structure":"1950s","special":false,"revenue":873511,"m2_sampled":36439,"m2_local":8228,"m2_shared":0},"geometry":{"type":"MultiPolygon","coordinates":[[[[-114.19491,51.08987],[-114.19187,51.09355],[-114.18528,51.09373],[-114.18174,51.09022],[-114.18479,51.08654],[-114.19137,51.08636],[-114.19491,51.08987]]]]}},{"type":"Feature","properties":{"id":775,"name":"Bowness","structure":"1950s","special":false,"revenue":2064898,"m2_sampled":39992,"m2_local":10221,"m2_shared":39137},"geometry":{"type":"MultiPolygon","coordinates":[[[[-114.19442,51.08268],[-114.19137,51.08636],[-114.18479,51.08654],[-114.18125,51.08304],[-114.18429,51.07936],[-114.19088,51.07918],[-114.19442,51.08268]]]]}},{"type":"Feature","properties":{"id":776,"name":"Medicine Hill","structure":"2000s","special":false,"revenue":303128,"m2_sampled":7383,"m2_local":4293,"m2_shared":56648},"geometry":{"type":"MultiPolygon","coordinates":[[[[-114.19392,51.0755],[-114.19088,51.07918],[-114.18429,51.07936],[-114.18076,51.07586],[-114.1838,51.07218],[-114.19038,51.072],[-114.19392,51.0755]]]]}},{"type":"Feature","properties":{"id":777,"name":"Patterson","structure":"1980s/1990s","special":false,"revenue":1359192,"m2_sampled":30695,"m2_local":0,"m2_shared":9768},"geometry":{"type":"MultiPolygon","coordinates":[[[[-114.19343,51.06832],[-114.19038,51.072],[-114.1838,51.07218],[-114.18026,51.06868],[-114.18331,51.065],[-114.18989,51.06482],[-114.19343,51.06832]]]]}},{"type":"Feature","properties":{"id":778,"name":"Coach Hill","structure":"1980s/1990s","special":false,"revenue":2650155,"m2_sampled":47271,"m2_local":8495,"m2_shared":17428},"geometry":{"type":"MultiPolygon","coordinates":[[[[-114.19293,51.06113],[-114.18989,51.06482],[-114.18331,51.065],[-114.17977,51.06149],[-114.18282,51.05781],[-114.1894,51.05763],[-114.19293,51.06113]]]]}},{"type":"Feature","properties":{"id":779,"name":"Coach Hill","structure":"1980s/1990s","special":false,"revenue":1939049,"m2_sampled":45781,"m2_local":6341,"m2_shared":38328},"geometry":{"type":"MultiPolygon","coordinates":[[[[-114.19244,51.05395],[-114.1894,51.05763],[-114.18282,51.05781],[-114.17928,51.05431],[-114.18232,51.05063],[-114.1889,51.05045],[-114.19244,51.05395]]]]}},{"type":"Feature","properties":{"id":780,"name":"Strathcona Park","structure":"1980s/1990s","special":false,"revenue":1974164,"m2_sampled":32360,"m2_local":28462,"m2_shared":23015},"geometry":{"type":"MultiPolygon","coordinates":[[[[-114.19194,51.04677],[-114.1889,51.05045],[-114.18232,51.05063],[-114.17879,51.04713],[-114.18183,51.04345],[-114.18841,51.04327],[-114.19194,51.04677]]]]}},{"type":"Feature","properties":{"id":781,"name":"Christie Park","structure":"1980s/1990s","special":false,"revenue":2216048,"m2_sampled":51091,"m2_local":0,"m2_shared":36358},"geometry":{"type":"MultiPolygon","coordinates":[[[[-114.19145,51.03959],[-114.18841,51.04327],[-114.18183,51.04345],[-114.17829,51.03994],[-114.18134,51.03626],[-114.18791,51.03608],[-114.19145,51.03959]]]]}},{"type":"Feature","properties":{"id":782,"name":"Signal Hill","structure":"1980s/1990s","special":false,"revenue":2063973,"m2_sampled":50295,"m2_local":22495,"m2_shared":20425},"geometry":{"type":"MultiPolygon","coordinates":[[[[-114.19096,51.0324],[-114.18791,51.03608],[-114.18134,51.03626],[-114.1778,51.03276],[-114.18084,51.02908],[-114.18742,51.0289],[-114.19096,51.0324]]]]}},{"type":"Feature","properties":{"id":783,"name":"Signal Hill","structure":"1980s/1990s","special":false,"revenue":2226411,"m2_sampled":41492,"m2_local":14487,"m2_shared":17031},"geometry":{"type":"MultiPolygon","coordinates":[[[[-114.19046,51.02522],[-114.18742,51.0289],[-114.18084,51.02908],[-114.17731,51.02558],[-114.18035,51.0219],[-114.18693,51.02172],[-114.19046,51.02522]]]]}},{"type":"Feature","properties":{"id":784,"name":"Signal Hill","structure":"1980s/1990s","special":false,"revenue":2309600,"m2_sampled":43223,"m2_local":22822,"m2_shared":0},"geometry":{"type":"MultiPolygon","coordinates":[[[[-114.18997,51.01804],[-114.18693,51.02172],[-114.18035,51.0219],[-114.17682,51.0184],[-114.17986,51.01472],[-114.18644,51.01454],[-114.18997,51.01804]]]]}},{"type":"Feature","properties":{"id":785,"name":"Signal Hill","structure":"1980s/1990s","special":false,"revenue":1238808,"m2_sampled":25718,"m2_local":7695,"m2_shared":819},"geometry":{"type":"MultiPolygon","coordinates":[[[[-114.18308,51.00811],[-114.18442,51.00839],[-114.18571,51.00867],[-114.18727,51.00867],[-114.18948,51.01085],[-114.18644,51.01454],[-114.17986,51.01472],[-114.17633,51.01121],[-114.17937,51.00753],[-114.18026,51.00751],[-114.18308,51.00811]]]]}},{"type":"Feature","properties":{"id":786,"name":"11b","structure":"UNDEVELOPED","special":true,"revenue":0,"m2_sampled":0,"m2_local":0,"m2_shared":0},"geometry":{"type":"MultiPolygon","coordinates":[[[[-114.18026,51.00751],[-114.17937,51.00753],[-114.17909,51.00726],[-114.18026,51.00751]]]]}},{"type":"Feature","properties":{"id":797,"name":"13c","structure":"UNDEVELOPED","special":true,"revenue":96,"m2_sampled":0,"m2_local":4533,"m2_shared":0},"geometry":{"type":"MultiPolygon","coordinates":[[[[-114.17497,50.92146],[-114.17339,50.92146],[-114.17349,50.92134],[-114.18005,50.92116],[-114.18035,50.92145],[-114.17497,50.92146]]]]}},{"type":"Feature","properties":{"id":798,"name":"13c","structure":"UNDEVELOPED","special":true,"revenue":11999,"m2_sampled":0,"m2_local":682,"m2_shared":0},"geometry":{"type":"MultiPolygon","coordinates":[[[[-114.18308,50.91748],[-114.18005,50.92116],[-114.17349,50.92134],[-114.16996,50.91783],[-114.173,50.91415],[-114.17956,50.91397],[-114.18308,50.91748]]]]}},{"type":"Feature","properties":{"id":799,"name":"13c","structure":"UNDEVELOPED","special":true,"revenue":980,"m2_sampled":0,"m2_local":0,"m2_shared":0},"geometry":{"type":"MultiPolygon","coordinates":[[[[-114.18259,50.91029],[-114.17956,50.91397],[-114.173,50.91415],[-114.16947,50.91065],[-114.17251,50.90697],[-114.17907,50.90679],[-114.18259,50.91029]]]]}},{"type":"Feature","properties":{"id":800,"name":"13f","structure":"UNDEVELOPED","special":true,"revenue":14032,"m2_sampled":0,"m2_local":0,"m2_shared":0},"geometry":{"type":"MultiPolygon","coordinates":[[[[-114.1821,50.90311],[-114.17907,50.90679],[-114.17251,50.90697],[-114.16898,50.90347],[-114.17202,50.89979],[-114.17858,50.89961],[-114.1821,50.90311]]]]}},{"type":"Feature","properties":{"id":801,"name":"13f","structure":"UNDEVELOPED","special":true,"revenue":29279,"m2_sampled":0,"m2_local":0,"m2_shared":9264},"geometry":{"type":"MultiPolygon","coordinates":[[[[-114.18161,50.89593],[-114.17858,50.89961],[-114.17202,50.89979],[-114.1685,50.89628],[-114.17153,50.8926],[-114.17809,50.89243],[-114.18161,50.89593]]]]}},{"type":"Feature","properties":{"id":802,"name":"13f","structure":"UNDEVELOPED","special":true,"revenue":0,"m2_sampled":0,"m2_local":0,"m2_shared":1423},"geometry":{"type":"MultiPolygon","coordinates":[[[[-114.17156,50.89203],[-114.175,50.89204],[-114.1784,50.89205],[-114.17809,50.89243],[-114.17153,50.8926],[-114.17095,50.89203],[-114.17156,50.89203]]]]}},{"type":"Feature","properties":{"id":813,"name":"Glacier Ridge","structure":"BUILDING OUT","special":false,"revenue":225,"m2_sampled":0,"m2_local":0,"m2_shared":0},"geometry":{"type":"MultiPolygon","coordinates":[[[[-114.18783,51.19775],[-114.18755,51.19775],[-114.18216,51.19774],[-114.17902,51.19464],[-114.18207,51.19096],[-114.18867,51.19078],[-114.19222,51.19428],[-114.18934,51.19775],[-114.18783,51.19775]]]]}},{"type":"Feature","properties":{"id":814,"name":"Glacier Ridge","structure":"BUILDING OUT","special":false,"revenue":51,"m2_sampled":0,"m2_local":0,"m2_shared":0},"geometry":{"type":"MultiPolygon","coordinates":[[[[-114.19172,51.1871],[-114.18867,51.19078],[-114.18207,51.19096],[-114.17852,51.18746],[-114.18158,51.18378],[-114.18817,51.1836],[-114.19172,51.1871]]]]}},{"type":"Feature","properties":{"id":815,"name":"02c","structure":"UNDEVELOPED","special":true,"revenue":143845,"m2_sampled":0,"m2_local":5762,"m2_shared":21},"geometry":{"type":"MultiPolygon","coordinates":[[[[-114.19122,51.17992],[-114.18817,51.1836],[-114.18158,51.18378],[-114.17803,51.18028],[-114.18108,51.1766],[-114.18768,51.17642],[-114.19122,51.17992]]]]}},{"type":"Feature","properties":{"id":816,"name":"02c","structure":"UNDEVELOPED","special":true,"revenue":84428,"m2_sampled":0,"m2_local":0,"m2_shared":0},"geometry":{"type":"MultiPolygon","coordinates":[[[[-114.19073,51.17274],[-114.18768,51.17642],[-114.18108,51.1766],[-114.17753,51.1731],[-114.18059,51.16941],[-114.18718,51.16923],[-114.19073,51.17274]]]]}},{"type":"Feature","properties":{"id":817,"name":"02f","structure":"OTHER","special":true,"revenue":25651,"m2_sampled":0,"m2_local":0,"m2_shared":0},"geometry":{"type":"MultiPolygon","coordinates":[[[[-114.19023,51.16555],[-114.18718,51.16923],[-114.18059,51.16941],[-114.17704,51.16591],[-114.18009,51.16223],[-114.18669,51.16205],[-114.19023,51.16555]]]]}},{"type":"Feature","properties":{"id":818,"name":"02f","structure":"OTHER","special":true,"revenue":25710,"m2_sampled":0,"m2_local":0,"m2_shared":0},"geometry":{"type":"MultiPolygon","coordinates":[[[[-114.18974,51.15837],[-114.18669,51.16205],[-114.18009,51.16223],[-114.17655,51.15873],[-114.1796,51.15505],[-114.18619,51.15487],[-114.18974,51.15837]]]]}},{"type":"Feature","properties":{"id":819,"name":"02f","structure":"OTHER","special":true,"revenue":729525,"m2_sampled":12415,"m2_local":9126,"m2_shared":0},"geometry":{"type":"MultiPolygon","coordinates":[[[[-114.18924,51.15119],[-114.18619,51.15487],[-114.1796,51.15505],[-114.17605,51.15155],[-114.1791,51.14787],[-114.1857,51.14769],[-114.18924,51.15119]]]]}},{"type":"Feature","properties":{"id":820,"name":"Citadel","structure":"1980s/1990s","special":false,"revenue":1934341,"m2_sampled":45845,"m2_local":23202,"m2_shared":17078},"geometry":{"type":"MultiPolygon","coordinates":[[[[-114.18875,51.14401],[-114.1857,51.14769],[-114.1791,51.14787],[-114.17556,51.14436],[-114.17861,51.14068],[-114.1852,51.1405],[-114.18875,51.14401]]]]}},{"type":"Feature","properties":{"id":821,"name":"Hawkwood","structure":"1980s/1990s","special":false,"revenue":1927027,"m2_sampled":53112,"m2_local":16221,"m2_shared":24199},"geometry":{"type":"MultiPolygon","coordinates":[[[[-114.18825,51.13682],[-114.1852,51.1405],[-114.17861,51.14068],[-114.17507,51.13718],[-114.17812,51.1335],[-114.18471,51.13332],[-114.18825,51.13682]]]]}},{"type":"Feature","properties":{"id":822,"name":"Hawkwood","structure":"1980s/1990s","special":false,"revenue":1849778,"m2_sampled":36688,"m2_local":21200,"m2_shared":0},"geometry":{"type":"MultiPolygon","coordinates":[[[[-114.18775,51.12964],[-114.18471,51.13332],[-114.17812,51.1335],[-114.17457,51.13],[-114.17762,51.12632],[-114.18421,51.12614],[-114.18775,51.12964]]]]}},{"type":"Feature","properties":{"id":823,"name":"Ranchlands","structure":"1960s/1970s","special":false,"revenue":1748459,"m2_sampled":43418,"m2_local":27347,"m2_shared":18493},"geometry":{"type":"MultiPolygon","coordinates":[[[[-114.18726,51.12246],[-114.18421,51.12614],[-114.17762,51.12632],[-114.17408,51.12282],[-114.17713,51.11914],[-114.18372,51.11896],[-114.18726,51.12246]]]]}},{"type":"Feature","properties":{"id":824,"name":"Ranchlands","structure":"1960s/1970s","special":false,"revenue":1571344,"m2_sampled":25205,"m2_local":17489,"m2_shared":27471},"geometry":{"type":"MultiPolygon","coordinates":[[[[-114.18677,51.11527],[-114.18372,51.11896],[-114.17713,51.11914],[-114.17359,51.11563],[-114.17664,51.11195],[-114.18322,51.11177],[-114.18677,51.11527]]]]}},{"type":"Feature","properties":{"id":825,"name":"Varsity","structure":"1960s/1970s","special":false,"revenue":1072156,"m2_sampled":23873,"m2_local":21431,"m2_shared":45179},"geometry":{"type":"MultiPolygon","coordinates":[[[[-114.18627,51.10809],[-114.18322,51.11177],[-114.17664,51.11195],[-114.1731,51.10845],[-114.17614,51.10477],[-114.18273,51.10459],[-114.18627,51.10809]]]]}},{"type":"Feature","properties":{"id":826,"name":"Varsity","structure":"1960s/1970s","special":false,"revenue":1046200,"m2_sampled":27227,"m2_local":12532,"m2_shared":0},"geometry":{"type":"MultiPolygon","coordinates":[[[[-114.18578,51.10091],[-114.18273,51.10459],[-114.17614,51.10477],[-114.1726,51.10127],[-114.17565,51.09759],[-114.18224,51.09741],[-114.18578,51.10091]]]]}},{"type":"Feature","properties":{"id":827,"name":"Silver Springs","structure":"1960s/1970s","special":false,"revenue":72820,"m2_sampled":3162,"m2_local":0,"m2_shared":0},"geometry":{"type":"MultiPolygon","coordinates":[[[[-114.18528,51.09373],[-114.18224,51.09741],[-114.17565,51.09759],[-114.17211,51.09408],[-114.17516,51.0904],[-114.18174,51.09022],[-114.18528,51.09373]]]]}},{"type":"Feature","properties":{"id":828,"name":"Bowness","structure":"1950s","special":false,"revenue":1940920,"m2_sampled":31702,"m2_local":8891,"m2_shared":0},"geometry":{"type":"MultiPolygon","coordinates":[[[[-114.18479,51.08654],[-114.18174,51.09022],[-114.17516,51.0904],[-114.17162,51.0869],[-114.17467,51.08322],[-114.18125,51.08304],[-114.18479,51.08654]]]]}},{"type":"Feature","properties":{"id":829,"name":"Bowness","structure":"1950s","special":false,"revenue":938102,"m2_sampled":34674,"m2_local":4350,"m2_shared":13261},"geometry":{"type":"MultiPolygon","coordinates":[[[[-114.18429,51.07936],[-114.18125,51.08304],[-114.17467,51.08322],[-114.17113,51.07972],[-114.17417,51.07604],[-114.18076,51.07586],[-114.18429,51.07936]]]]}},{"type":"Feature","properties":{"id":830,"name":"Bowness","structure":"1950s","special":false,"revenue":130989,"m2_sampled":0,"m2_local":0,"m2_shared":11816},"geometry":{"type":"MultiPolygon","coordinates":[[[[-114.1838,51.07218],[-114.18076,51.07586],[-114.17417,51.07604],[-114.17064,51.07254],[-114.17368,51.06886],[-114.18026,51.06868],[-114.1838,51.07218]]]]}},{"type":"Feature","properties":{"id":831,"name":"Patterson","structure":"1980s/1990s","special":false,"revenue":1665340,"m2_sampled":50510,"m2_local":0,"m2_shared":13929},"geometry":{"type":"MultiPolygon","coordinates":[[[[-114.18331,51.065],[-114.18026,51.06868],[-114.17368,51.06886],[-114.17015,51.06535],[-114.17319,51.06167],[-114.17977,51.06149],[-114.18331,51.065]]]]}},{"type":"Feature","properties":{"id":832,"name":"Coach Hill","structure":"1980s/1990s","special":false,"revenue":2075490,"m2_sampled":49139,"m2_local":3735,"m2_shared":19278},"geometry":{"type":"MultiPolygon","coordinates":[[[[-114.18282,51.05781],[-114.17977,51.06149],[-114.17319,51.06167],[-114.16965,51.05817],[-114.1727,51.05449],[-114.17928,51.05431],[-114.18282,51.05781]]]]}},{"type":"Feature","properties":{"id":833,"name":"Strathcona Park","structure":"1980s/1990s","special":false,"revenue":1802863,"m2_sampled":49307,"m2_local":8057,"m2_shared":20679},"geometry":{"type":"MultiPolygon","coordinates":[[[[-114.18232,51.05063],[-114.17928,51.05431],[-114.1727,51.05449],[-114.16916,51.05099],[-114.17221,51.04731],[-114.17879,51.04713],[-114.18232,51.05063]]]]}},{"type":"Feature","properties":{"id":834,"name":"Strathcona Park","structure":"1980s/1990s","special":false,"revenue":1827469,"m2_sampled":44144,"m2_local":15779,"m2_shared":0},"geometry":{"type":"MultiPolygon","coordinates":[[[[-114.18183,51.04345],[-114.17879,51.04713],[-114.17221,51.04731],[-114.16867,51.0438],[-114.17172,51.04012],[-114.17829,51.03994],[-114.18183,51.04345]]]]}},{"type":"Feature","properties":{"id":835,"name":"Christie Park","structure":"1980s/1990s","special":false,"revenue":2954370,"m2_sampled":51812,"m2_local":11575,"m2_shared":21990},"geometry":{"type":"MultiPolygon","coordinates":[[[[-114.18134,51.03626],[-114.17829,51.03994],[-114.17172,51.04012],[-114.16818,51.03662],[-114.17123,51.03294],[-114.1778,51.03276],[-114.18134,51.03626]]]]}},{"type":"Feature","properties":{"id":836,"name":"Signal Hill","structure":"1980s/1990s","special":false,"revenue":2361343,"m2_sampled":48360,"m2_local":23809,"m2_shared":0},"geometry":{"type":"MultiPolygon","coordinates":[[[[-114.18084,51.02908],[-114.1778,51.03276],[-114.17123,51.03294],[-114.16769,51.02944],[-114.17074,51.02576],[-114.17731,51.02558],[-114.18084,51.02908]]]]}},{"type":"Feature","properties":{"id":837,"name":"Signal Hill","structure":"1980s/1990s","special":false,"revenue":2626598,"m2_sampled":29797,"m2_local":17397,"m2_shared":0},"geometry":{"type":"MultiPolygon","coordinates":[[[[-114.18035,51.0219],[-114.17731,51.02558],[-114.17074,51.02576],[-114.1672,51.02226],[-114.17024,51.01857],[-114.17682,51.0184],[-114.18035,51.0219]]]]}},{"type":"Feature","properties":{"id":838,"name":"Signal Hill","structure":"1980s/1990s","special":false,"revenue":5002991,"m2_sampled":14894,"m2_local":22283,"m2_shared":18078},"geometry":{"type":"MultiPolygon","coordinates":[[[[-114.17986,51.01472],[-114.17682,51.0184],[-114.17024,51.01857],[-114.16671,51.01507],[-114.16975,51.01139],[-114.17633,51.01121],[-114.17986,51.01472]]]]}},{"type":"Feature","properties":{"id":839,"name":"11b","structure":"UNDEVELOPED","special":true,"revenue":203674,"m2_sampled":1599,"m2_local":3903,"m2_shared":26890},"geometry":{"type":"MultiPolygon","coordinates":[[[[-114.16962,51.00486],[-114.16963,51.00489],[-114.16996,51.00525],[-114.17249,51.00589],[-114.17342,51.00613],[-114.17415,51.00632],[-114.17441,51.00573],[-114.17446,51.0054],[-114.1745,51.0054],[-114.1746,51.00541],[-114.17547,51.00543],[-114.17557,51.00543],[-114.17557,51.00544],[-114.17576,51.00655],[-114.17607,51.00661],[-114.17909,51.00726],[-114.17937,51.00753],[-114.17633,51.01121],[-114.16975,51.01139],[-114.16622,51.00789],[-114.16926,51.00421],[-114.16956,51.0042],[-114.16962,51.00486]]]]}},{"type":"Feature","properties":{"id":840,"name":"11b","structure":"UNDEVELOPED","special":true,"revenue":0,"m2_sampled":0,"m2_local":2725,"m2_shared":7916},"geometry":{"type":"MultiPolygon","coordinates":[[[[-114.17175,50.99789],[-114.17249,50.99909],[-114.17293,50.99979],[-114.17205,51.0007],[-114.17177,51.001],[-114.17176,51.00102],[-114.17165,51.00129],[-114.17161,51.00138],[-114.17159,51.00142],[-114.17154,51.00155],[-114.17136,51.00197],[-114.17131,51.0021],[-114.17111,51.00208],[-114.17053,51.00203],[-114.16978,51.0026],[-114.16964,51.0027],[-114.16961,51.00293],[-114.16951,51.00373],[-114.16954,51.00399],[-114.16954,51.00401],[-114.16956,51.0042],[-114.16926,51.00421],[-114.16573,51.00071],[-114.16877,50.99703],[-114.17268,50.99692],[-114.17175,50.99789]]]]}},{"type":"Feature","properties":{"id":841,"name":"11b","structure":"UNDEVELOPED","special":true,"revenue":0,"m2_sampled":0,"m2_local":8368,"m2_shared":2691},"geometry":{"type":"MultiPolygon","coordinates":[[[[-114.17248,50.98995],[-114.17255,50.98996],[-114.17255,50.98996],[-114.17542,50.99052],[-114.17453,50.99418],[-114.17426,50.99528],[-114.17268,50.99692],[-114.16877,50.99703],[-114.16524,50.99352],[-114.16829,50.98984],[-114.17182,50.98975],[-114.17248,50.98995]]]]}},{"type":"Feature","properties":{"id":842,"name":"11b","structure":"UNDEVELOPED","special":true,"revenue":0,"m2_sampled":0,"m2_local":1160,"m2_shared":0},"geometry":{"type":"MultiPolygon","coordinates":[[[[-114.16704,50.98462],[-114.16726,50.98494],[-114.16748,50.98526],[-114.16768,50.98558],[-114.16788,50.9859],[-114.16789,50.98591],[-114.16789,50.98591],[-114.168,50.9861],[-114.168,50.9861],[-114.16815,50.98638],[-114.1683,50.98666],[-114.16844,50.98694],[-114.16861,50.98728],[-114.16877,50.98761],[-114.16891,50.98795],[-114.16906,50.98829],[-114.16919,50.98862],[-114.16931,50.98897],[-114.17182,50.98975],[-114.16829,50.98984],[-114.16476,50.98634],[-114.1666,50.98411],[-114.16704,50.98462]]]]}},{"type":"Feature","properties":{"id":843,"name":"11b","structure":"UNDEVELOPED","special":true,"revenue":0,"m2_sampled":0,"m2_local":0,"m2_shared":0},"geometry":{"type":"MultiPolygon","coordinates":[[[[-114.16465,50.97953],[-114.16466,50.97954],[-114.16427,50.97916],[-114.1645,50.97887],[-114.16465,50.97953]]]]}},{"type":"Feature","properties":{"id":851,"name":"13c","structure":"UNDEVELOPED","special":true,"revenue":3622,"m2_sampled":0,"m2_local":9890,"m2_shared":0},"geometry":{"type":"MultiPolygon","coordinates":[[[[-114.16355,50.92146],[-114.16056,50.92145],[-114.1634,50.91801],[-114.16996,50.91783],[-114.17349,50.92134],[-114.17339,50.92146],[-114.16355,50.92146]]]]}},{"type":"Feature","properties":{"id":852,"name":"13c","structure":"UNDEVELOPED","special":true,"revenue":1567,"m2_sampled":0,"m2_local":0,"m2_shared":0},"geometry":{"type":"MultiPolygon","coordinates":[[[[-114.173,50.91415],[-114.16996,50.91783],[-114.1634,50.91801],[-114.15988,50.91451],[-114.16291,50.91083],[-114.16947,50.91065],[-114.173,50.91415]]]]}},{"type":"Feature","properties":{"id":853,"name":"13c","structure":"UNDEVELOPED","special":true,"revenue":4722,"m2_sampled":0,"m2_local":0,"m2_shared":0},"geometry":{"type":"MultiPolygon","coordinates":[[[[-114.17251,50.90697],[-114.16947,50.91065],[-114.16291,50.91083],[-114.15939,50.90733],[-114.16243,50.90365],[-114.16898,50.90347],[-114.17251,50.90697]]]]}},{"type":"Feature","properties":{"id":854,"name":"13f","structure":"UNDEVELOPED","special":true,"revenue":16365,"m2_sampled":0,"m2_local":0,"m2_shared":0},"geometry":{"type":"MultiPolygon","coordinates":[[[[-114.17202,50.89979],[-114.16898,50.90347],[-114.16243,50.90365],[-114.1589,50.90014],[-114.16194,50.89646],[-114.1685,50.89628],[-114.17202,50.89979]]]]}},{"type":"Feature","properties":{"id":855,"name":"13f","structure":"UNDEVELOPED","special":true,"revenue":30747,"m2_sampled":0,"m2_local":4241,"m2_shared":19780},"geometry":{"type":"MultiPolygon","coordinates":[[[[-114.15988,50.89201],[-114.15988,50.89205],[-114.16019,50.89205],[-114.16322,50.89206],[-114.16356,50.89206],[-114.16736,50.89207],[-114.16736,50.89202],[-114.17095,50.89203],[-114.17153,50.8926],[-114.1685,50.89628],[-114.16194,50.89646],[-114.15842,50.89296],[-114.1592,50.89201],[-114.15988,50.89201]]]]}},{"type":"Feature","properties":{"id":867,"name":"Glacier Ridge","structure":"BUILDING OUT","special":false,"revenue":0,"m2_sampled":0,"m2_local":0,"m2_shared":0},"geometry":{"type":"MultiPolygon","coordinates":[[[[-114.17608,51.19774],[-114.17001,51.19773],[-114.17242,51.19482],[-114.17902,51.19464],[-114.18216,51.19774],[-114.17608,51.19774]]]]}},{"type":"Feature","properties":{"id":868,"name":"Glacier Ridge","structure":"BUILDING OUT","special":false,"revenue":726712,"m2_sampled":33721,"m2_local":0,"m2_shared":0},"geometry":{"type":"MultiPolygon","coordinates":[[[[-114.18207,51.19096],[-114.17902,51.19464],[-114.17242,51.19482],[-114.16887,51.19132],[-114.17192,51.18764],[-114.17852,51.18746],[-114.18207,51.19096]]]]}},{"type":"Feature","properties":{"id":869,"name":"Glacier Ridge","structure":"BUILDING OUT","special":false,"revenue":1200418,"m2_sampled":27838,"m2_local":3188,"m2_shared":34110},"geometry":{"type":"MultiPolygon","coordinates":[[[[-114.18158,51.18378],[-114.17852,51.18746],[-114.17192,51.18764],[-114.16838,51.18414],[-114.17143,51.18046],[-114.17803,51.18028],[-114.18158,51.18378]]]]}},{"type":"Feature","properties":{"id":870,"name":"Nolan Hill","structure":"2020s","special":false,"revenue":1827587,"m2_sampled":39799,"m2_local":13814,"m2_shared":17654},"geometry":{"type":"MultiPolygon","coordinates":[[[[-114.18108,51.1766],[-114.17803,51.18028],[-114.17143,51.18046],[-114.16789,51.17696],[-114.17094,51.17327],[-114.17753,51.1731],[-114.18108,51.1766]]]]}},{"type":"Feature","properties":{"id":871,"name":"02c","structure":"UNDEVELOPED","special":true,"revenue":1473443,"m2_sampled":4591,"m2_local":0,"m2_shared":17100},"geometry":{"type":"MultiPolygon","coordinates":[[[[-114.18059,51.16941],[-114.17753,51.1731],[-114.17094,51.17327],[-114.16739,51.16977],[-114.17045,51.16609],[-114.17704,51.16591],[-114.18059,51.16941]]]]}},{"type":"Feature","properties":{"id":872,"name":"02f","structure":"OTHER","special":true,"revenue":0,"m2_sampled":0,"m2_local":0,"m2_shared":0},"geometry":{"type":"MultiPolygon","coordinates":[[[[-114.18009,51.16223],[-114.17704,51.16591],[-114.17045,51.16609],[-114.1669,51.16259],[-114.16995,51.15891],[-114.17655,51.15873],[-114.18009,51.16223]]]]}},{"type":"Feature","properties":{"id":873,"name":"02f","structure":"OTHER","special":true,"revenue":29372,"m2_sampled":0,"m2_local":8681,"m2_shared":0},"geometry":{"type":"MultiPolygon","coordinates":[[[[-114.1796,51.15505],[-114.17655,51.15873],[-114.16995,51.15891],[-114.16641,51.15541],[-114.16946,51.15173],[-114.17605,51.15155],[-114.1796,51.15505]]]]}},{"type":"Feature","properties":{"id":874,"name":"Citadel","structure":"1980s/1990s","special":false,"revenue":1618678,"m2_sampled":36061,"m2_local":20379,"m2_shared":9863},"geometry":{"type":"MultiPolygon","coordinates":[[[[-114.1791,51.14787],[-114.17605,51.15155],[-114.16946,51.15173],[-114.16592,51.14822],[-114.16897,51.14454],[-114.17556,51.14436],[-114.1791,51.14787]]]]}},{"type":"Feature","properties":{"id":875,"name":"Citadel","structure":"1980s/1990s","special":false,"revenue":2103721,"m2_sampled":52647,"m2_local":21326,"m2_shared":18862},"geometry":{"type":"MultiPolygon","coordinates":[[[[-114.17861,51.14068],[-114.17556,51.14436],[-114.16897,51.14454],[-114.16542,51.14104],[-114.16847,51.13736],[-114.17507,51.13718],[-114.17861,51.14068]]]]}},{"type":"Feature","properties":{"id":876,"name":"Hawkwood","structure":"1980s/1990s","special":false,"revenue":1933926,"m2_sampled":47683,"m2_local":20859,"m2_shared":5255},"geometry":{"type":"MultiPolygon","coordinates":[[[[-114.17812,51.1335],[-114.17507,51.13718],[-114.16847,51.13736],[-114.16493,51.13386],[-114.16798,51.13018],[-114.17457,51.13],[-114.17812,51.1335]]]]}},{"type":"Feature","properties":{"id":877,"name":"Hawkwood","structure":"1980s/1990s","special":false,"revenue":1579461,"m2_sampled":40277,"m2_local":32205,"m2_shared":9980},"geometry":{"type":"MultiPolygon","coordinates":[[[[-114.17762,51.12632],[-114.17457,51.13],[-114.16798,51.13018],[-114.16444,51.12668],[-114.16749,51.12299],[-114.17408,51.12282],[-114.17762,51.12632]]]]}},{"type":"Feature","properties":{"id":878,"name":"Ranchlands","structure":"1960s/1970s","special":false,"revenue":1032498,"m2_sampled":28154,"m2_local":2757,"m2_shared":44186},"geometry":{"type":"MultiPolygon","coordinates":[[[[-114.17713,51.11914],[-114.17408,51.12282],[-114.16749,51.12299],[-114.16395,51.11949],[-114.167,51.11581],[-114.17359,51.11563],[-114.17713,51.11914]]]]}},{"type":"Feature","properties":{"id":879,"name":"Dalhousie","structure":"1960s/1970s","special":false,"revenue":1478022,"m2_sampled":48559,"m2_local":7582,"m2_shared":2984},"geometry":{"type":"MultiPolygon","coordinates":[[[[-114.17664,51.11195],[-114.17359,51.11563],[-114.167,51.11581],[-114.16346,51.11231],[-114.16651,51.10863],[-114.1731,51.10845],[-114.17664,51.11195]]]]}},{"type":"Feature","properties":{"id":880,"name":"Varsity","structure":"1960s/1970s","special":false,"revenue":1583332,"m2_sampled":21763,"m2_local":10486,"m2_shared":37225},"geometry":{"type":"MultiPolygon","coordinates":[[[[-114.17614,51.10477],[-114.1731,51.10845],[-114.16651,51.10863],[-114.16297,51.10513],[-114.16602,51.10145],[-114.1726,51.10127],[-114.17614,51.10477]]]]}},{"type":"Feature","properties":{"id":881,"name":"Varsity","structure":"1960s/1970s","special":false,"revenue":1508918,"m2_sampled":22650,"m2_local":19259,"m2_shared":0},"geometry":{"type":"MultiPolygon","coordinates":[[[[-114.17565,51.09759],[-114.1726,51.10127],[-114.16602,51.10145],[-114.16248,51.09794],[-114.16553,51.09426],[-114.17211,51.09408],[-114.17565,51.09759]]]]}},{"type":"Feature","properties":{"id":882,"name":"Varsity","structure":"1960s/1970s","special":false,"revenue":949189,"m2_sampled":31882,"m2_local":6090,"m2_shared":0},"geometry":{"type":"MultiPolygon","coordinates":[[[[-114.17516,51.0904],[-114.17211,51.09408],[-114.16553,51.09426],[-114.16199,51.09076],[-114.16503,51.08708],[-114.17162,51.0869],[-114.17516,51.0904]]]]}},{"type":"Feature","properties":{"id":883,"name":"Bowness","structure":"1950s","special":false,"revenue":1016994,"m2_sampled":22930,"m2_local":5308,"m2_shared":0},"geometry":{"type":"MultiPolygon","coordinates":[[[[-114.17467,51.08322],[-114.17162,51.0869],[-114.16503,51.08708],[-114.1615,51.08358],[-114.16454,51.0799],[-114.17113,51.07972],[-114.17467,51.08322]]]]}},{"type":"Feature","properties":{"id":884,"name":"Montgomery","structure":"1950s","special":false,"revenue":1548309,"m2_sampled":27961,"m2_local":20400,"m2_shared":18211},"geometry":{"type":"MultiPolygon","coordinates":[[[[-114.17417,51.07604],[-114.17113,51.07972],[-114.16454,51.0799],[-114.16101,51.0764],[-114.16405,51.07271],[-114.17064,51.07254],[-114.17417,51.07604]]]]}},{"type":"Feature","properties":{"id":885,"name":"Montgomery","structure":"1950s","special":false,"revenue":479172,"m2_sampled":10266,"m2_local":5399,"m2_shared":4497},"geometry":{"type":"MultiPolygon","coordinates":[[[[-114.17368,51.06886],[-114.17064,51.07254],[-114.16405,51.07271],[-114.16052,51.06921],[-114.16356,51.06553],[-114.17015,51.06535],[-114.17368,51.06886]]]]}},{"type":"Feature","properties":{"id":886,"name":"Patterson","structure":"1980s/1990s","special":false,"revenue":879859,"m2_sampled":13274,"m2_local":0,"m2_shared":19786},"geometry":{"type":"MultiPolygon","coordinates":[[[[-114.17319,51.06167],[-114.17015,51.06535],[-114.16356,51.06553],[-114.16003,51.06203],[-114.16307,51.05835],[-114.16965,51.05817],[-114.17319,51.06167]]]]}},{"type":"Feature","properties":{"id":887,"name":"Patterson","structure":"1980s/1990s","special":false,"revenue":853689,"m2_sampled":16120,"m2_local":0,"m2_shared":48982},"geometry":{"type":"MultiPolygon","coordinates":[[[[-114.1727,51.05449],[-114.16965,51.05817],[-114.16307,51.05835],[-114.15954,51.05485],[-114.16258,51.05117],[-114.16916,51.05099],[-114.1727,51.05449]]]]}},{"type":"Feature","properties":{"id":888,"name":"Strathcona Park","structure":"1980s/1990s","special":false,"revenue":1539482,"m2_sampled":47440,"m2_local":8744,"m2_shared":17617},"geometry":{"type":"MultiPolygon","coordinates":[[[[-114.17221,51.04731],[-114.16916,51.05099],[-114.16258,51.05117],[-114.15905,51.04766],[-114.16209,51.04398],[-114.16867,51.0438],[-114.17221,51.04731]]]]}},{"type":"Feature","properties":{"id":889,"name":"Christie Park","structure":"1980s/1990s","special":false,"revenue":1696691,"m2_sampled":33096,"m2_local":2143,"m2_shared":56929},"geometry":{"type":"MultiPolygon","coordinates":[[[[-114.17172,51.04012],[-114.16867,51.0438],[-114.16209,51.04398],[-114.15856,51.04048],[-114.1616,51.0368],[-114.16818,51.03662],[-114.17172,51.04012]]]]}},{"type":"Feature","properties":{"id":890,"name":"Signal Hill","structure":"1980s/1990s","special":false,"revenue":1345981,"m2_sampled":24611,"m2_local":18397,"m2_shared":22872},"geometry":{"type":"MultiPolygon","coordinates":[[[[-114.17123,51.03294],[-114.16818,51.03662],[-114.1616,51.0368],[-114.15807,51.0333],[-114.16112,51.02962],[-114.16769,51.02944],[-114.17123,51.03294]]]]}},{"type":"Feature","properties":{"id":891,"name":"Glenbrook","structure":"1950s","special":false,"revenue":1796446,"m2_sampled":36069,"m2_local":10007,"m2_shared":21341},"geometry":{"type":"MultiPolygon","coordinates":[[[[-114.17074,51.02576],[-114.16769,51.02944],[-114.16112,51.02962],[-114.15758,51.02611],[-114.16063,51.02243],[-114.1672,51.02226],[-114.17074,51.02576]]]]}},{"type":"Feature","properties":{"id":892,"name":"Glenbrook","structure":"1950s","special":false,"revenue":3713136,"m2_sampled":7729,"m2_local":14493,"m2_shared":50805},"geometry":{"type":"MultiPolygon","coordinates":[[[[-114.17024,51.01857],[-114.1672,51.02226],[-114.16063,51.02243],[-114.15709,51.01893],[-114.16014,51.01525],[-114.16671,51.01507],[-114.17024,51.01857]]]]}},{"type":"Feature","properties":{"id":893,"name":"Glamorgan","structure":"1950s","special":false,"revenue":1120074,"m2_sampled":13541,"m2_local":4882,"m2_shared":50282},"geometry":{"type":"MultiPolygon","coordinates":[[[[-114.16975,51.01139],[-114.16671,51.01507],[-114.16014,51.01525],[-114.15661,51.01175],[-114.15965,51.00807],[-114.16622,51.00789],[-114.16975,51.01139]]]]}},{"type":"Feature","properties":{"id":894,"name":"11b","structure":"UNDEVELOPED","special":true,"revenue":0,"m2_sampled":0,"m2_local":0,"m2_shared":29437},"geometry":{"type":"MultiPolygon","coordinates":[[[[-114.1585,51.00682],[-114.15861,51.00673],[-114.1587,51.00662],[-114.15879,51.00652],[-114.15886,51.00641],[-114.15893,51.0063],[-114.15898,51.00619],[-114.15903,51.00607],[-114.15906,51.00596],[-114.15909,51.00586],[-114.15912,51.00576],[-114.15917,51.00567],[-114.15922,51.00558],[-114.15928,51.00548],[-114.15935,51.0054],[-114.15939,51.00535],[-114.15944,51.0053],[-114.15951,51.00523],[-114.15959,51.00516],[-114.15964,51.00512],[-114.15967,51.00509],[-114.15978,51.00501],[-114.15989,51.00494],[-114.16002,51.00487],[-114.16014,51.0048],[-114.16028,51.00474],[-114.1615,51.00422],[-114.16164,51.00415],[-114.16178,51.00409],[-114.16191,51.00401],[-114.16203,51.00393],[-114.16214,51.00385],[-114.16225,51.00376],[-114.16235,51.00367],[-114.16244,51.00358],[-114.16252,51.00348],[-114.1626,51.00338],[-114.16266,51.00328],[-114.16271,51.00318],[-114.16276,51.00307],[-114.16279,51.00297],[-114.16296,51.00238],[-114.16299,51.00208],[-114.16299,51.00206],[-114.163,51.002],[-114.16299,51.00193],[-114.16297,51.00187],[-114.16294,51.00181],[-114.1629,51.00176],[-114.16285,51.0017],[-114.16279,51.00165],[-114.16273,51.0016],[-114.16265,51.00156],[-114.16257,51.00153],[-114.16249,51.0015],[-114.1624,51.00147],[-114.1623,51.00145],[-114.16207,51.00141],[-114.16123,51.00127],[-114.15957,51.00102],[-114.15961,51.00087],[-114.16573,51.00071],[-114.16926,51.00421],[-114.16622,51.00789],[-114.15965,51.00807],[-114.15844,51.00687],[-114.1585,51.00682]]]]}},{"type":"Feature","properties":{"id":895,"name":"Glenmore Park","structure":"PARKS","special":true,"revenue":103831,"m2_sampled":0,"m2_local":5880,"m2_shared":16085},"geometry":{"type":"MultiPolygon","coordinates":[[[[-114.15973,51.00034],[-114.16113,51.00046],[-114.1626,51.00045],[-114.16309,51.00031],[-114.16459,50.99794],[-114.16481,50.99758],[-114.16519,50.99715],[-114.1651,50.99681],[-114.16475,50.99658],[-114.16494,50.99486],[-114.16492,50.99486],[-114.16477,50.99485],[-114.16462,50.99485],[-114.16443,50.99485],[-114.16423,50.99486],[-114.16423,50.99486],[-114.16423,50.99678],[-114.16099,50.99768],[-114.15884,50.99828],[-114.15726,50.99818],[-114.15602,50.99777],[-114.15563,50.99738],[-114.15867,50.9937],[-114.16524,50.99352],[-114.16877,50.99703],[-114.16573,51.00071],[-114.15961,51.00087],[-114.15973,51.00034]]]]}},{"type":"Feature","properties":{"id":896,"name":"Glenmore Park","structure":"PARKS","special":true,"revenue":160930,"m2_sampled":0,"m2_local":0,"m2_shared":0},"geometry":{"type":"MultiPolygon","coordinates":[[[[-114.16829,50.98984],[-114.16524,50.99352],[-114.15867,50.9937],[-114.15514,50.9902],[-114.15818,50.98652],[-114.16476,50.98634],[-114.16829,50.98984]]]]}},{"type":"Feature","properties":{"id":897,"name":"11b","structure":"UNDEVELOPED","special":true,"revenue":46808,"m2_sampled":0,"m2_local":0,"m2_shared":0},"geometry":{"type":"MultiPolygon","coordinates":[[[[-114.1647,50.97971],[-114.1654,50.98272],[-114.1666,50.98411],[-114.16476,50.98634],[-114.15818,50.98652],[-114.15615,50.98449],[-114.16209,50.9847],[-114.16152,50.9842],[-114.15773,50.9797],[-114.15757,50.97951],[-114.15756,50.9795],[-114.1577,50.97934],[-114.16427,50.97916],[-114.16466,50.97954],[-114.1647,50.97971]]]]}},{"type":"Feature","properties":{"id":898,"name":"11b","structure":"UNDEVELOPED","special":true,"revenue":0,"m2_sampled":0,"m2_local":0,"m2_shared":2184},"geometry":{"type":"MultiPolygon","coordinates":[[[[-114.15727,50.97228],[-114.1586,50.97363],[-114.16101,50.97404],[-114.16408,50.97707],[-114.16436,50.9783],[-114.1645,50.97887],[-114.16427,50.97916],[-114.1577,50.97934],[-114.15417,50.97583],[-114.15718,50.97219],[-114.15727,50.97228]]]]}},{"type":"Feature","properties":{"id":899,"name":"11b","structure":"UNDEVELOPED","special":true,"revenue":0,"m2_sampled":0,"m2_local":0,"m2_shared":0},"geometry":{"type":"MultiPolygon","coordinates":[[[[-114.15482,50.96978],[-114.15368,50.96865],[-114.1537,50.96863],[-114.15482,50.96978]]]]}},{"type":"Feature","properties":{"id":906,"name":"Alpine Park","structure":"BUILDING OUT","special":false,"revenue":1334269,"m2_sampled":28032,"m2_local":5772,"m2_shared":0},"geometry":{"type":"MultiPolygon","coordinates":[[[[-114.15337,50.92144],[-114.15028,50.91837],[-114.15332,50.91469],[-114.15988,50.91451],[-114.1634,50.91801],[-114.16056,50.92145],[-114.15337,50.92144]]]]}},{"type":"Feature","properties":{"id":907,"name":"Alpine Park","structure":"BUILDING OUT","special":false,"revenue":39221,"m2_sampled":0,"m2_local":0,"m2_shared":0},"geometry":{"type":"MultiPolygon","coordinates":[[[[-114.16291,50.91083],[-114.15988,50.91451],[-114.15332,50.91469],[-114.14979,50.91118],[-114.15283,50.9075],[-114.15939,50.90733],[-114.16291,50.91083]]]]}},{"type":"Feature","properties":{"id":908,"name":"13g","structure":"UNDEVELOPED","special":true,"revenue":1647,"m2_sampled":0,"m2_local":0,"m2_shared":0},"geometry":{"type":"MultiPolygon","coordinates":[[[[-114.16243,50.90365],[-114.15939,50.90733],[-114.15283,50.9075],[-114.14931,50.904],[-114.15234,50.90032],[-114.1589,50.90014],[-114.16243,50.90365]]]]}},{"type":"Feature","properties":{"id":909,"name":"13g","structure":"UNDEVELOPED","special":true,"revenue":1278,"m2_sampled":0,"m2_local":0,"m2_shared":0},"geometry":{"type":"MultiPolygon","coordinates":[[[[-114.16194,50.89646],[-114.1589,50.90014],[-114.15234,50.90032],[-114.14882,50.89682],[-114.15186,50.89314],[-114.15842,50.89296],[-114.16194,50.89646]]]]}},{"type":"Feature","properties":{"id":910,"name":"13g","structure":"UNDEVELOPED","special":true,"revenue":0,"m2_sampled":0,"m2_local":6295,"m2_shared":11121},"geometry":{"type":"MultiPolygon","coordinates":[[[[-114.15186,50.892],[-114.1566,50.89201],[-114.1592,50.89201],[-114.15842,50.89296],[-114.15186,50.89314],[-114.15072,50.892],[-114.15186,50.892]]]]}},{"type":"Feature","properties":{"id":921,"name":"Glacier Ridge","structure":"BUILDING OUT","special":false,"revenue":29121,"m2_sampled":22041,"m2_local":0,"m2_shared":12765},"geometry":{"type":"MultiPolygon","coordinates":[[[[-114.16795,51.19772],[-114.16795,51.19693],[-114.16461,51.19689],[-114.16466,51.19713],[-114.16468,51.19738],[-114.16468,51.19772],[-114.16424,51.19772],[-114.16179,51.19772],[-114.15922,51.19518],[-114.16227,51.1915],[-114.16887,51.19132],[-114.17242,51.19482],[-114.17001,51.19773],[-114.16795,51.19772]]]]}},{"type":"Feature","properties":{"id":922,"name":"Glacier Ridge","structure":"BUILDING OUT","special":false,"revenue":1401225,"m2_sampled":42317,"m2_local":0,"m2_shared":18776},"geometry":{"type":"MultiPolygon","coordinates":[[[[-114.17192,51.18764],[-114.16887,51.19132],[-114.16227,51.1915],[-114.15873,51.188],[-114.16178,51.18432],[-114.16838,51.18414],[-114.17192,51.18764]]]]}},{"type":"Feature","properties":{"id":923,"name":"Nolan Hill","structure":"2020s","special":false,"revenue":2918952,"m2_sampled":40856,"m2_local":18631,"m2_shared":35683},"geometry":{"type":"MultiPolygon","coordinates":[[[[-114.17143,51.18046],[-114.16838,51.18414],[-114.16178,51.18432],[-114.15824,51.18081],[-114.16129,51.17713],[-114.16789,51.17696],[-114.17143,51.18046]]]]}},{"type":"Feature","properties":{"id":924,"name":"Nolan Hill","structure":"2020s","special":false,"revenue":2421301,"m2_sampled":51060,"m2_local":19809,"m2_shared":1101},"geometry":{"type":"MultiPolygon","coordinates":[[[[-114.17094,51.17327],[-114.16789,51.17696],[-114.16129,51.17713],[-114.15774,51.17363],[-114.1608,51.16995],[-114.16739,51.16977],[-114.17094,51.17327]]]]}},{"type":"Feature","properties":{"id":925,"name":"Sherwood","structure":"2010s","special":false,"revenue":819059,"m2_sampled":6570,"m2_local":17929,"m2_shared":33576},"geometry":{"type":"MultiPolygon","coordinates":[[[[-114.17045,51.16609],[-114.16739,51.16977],[-114.1608,51.16995],[-114.15725,51.16645],[-114.16031,51.16277],[-114.1669,51.16259],[-114.17045,51.16609]]]]}},{"type":"Feature","properties":{"id":926,"name":"02f","structure":"OTHER","special":true,"revenue":3165022,"m2_sampled":1192,"m2_local":13528,"m2_shared":27522},"geometry":{"type":"MultiPolygon","coordinates":[[[[-114.16995,51.15891],[-114.1669,51.16259],[-114.16031,51.16277],[-114.15676,51.15927],[-114.15981,51.15559],[-114.16641,51.15541],[-114.16995,51.15891]]]]}},{"type":"Feature","properties":{"id":927,"name":"Hamptons","structure":"2000s","special":false,"revenue":1112007,"m2_sampled":6649,"m2_local":3681,"m2_shared":16012},"geometry":{"type":"MultiPolygon","coordinates":[[[[-114.16946,51.15173],[-114.16641,51.15541],[-114.15981,51.15559],[-114.15627,51.15208],[-114.15932,51.1484],[-114.16592,51.14822],[-114.16946,51.15173]]]]}},{"type":"Feature","properties":{"id":928,"name":"Hamptons","structure":"2000s","special":false,"revenue":1428659,"m2_sampled":37473,"m2_local":12194,"m2_shared":5652},"geometry":{"type":"MultiPolygon","coordinates":[[[[-114.16897,51.14454],[-114.16592,51.14822],[-114.15932,51.1484],[-114.15578,51.1449],[-114.15883,51.14122],[-114.16542,51.14104],[-114.16897,51.14454]]]]}},{"type":"Feature","properties":{"id":929,"name":"Edgemont","structure":"1980s/1990s","special":false,"revenue":2567109,"m2_sampled":41920,"m2_local":12731,"m2_shared":49287},"geometry":{"type":"MultiPolygon","coordinates":[[[[-114.16847,51.13736],[-114.16542,51.14104],[-114.15883,51.14122],[-114.15529,51.13772],[-114.15834,51.13404],[-114.16493,51.13386],[-114.16847,51.13736]]]]}},{"type":"Feature","properties":{"id":930,"name":"Hawkwood","structure":"1980s/1990s","special":false,"revenue":1610194,"m2_sampled":42910,"m2_local":15681,"m2_shared":18019},"geometry":{"type":"MultiPolygon","coordinates":[[[[-114.16798,51.13018],[-114.16493,51.13386],[-114.15834,51.13404],[-114.1548,51.13053],[-114.15785,51.12685],[-114.16444,51.12668],[-114.16798,51.13018]]]]}},{"type":"Feature","properties":{"id":931,"name":"Edgemont","structure":"1980s/1990s","special":false,"revenue":1539518,"m2_sampled":38603,"m2_local":7231,"m2_shared":17655},"geometry":{"type":"MultiPolygon","coordinates":[[[[-114.16749,51.12299],[-114.16444,51.12668],[-114.15785,51.12685],[-114.15431,51.12335],[-114.15736,51.11967],[-114.16395,51.11949],[-114.16749,51.12299]]]]}},{"type":"Feature","properties":{"id":932,"name":"Dalhousie","structure":"1960s/1970s","special":false,"revenue":1365377,"m2_sampled":40667,"m2_local":12238,"m2_shared":28176},"geometry":{"type":"MultiPolygon","coordinates":[[[[-114.167,51.11581],[-114.16395,51.11949],[-114.15736,51.11967],[-114.15382,51.11617],[-114.15687,51.11249],[-114.16346,51.11231],[-114.167,51.11581]]]]}},{"type":"Feature","properties":{"id":933,"name":"Dalhousie","structure":"1960s/1970s","special":false,"revenue":2500479,"m2_sampled":42875,"m2_local":19266,"m2_shared":19587},"geometry":{"type":"MultiPolygon","coordinates":[[[[-114.16651,51.10863],[-114.16346,51.11231],[-114.15687,51.11249],[-114.15333,51.10899],[-114.15638,51.10531],[-114.16297,51.10513],[-114.16651,51.10863]]]]}},{"type":"Feature","properties":{"id":934,"name":"Varsity","structure":"1960s/1970s","special":false,"revenue":2749112,"m2_sampled":35078,"m2_local":7256,"m2_shared":26972},"geometry":{"type":"MultiPolygon","coordinates":[[[[-114.16602,51.10145],[-114.16297,51.10513],[-114.15638,51.10531],[-114.15284,51.1018],[-114.15589,51.09812],[-114.16248,51.09794],[-114.16602,51.10145]]]]}},{"type":"Feature","properties":{"id":935,"name":"Varsity","structure":"1960s/1970s","special":false,"revenue":1739091,"m2_sampled":50678,"m2_local":2643,"m2_shared":10259},"geometry":{"type":"MultiPolygon","coordinates":[[[[-114.16553,51.09426],[-114.16248,51.09794],[-114.15589,51.09812],[-114.15235,51.09462],[-114.1554,51.09094],[-114.16199,51.09076],[-114.16553,51.09426]]]]}},{"type":"Feature","properties":{"id":936,"name":"Varsity","structure":"1960s/1970s","special":false,"revenue":7202367,"m2_sampled":31619,"m2_local":29738,"m2_shared":13313},"geometry":{"type":"MultiPolygon","coordinates":[[[[-114.16503,51.08708],[-114.16199,51.09076],[-114.1554,51.09094],[-114.15187,51.08744],[-114.15491,51.08376],[-114.1615,51.08358],[-114.16503,51.08708]]]]}},{"type":"Feature","properties":{"id":937,"name":"Montgomery","structure":"1950s","special":false,"revenue":3714637,"m2_sampled":58980,"m2_local":18632,"m2_shared":7130},"geometry":{"type":"MultiPolygon","coordinates":[[[[-114.16454,51.0799],[-114.1615,51.08358],[-114.15491,51.08376],[-114.15138,51.08025],[-114.15442,51.07657],[-114.16101,51.0764],[-114.16454,51.0799]]]]}},{"type":"Feature","properties":{"id":938,"name":"Montgomery","structure":"1950s","special":false,"revenue":3169961,"m2_sampled":64930,"m2_local":7930,"m2_shared":5856},"geometry":{"type":"MultiPolygon","coordinates":[[[[-114.16405,51.07271],[-114.16101,51.0764],[-114.15442,51.07657],[-114.15089,51.07307],[-114.15394,51.06939],[-114.16052,51.06921],[-114.16405,51.07271]]]]}},{"type":"Feature","properties":{"id":939,"name":"Montgomery","structure":"1950s","special":false,"revenue":823548,"m2_sampled":12416,"m2_local":5181,"m2_shared":22155},"geometry":{"type":"MultiPolygon","coordinates":[[[[-114.16356,51.06553],[-114.16052,51.06921],[-114.15394,51.06939],[-114.1504,51.06589],[-114.15345,51.06221],[-114.16003,51.06203],[-114.16356,51.06553]]]]}},{"type":"Feature","properties":{"id":940,"name":"Wildwood","structure":"1950s","special":false,"revenue":742302,"m2_sampled":16634,"m2_local":0,"m2_shared":0},"geometry":{"type":"MultiPolygon","coordinates":[[[[-114.16307,51.05835],[-114.16003,51.06203],[-114.15345,51.06221],[-114.14991,51.0587],[-114.15296,51.05502],[-114.15954,51.05485],[-114.16307,51.05835]]]]}},{"type":"Feature","properties":{"id":941,"name":"Wildwood","structure":"1950s","special":false,"revenue":1939345,"m2_sampled":60723,"m2_local":7481,"m2_shared":18016},"geometry":{"type":"MultiPolygon","coordinates":[[[[-114.16258,51.05117],[-114.15954,51.05485],[-114.15296,51.05502],[-114.14942,51.05152],[-114.15247,51.04784],[-114.15905,51.04766],[-114.16258,51.05117]]]]}},{"type":"Feature","properties":{"id":942,"name":"Westgate","structure":"1950s","special":false,"revenue":1362981,"m2_sampled":53047,"m2_local":8808,"m2_shared":0},"geometry":{"type":"MultiPolygon","coordinates":[[[[-114.16209,51.04398],[-114.15905,51.04766],[-114.15247,51.04784],[-114.14894,51.04434],[-114.15198,51.04066],[-114.15856,51.04048],[-114.16209,51.04398]]]]}},{"type":"Feature","properties":{"id":943,"name":"Glendale","structure":"1950s","special":false,"revenue":1673385,"m2_sampled":53533,"m2_local":8819,"m2_shared":8930},"geometry":{"type":"MultiPolygon","coordinates":[[[[-114.1616,51.0368],[-114.15856,51.04048],[-114.15198,51.04066],[-114.14845,51.03716],[-114.15149,51.03347],[-114.15807,51.0333],[-114.1616,51.0368]]]]}},{"type":"Feature","properties":{"id":944,"name":"Glenbrook","structure":"1950s","special":false,"revenue":1539497,"m2_sampled":40680,"m2_local":18376,"m2_shared":0},"geometry":{"type":"MultiPolygon","coordinates":[[[[-114.16112,51.02962],[-114.15807,51.0333],[-114.15149,51.03347],[-114.14796,51.02997],[-114.15101,51.02629],[-114.15758,51.02611],[-114.16112,51.02962]]]]}},{"type":"Feature","properties":{"id":945,"name":"Glenbrook","structure":"1950s","special":false,"revenue":1945567,"m2_sampled":49479,"m2_local":8841,"m2_shared":4253},"geometry":{"type":"MultiPolygon","coordinates":[[[[-114.16063,51.02243],[-114.15758,51.02611],[-114.15101,51.02629],[-114.14748,51.02279],[-114.15052,51.01911],[-114.15709,51.01893],[-114.16063,51.02243]]]]}},{"type":"Feature","properties":{"id":946,"name":"Glamorgan","structure":"1950s","special":false,"revenue":1684773,"m2_sampled":44128,"m2_local":15015,"m2_shared":9109},"geometry":{"type":"MultiPolygon","coordinates":[[[[-114.16014,51.01525],[-114.15709,51.01893],[-114.15052,51.01911],[-114.14699,51.01561],[-114.15003,51.01193],[-114.15661,51.01175],[-114.16014,51.01525]]]]}},{"type":"Feature","properties":{"id":947,"name":"Glamorgan","structure":"1950s","special":false,"revenue":1151005,"m2_sampled":21780,"m2_local":0,"m2_shared":38722},"geometry":{"type":"MultiPolygon","coordinates":[[[[-114.15315,51.00791],[-114.15319,51.00791],[-114.15407,51.00788],[-114.15633,51.00767],[-114.15652,51.00765],[-114.1567,51.00762],[-114.15688,51.00758],[-114.15706,51.00754],[-114.15723,51.0075],[-114.15739,51.00744],[-114.15756,51.00739],[-114.15771,51.00732],[-114.15786,51.00725],[-114.15801,51.00717],[-114.15814,51.00709],[-114.15827,51.00701],[-114.15839,51.00692],[-114.15844,51.00687],[-114.15965,51.00807],[-114.15661,51.01175],[-114.15003,51.01193],[-114.1465,51.00842],[-114.14677,51.0081],[-114.15315,51.00791]]]]}},{"type":"Feature","properties":{"id":948,"name":"Glenmore Park","structure":"PARKS","special":true,"revenue":1377,"m2_sampled":0,"m2_local":0,"m2_shared":0},"geometry":{"type":"MultiPolygon","coordinates":[[[[-114.15588,50.99772],[-114.15334,50.99744],[-114.15563,50.99738],[-114.15602,50.99777],[-114.15588,50.99772]]]]}},{"type":"Feature","properties":{"id":949,"name":"Glenmore Park","structure":"PARKS","special":true,"revenue":201620,"m2_sampled":0,"m2_local":0,"m2_shared":0},"geometry":{"type":"MultiPolygon","coordinates":[[[[-114.15153,50.99725],[-114.1471,50.99562],[-114.14553,50.99406],[-114.14857,50.99038],[-114.15514,50.9902],[-114.15867,50.9937],[-114.15563,50.99738],[-114.15334,50.99744],[-114.15153,50.99725]]]]}},{"type":"Feature","properties":{"id":950,"name":"Glenmore Park","structure":"PARKS","special":true,"revenue":206750,"m2_sampled":0,"m2_local":0,"m2_shared":0},"geometry":{"type":"MultiPolygon","coordinates":[[[[-114.1533,50.9844],[-114.15615,50.98449],[-114.15818,50.98652],[-114.15514,50.9902],[-114.14857,50.99038],[-114.14504,50.98687],[-114.14809,50.98319],[-114.15011,50.98314],[-114.1533,50.9844]]]]}},{"type":"Feature","properties":{"id":951,"name":"11b","structure":"UNDEVELOPED","special":true,"revenue":4919,"m2_sampled":0,"m2_local":0,"m2_shared":17252},"geometry":{"type":"MultiPolygon","coordinates":[[[[-114.15644,50.97817],[-114.15371,50.9781],[-114.15163,50.97838],[-114.15129,50.97842],[-114.15094,50.97846],[-114.15059,50.97849],[-114.15024,50.97852],[-114.14989,50.97853],[-114.14954,50.97854],[-114.14919,50.97855],[-114.1455,50.97855],[-114.14633,50.97754],[-114.14839,50.97754],[-114.14858,50.97754],[-114.14877,50.97753],[-114.14895,50.97751],[-114.14914,50.97748],[-114.14932,50.97745],[-114.1495,50.97741],[-114.14967,50.97737],[-114.14984,50.97731],[-114.15001,50.97726],[-114.15012,50.97721],[-114.15022,50.97716],[-114.15032,50.9771],[-114.15041,50.97704],[-114.15049,50.97697],[-114.15057,50.9769],[-114.15063,50.97683],[-114.15069,50.97675],[-114.15074,50.97667],[-114.15077,50.97659],[-114.1508,50.97651],[-114.15082,50.97643],[-114.15082,50.97634],[-114.15082,50.97626],[-114.1508,50.97618],[-114.15078,50.97604],[-114.15076,50.97592],[-114.15417,50.97583],[-114.1577,50.97934],[-114.15756,50.9795],[-114.15644,50.97817]]],[[[-114.14799,50.9823],[-114.15011,50.98314],[-114.14809,50.98319],[-114.14666,50.98178],[-114.14799,50.9823]]]]}},{"type":"Feature","properties":{"id":952,"name":"11b","structure":"UNDEVELOPED","special":true,"revenue":0,"m2_sampled":0,"m2_local":0,"m2_shared":4711},"geometry":{"type":"MultiPolygon","coordinates":[[[[-114.15718,50.97219],[-114.15417,50.97583],[-114.15076,50.97592],[-114.15076,50.97591],[-114.15075,50.97578],[-114.15075,50.97565],[-114.15076,50.97552],[-114.15078,50.97538],[-114.15081,50.97525],[-114.15085,50.97512],[-114.1509,50.97499],[-114.15096,50.97487],[-114.15103,50.97474],[-114.15111,50.97459],[-114.15118,50.97444],[-114.15124,50.97429],[-114.15129,50.97414],[-114.15133,50.97398],[-114.15136,50.97382],[-114.15139,50.97367],[-114.1514,50.97351],[-114.1514,50.97335],[-114.15139,50.9732],[-114.15137,50.97304],[-114.15134,50.97288],[-114.1513,50.97273],[-114.15125,50.97257],[-114.1512,50.97242],[-114.15113,50.97227],[-114.15106,50.97214],[-114.15098,50.972],[-114.15089,50.97187],[-114.1508,50.97174],[-114.1507,50.97161],[-114.14836,50.96879],[-114.15368,50.96865],[-114.15482,50.96978],[-114.15718,50.97219]]],[[[-114.14561,50.97065],[-114.14571,50.97079],[-114.1458,50.97094],[-114.14588,50.97109],[-114.14595,50.97124],[-114.14601,50.97139],[-114.14606,50.97155],[-114.1461,50.9717],[-114.14613,50.97186],[-114.14614,50.97202],[-114.14616,50.97226],[-114.14616,50.97242],[-114.14617,50.97257],[-114.14617,50.97459],[-114.14566,50.97408],[-114.14565,50.97257],[-114.14565,50.97242],[-114.14565,50.97226],[-114.14563,50.97203],[-114.14562,50.97189],[-114.14559,50.97175],[-114.14556,50.97161],[-114.14551,50.97146],[-114.14546,50.97133],[-114.14539,50.97119],[-114.14532,50.97105],[-114.1453,50.97102],[-114.14561,50.97065],[-114.14561,50.97065]]]]}},{"type":"Feature","properties":{"id":953,"name":"11b","structure":"UNDEVELOPED","special":true,"revenue":0,"m2_sampled":0,"m2_local":0,"m2_shared":0},"geometry":{"type":"MultiPolygon","coordinates":[[[[-114.14821,50.9623],[-114.14998,50.96443],[-114.14999,50.96444],[-114.15048,50.96504],[-114.15048,50.96504],[-114.15216,50.96706],[-114.15287,50.96779],[-114.1537,50.96863],[-114.15368,50.96865],[-114.14836,50.96879],[-114.14771,50.96801],[-114.14652,50.96657],[-114.14529,50.96503],[-114.14494,50.96459],[-114.14492,50.96457],[-114.14458,50.96413],[-114.14663,50.96164],[-114.14765,50.96162],[-114.14821,50.9623]]]]}},{"type":"Feature","properties":{"id":954,"name":"11b","structure":"UNDEVELOPED","special":true,"revenue":0,"m2_sampled":0,"m2_local":0,"m2_shared":0},"geometry":{"type":"MultiPolygon","coordinates":[[[[-114.14522,50.95565],[-114.14522,50.95565],[-114.14523,50.95718],[-114.14523,50.95755],[-114.14534,50.95784],[-114.14545,50.95814],[-114.14558,50.95844],[-114.14572,50.95873],[-114.14586,50.95902],[-114.14602,50.95931],[-114.14618,50.9596],[-114.14636,50.95988],[-114.14654,50.96017],[-114.14673,50.96045],[-114.14693,50.96073],[-114.14715,50.961],[-114.14737,50.96127],[-114.14765,50.96162],[-114.14663,50.96164],[-114.1431,50.95814],[-114.14522,50.95557],[-114.14522,50.95565]]]]}},{"type":"Feature","properties":{"id":955,"name":"11b","structure":"UNDEVELOPED","special":true,"revenue":0,"m2_sampled":0,"m2_local":0,"m2_shared":5718},"geometry":{"type":"MultiPolygon","coordinates":[[[[-114.1443,50.94895],[-114.14432,50.94896],[-114.14501,50.94939],[-114.14628,50.95018],[-114.14629,50.95026],[-114.1463,50.95039],[-114.14632,50.95057],[-114.14633,50.95071],[-114.14637,50.9512],[-114.14521,50.95269],[-114.14522,50.95354],[-114.14262,50.95096],[-114.1443,50.94892],[-114.1443,50.94895]]]]}},{"type":"Feature","properties":{"id":956,"name":"13n","structure":"OTHER","special":true,"revenue":0,"m2_sampled":0,"m2_local":0,"m2_shared":0},"geometry":{"type":"MultiPolygon","coordinates":[[[[-114.14407,50.94157],[-114.14408,50.9417],[-114.14413,50.94263],[-114.14414,50.94277],[-114.14421,50.94524],[-114.14423,50.94586],[-114.14213,50.94377],[-114.14405,50.94145],[-114.14407,50.94157]]]]}},{"type":"Feature","properties":{"id":957,"name":"13n","structure":"OTHER","special":true,"revenue":0,"m2_sampled":0,"m2_local":0,"m2_shared":5979},"geometry":{"type":"MultiPolygon","coordinates":[[[[-114.14407,50.93414],[-114.14393,50.93491],[-114.14381,50.93585],[-114.14394,50.93592],[-114.14449,50.93621],[-114.14544,50.93645],[-114.14594,50.93662],[-114.1454,50.937],[-114.14494,50.93732],[-114.14449,50.93721],[-114.14386,50.93705],[-114.14357,50.93701],[-114.14361,50.93815],[-114.14367,50.9386],[-114.14165,50.93659],[-114.14414,50.93358],[-114.14407,50.93414]]]]}},{"type":"Feature","properties":{"id":958,"name":"13n","structure":"OTHER","special":true,"revenue":0,"m2_sampled":0,"m2_local":0,"m2_shared":0},"geometry":{"type":"MultiPolygon","coordinates":[[[[-114.14328,50.927],[-114.14336,50.92725],[-114.14339,50.9273],[-114.14403,50.92826],[-114.14409,50.92869],[-114.14442,50.93102],[-114.14426,50.93249],[-114.14116,50.92941],[-114.14325,50.92689],[-114.14328,50.927]]]]}},{"type":"Feature","properties":{"id":959,"name":"Alpine Park","structure":"BUILDING OUT","special":false,"revenue":393253,"m2_sampled":31957,"m2_local":9116,"m2_shared":0},"geometry":{"type":"MultiPolygon","coordinates":[[[[-114.14128,50.92282],[-114.14068,50.92222],[-114.14127,50.9215],[-114.14128,50.92282]]],[[[-114.14133,50.92143],[-114.14372,50.91854],[-114.15028,50.91837],[-114.15337,50.92144],[-114.14133,50.92143]]]]}},{"type":"Feature","properties":{"id":960,"name":"Alpine Park","structure":"BUILDING OUT","special":false,"revenue":549236,"m2_sampled":29133,"m2_local":0,"m2_shared":0},"geometry":{"type":"MultiPolygon","coordinates":[[[[-114.15332,50.91469],[-114.15028,50.91837],[-114.14372,50.91854],[-114.14019,50.91504],[-114.14323,50.91136],[-114.14979,50.91118],[-114.15332,50.91469]]]]}},{"type":"Feature","properties":{"id":961,"name":"Alpine Park","structure":"BUILDING OUT","special":false,"revenue":19804,"m2_sampled":0,"m2_local":1604,"m2_shared":0},"geometry":{"type":"MultiPolygon","coordinates":[[[[-114.15283,50.9075],[-114.14979,50.91118],[-114.14323,50.91136],[-114.13971,50.90786],[-114.14275,50.90418],[-114.14931,50.904],[-114.15283,50.9075]]]]}},{"type":"Feature","properties":{"id":962,"name":"13g","structure":"UNDEVELOPED","special":true,"revenue":9205,"m2_sampled":0,"m2_local":0,"m2_shared":0},"geometry":{"type":"MultiPolygon","coordinates":[[[[-114.15234,50.90032],[-114.14931,50.904],[-114.14275,50.90418],[-114.13923,50.90067],[-114.14226,50.89699],[-114.14882,50.89682],[-114.15234,50.90032]]]]}},{"type":"Feature","properties":{"id":963,"name":"13g","structure":"UNDEVELOPED","special":true,"revenue":747,"m2_sampled":0,"m2_local":9336,"m2_shared":18434},"geometry":{"type":"MultiPolygon","coordinates":[[[[-114.14053,50.8915],[-114.14063,50.8915],[-114.14063,50.8919],[-114.1407,50.89195],[-114.14136,50.89195],[-114.14136,50.89198],[-114.14617,50.89199],[-114.14882,50.892],[-114.15072,50.892],[-114.15186,50.89314],[-114.14882,50.89682],[-114.14226,50.89699],[-114.13874,50.89349],[-114.14053,50.89133],[-114.14053,50.8915]]]]}},{"type":"Feature","properties":{"id":964,"name":"13g","structure":"UNDEVELOPED","special":true,"revenue":0,"m2_sampled":0,"m2_local":83,"m2_shared":0},"geometry":{"type":"MultiPolygon","coordinates":[[[[-114.14053,50.8884],[-114.14053,50.88856],[-114.14036,50.8884],[-114.14053,50.8884]]]]}},{"type":"Feature","properties":{"id":975,"name":"Ambleridge","structure":"BUILDING OUT","special":false,"revenue":1532,"m2_sampled":0,"m2_local":0,"m2_shared":0},"geometry":{"type":"MultiPolygon","coordinates":[[[[-114.15282,51.19774],[-114.15253,51.19774],[-114.15252,51.19683],[-114.15139,51.19684],[-114.15262,51.19536],[-114.15922,51.19518],[-114.16179,51.19772],[-114.15282,51.19774]]]]}},{"type":"Feature","properties":{"id":976,"name":"Glacier Ridge","structure":"BUILDING OUT","special":false,"revenue":30485,"m2_sampled":0,"m2_local":0,"m2_shared":8978},"geometry":{"type":"MultiPolygon","coordinates":[[[[-114.16227,51.1915],[-114.15922,51.19518],[-114.15262,51.19536],[-114.14907,51.19186],[-114.15213,51.18818],[-114.15873,51.188],[-114.16227,51.1915]]]]}},{"type":"Feature","properties":{"id":977,"name":"Glacier Ridge","structure":"BUILDING OUT","special":false,"revenue":1477170,"m2_sampled":15145,"m2_local":588,"m2_shared":17208},"geometry":{"type":"MultiPolygon","coordinates":[[[[-114.16178,51.18432],[-114.15873,51.188],[-114.15213,51.18818],[-114.14858,51.18467],[-114.15164,51.18099],[-114.15824,51.18081],[-114.16178,51.18432]]]]}},{"type":"Feature","properties":{"id":978,"name":"Sage Hill","structure":"BUILDING OUT","special":false,"revenue":2316748,"m2_sampled":61676,"m2_local":11887,"m2_shared":16745},"geometry":{"type":"MultiPolygon","coordinates":[[[[-114.16129,51.17713],[-114.15824,51.18081],[-114.15164,51.18099],[-114.14809,51.17749],[-114.15115,51.17381],[-114.15774,51.17363],[-114.16129,51.17713]]]]}},{"type":"Feature","properties":{"id":979,"name":"Nolan Hill","structure":"2020s","special":false,"revenue":3312788,"m2_sampled":27526,"m2_local":9035,"m2_shared":47040},"geometry":{"type":"MultiPolygon","coordinates":[[[[-114.1608,51.16995],[-114.15774,51.17363],[-114.15115,51.17381],[-114.1476,51.17031],[-114.15066,51.16663],[-114.15725,51.16645],[-114.1608,51.16995]]]]}},{"type":"Feature","properties":{"id":980,"name":"Sherwood","structure":"2010s","special":false,"revenue":2494859,"m2_sampled":36155,"m2_local":27974,"m2_shared":1631},"geometry":{"type":"MultiPolygon","coordinates":[[[[-114.16031,51.16277],[-114.15725,51.16645],[-114.15066,51.16663],[-114.14711,51.16312],[-114.15017,51.15944],[-114.15676,51.15927],[-114.16031,51.16277]]]]}},{"type":"Feature","properties":{"id":981,"name":"Sherwood","structure":"2010s","special":false,"revenue":3065517,"m2_sampled":26252,"m2_local":5472,"m2_shared":0},"geometry":{"type":"MultiPolygon","coordinates":[[[[-114.15981,51.15559],[-114.15676,51.15927],[-114.15017,51.15944],[-114.14663,51.15594],[-114.14968,51.15226],[-114.15627,51.15208],[-114.15981,51.15559]]]]}},{"type":"Feature","properties":{"id":982,"name":"Hamptons","structure":"2000s","special":false,"revenue":1218433,"m2_sampled":28886,"m2_local":7666,"m2_shared":0},"geometry":{"type":"MultiPolygon","coordinates":[[[[-114.15932,51.1484],[-114.15627,51.15208],[-114.14968,51.15226],[-114.14614,51.14876],[-114.14919,51.14508],[-114.15578,51.1449],[-114.15932,51.1484]]]]}},{"type":"Feature","properties":{"id":983,"name":"Hamptons","structure":"2000s","special":false,"revenue":1823423,"m2_sampled":45095,"m2_local":23872,"m2_shared":13496},"geometry":{"type":"MultiPolygon","coordinates":[[[[-114.15883,51.14122],[-114.15578,51.1449],[-114.14919,51.14508],[-114.14565,51.14158],[-114.1487,51.1379],[-114.15529,51.13772],[-114.15883,51.14122]]]]}},{"type":"Feature","properties":{"id":984,"name":"Edgemont","structure":"1980s/1990s","special":false,"revenue":1462810,"m2_sampled":43963,"m2_local":5912,"m2_shared":0},"geometry":{"type":"MultiPolygon","coordinates":[[[[-114.15834,51.13404],[-114.15529,51.13772],[-114.1487,51.1379],[-114.14516,51.13439],[-114.14821,51.13071],[-114.1548,51.13053],[-114.15834,51.13404]]]]}},{"type":"Feature","properties":{"id":985,"name":"Edgemont","structure":"1980s/1990s","special":false,"revenue":1355675,"m2_sampled":37458,"m2_local":18988,"m2_shared":17690},"geometry":{"type":"MultiPolygon","coordinates":[[[[-114.15785,51.12685],[-114.1548,51.13053],[-114.14821,51.13071],[-114.14467,51.12721],[-114.14772,51.12353],[-114.15431,51.12335],[-114.15785,51.12685]]]]}},{"type":"Feature","properties":{"id":986,"name":"Edgemont","structure":"1980s/1990s","special":false,"revenue":1311075,"m2_sampled":32609,"m2_local":1449,"m2_shared":21788},"geometry":{"type":"MultiPolygon","coordinates":[[[[-114.15736,51.11967],[-114.15431,51.12335],[-114.14772,51.12353],[-114.14418,51.12003],[-114.14723,51.11635],[-114.15382,51.11617],[-114.15736,51.11967]]]]}},{"type":"Feature","properties":{"id":987,"name":"Dalhousie","structure":"1960s/1970s","special":false,"revenue":1108606,"m2_sampled":41607,"m2_local":568,"m2_shared":31251},"geometry":{"type":"MultiPolygon","coordinates":[[[[-114.15687,51.11249],[-114.15382,51.11617],[-114.14723,51.11635],[-114.14369,51.11284],[-114.14674,51.10916],[-114.15333,51.10899],[-114.15687,51.11249]]]]}},{"type":"Feature","properties":{"id":988,"name":"Dalhousie","structure":"1960s/1970s","special":false,"revenue":2015761,"m2_sampled":43860,"m2_local":18756,"m2_shared":0},"geometry":{"type":"MultiPolygon","coordinates":[[[[-114.15638,51.10531],[-114.15333,51.10899],[-114.14674,51.10916],[-114.14321,51.10566],[-114.14626,51.10198],[-114.15284,51.1018],[-114.15638,51.10531]]]]}},{"type":"Feature","properties":{"id":989,"name":"Dalhousie","structure":"1960s/1970s","special":false,"revenue":1877491,"m2_sampled":20184,"m2_local":2584,"m2_shared":61771},"geometry":{"type":"MultiPolygon","coordinates":[[[[-114.15589,51.09812],[-114.15284,51.1018],[-114.14626,51.10198],[-114.14272,51.09848],[-114.14577,51.0948],[-114.15235,51.09462],[-114.15589,51.09812]]]]}},{"type":"Feature","properties":{"id":990,"name":"Varsity","structure":"1960s/1970s","special":false,"revenue":2492810,"m2_sampled":53678,"m2_local":7511,"m2_shared":6097},"geometry":{"type":"MultiPolygon","coordinates":[[[[-114.1554,51.09094],[-114.15235,51.09462],[-114.14577,51.0948],[-114.14223,51.09129],[-114.14528,51.08761],[-114.15187,51.08744],[-114.1554,51.09094]]]]}},{"type":"Feature","properties":{"id":991,"name":"Varsity","structure":"1960s/1970s","special":false,"revenue":3097026,"m2_sampled":37376,"m2_local":3195,"m2_shared":30662},"geometry":{"type":"MultiPolygon","coordinates":[[[[-114.15491,51.08376],[-114.15187,51.08744],[-114.14528,51.08761],[-114.14174,51.08411],[-114.14479,51.08043],[-114.15138,51.08025],[-114.15491,51.08376]]]]}},{"type":"Feature","properties":{"id":992,"name":"University District","structure":"OTHER","special":true,"revenue":4648858,"m2_sampled":27884,"m2_local":34027,"m2_shared":14299},"geometry":{"type":"MultiPolygon","coordinates":[[[[-114.15442,51.07657],[-114.15138,51.08025],[-114.14479,51.08043],[-114.14126,51.07693],[-114.14431,51.07325],[-114.15089,51.07307],[-114.15442,51.07657]]]]}},{"type":"Feature","properties":{"id":993,"name":"University District","structure":"OTHER","special":true,"revenue":311639,"m2_sampled":2806,"m2_local":18017,"m2_shared":42579},"geometry":{"type":"MultiPolygon","coordinates":[[[[-114.15394,51.06939],[-114.15089,51.07307],[-114.14431,51.07325],[-114.14077,51.06974],[-114.14382,51.06606],[-114.1504,51.06589],[-114.15394,51.06939]]]]}},{"type":"Feature","properties":{"id":994,"name":"Point Mckay","structure":"1960s/1970s","special":false,"revenue":2333010,"m2_sampled":25372,"m2_local":0,"m2_shared":35363},"geometry":{"type":"MultiPolygon","coordinates":[[[[-114.15345,51.06221],[-114.1504,51.06589],[-114.14382,51.06606],[-114.14028,51.06256],[-114.14333,51.05888],[-114.14991,51.0587],[-114.15345,51.06221]]]]}},{"type":"Feature","properties":{"id":995,"name":"Wildwood","structure":"1950s","special":false,"revenue":1304645,"m2_sampled":31512,"m2_local":6069,"m2_shared":0},"geometry":{"type":"MultiPolygon","coordinates":[[[[-114.15296,51.05502],[-114.14991,51.0587],[-114.14333,51.05888],[-114.1398,51.05538],[-114.14284,51.0517],[-114.14942,51.05152],[-114.15296,51.05502]]]]}},{"type":"Feature","properties":{"id":996,"name":"Wildwood","structure":"1950s","special":false,"revenue":2483674,"m2_sampled":66651,"m2_local":5035,"m2_shared":17608},"geometry":{"type":"MultiPolygon","coordinates":[[[[-114.15247,51.04784],[-114.14942,51.05152],[-114.14284,51.0517],[-114.13931,51.0482],[-114.14236,51.04452],[-114.14894,51.04434],[-114.15247,51.04784]]]]}},{"type":"Feature","properties":{"id":997,"name":"Rosscarrock","structure":"1950s","special":false,"revenue":2889951,"m2_sampled":59780,"m2_local":0,"m2_shared":12205},"geometry":{"type":"MultiPolygon","coordinates":[[[[-114.15198,51.04066],[-114.14894,51.04434],[-114.14236,51.04452],[-114.13883,51.04101],[-114.14187,51.03733],[-114.14845,51.03716],[-114.15198,51.04066]]]]}},{"type":"Feature","properties":{"id":998,"name":"Glendale","structure":"1950s","special":false,"revenue":2180347,"m2_sampled":66690,"m2_local":5269,"m2_shared":7736},"geometry":{"type":"MultiPolygon","coordinates":[[[[-114.15149,51.03347],[-114.14845,51.03716],[-114.14187,51.03733],[-114.13834,51.03383],[-114.14139,51.03015],[-114.14796,51.02997],[-114.15149,51.03347]]]]}},{"type":"Feature","properties":{"id":999,"name":"Glenbrook","structure":"1950s","special":false,"revenue":2475616,"m2_sampled":68153,"m2_local":411,"m2_shared":9690},"geometry":{"type":"MultiPolygon","coordinates":[[[[-114.15101,51.02629],[-114.14796,51.02997],[-114.14139,51.03015],[-114.13785,51.02665],[-114.1409,51.02297],[-114.14748,51.02279],[-114.15101,51.02629]]]]}},{"type":"Feature","properties":{"id":1000,"name":"Glamorgan","structure":"1950s","special":false,"revenue":2062299,"m2_sampled":40163,"m2_local":0,"m2_shared":30228},"geometry":{"type":"MultiPolygon","coordinates":[[[[-114.15052,51.01911],[-114.14748,51.02279],[-114.1409,51.02297],[-114.13737,51.01946],[-114.14041,51.01578],[-114.14699,51.01561],[-114.15052,51.01911]]]]}},{"type":"Feature","properties":{"id":1001,"name":"Glamorgan","structure":"1950s","special":false,"revenue":1990114,"m2_sampled":43855,"m2_local":9493,"m2_shared":39946},"geometry":{"type":"MultiPolygon","coordinates":[[[[-114.15003,51.01193],[-114.14699,51.01561],[-114.14041,51.01578],[-114.13688,51.01228],[-114.13993,51.0086],[-114.1465,51.00842],[-114.15003,51.01193]]]]}},{"type":"Feature","properties":{"id":1002,"name":"Lakeview","structure":"1960s/1970s","special":false,"revenue":702229,"m2_sampled":16281,"m2_local":6268,"m2_shared":36488},"geometry":{"type":"MultiPolygon","coordinates":[[[[-114.14131,51.00221],[-114.14131,51.00243],[-114.14162,51.00248],[-114.14193,51.00255],[-114.14223,51.00262],[-114.14254,51.0027],[-114.14284,51.00278],[-114.14313,51.00287],[-114.14342,51.00296],[-114.1437,51.00306],[-114.14398,51.00317],[-114.14426,51.00328],[-114.14347,51.00401],[-114.1429,51.00477],[-114.14246,51.00583],[-114.14257,51.0063],[-114.14303,51.00693],[-114.14319,51.00714],[-114.14346,51.0075],[-114.14416,51.00784],[-114.14498,51.00803],[-114.14529,51.00805],[-114.1454,51.00806],[-114.14554,51.00806],[-114.14675,51.0081],[-114.14677,51.0081],[-114.1465,51.00842],[-114.13993,51.0086],[-114.1364,51.0051],[-114.13944,51.00142],[-114.14131,51.00137],[-114.14131,51.00221]]]]}},{"type":"Feature","properties":{"id":1003,"name":"Lakeview","structure":"1960s/1970s","special":false,"revenue":785537,"m2_sampled":18799,"m2_local":10125,"m2_shared":0},"geometry":{"type":"MultiPolygon","coordinates":[[[[-114.14131,50.99444],[-114.14131,50.99446],[-114.14131,50.99458],[-114.14131,50.99481],[-114.14131,50.99499],[-114.14131,51.00029],[-114.14131,51.00137],[-114.13944,51.00142],[-114.13591,50.99791],[-114.13896,50.99423],[-114.14131,50.99417],[-114.14131,50.99444]]],[[[-114.14653,50.99541],[-114.14641,50.99536],[-114.14505,50.99486],[-114.1446,50.9947],[-114.14304,50.99412],[-114.14553,50.99406],[-114.1471,50.99562],[-114.14653,50.99541]]]]}},{"type":"Feature","properties":{"id":1004,"name":"Glenmore Park","structure":"PARKS","special":true,"revenue":88081,"m2_sampled":0,"m2_local":0,"m2_shared":0},"geometry":{"type":"MultiPolygon","coordinates":[[[[-114.143,50.99411],[-114.1414,50.99411],[-114.14131,50.99411],[-114.14131,50.99417],[-114.13896,50.99423],[-114.13543,50.99073],[-114.13847,50.98705],[-114.14504,50.98687],[-114.14857,50.99038],[-114.14553,50.99406],[-114.14304,50.99412],[-114.143,50.99411]]]]}},{"type":"Feature","properties":{"id":1005,"name":"Glenmore Park","structure":"PARKS","special":true,"revenue":89390,"m2_sampled":0,"m2_local":0,"m2_shared":0},"geometry":{"type":"MultiPolygon","coordinates":[[[[-114.14666,50.98178],[-114.14809,50.98319],[-114.14504,50.98687],[-114.13847,50.98705],[-114.13495,50.98355],[-114.13799,50.97987],[-114.14157,50.97977],[-114.14666,50.98178]]]]}},{"type":"Feature","properties":{"id":1006,"name":"Oakridge","structure":"1960s/1970s","special":false,"revenue":582404,"m2_sampled":17690,"m2_local":0,"m2_shared":30733},"geometry":{"type":"MultiPolygon","coordinates":[[[[-114.14481,50.97855],[-114.14481,50.97842],[-114.1413,50.97842],[-114.1413,50.97948],[-114.1413,50.97967],[-114.14157,50.97977],[-114.13799,50.97987],[-114.13446,50.97636],[-114.1375,50.97268],[-114.1413,50.97258],[-114.1413,50.97779],[-114.1448,50.97779],[-114.1448,50.97754],[-114.14567,50.97754],[-114.14566,50.97408],[-114.14617,50.97459],[-114.14618,50.97754],[-114.14633,50.97754],[-114.1455,50.97855],[-114.14481,50.97855]]]]}},{"type":"Feature","properties":{"id":1007,"name":"Oakridge","structure":"1960s/1970s","special":false,"revenue":763950,"m2_sampled":27768,"m2_local":0,"m2_shared":7427},"geometry":{"type":"MultiPolygon","coordinates":[[[[-114.1413,50.96554],[-114.1413,50.96555],[-114.1413,50.96556],[-114.14154,50.96591],[-114.14179,50.96625],[-114.14205,50.96658],[-114.14232,50.96692],[-114.14259,50.96725],[-114.14288,50.96758],[-114.14317,50.96791],[-114.14326,50.968],[-114.14509,50.97002],[-114.1453,50.97026],[-114.1455,50.97051],[-114.14561,50.97065],[-114.1453,50.97102],[-114.14524,50.97092],[-114.14515,50.97079],[-114.14505,50.97066],[-114.14485,50.97042],[-114.14464,50.97019],[-114.14273,50.96807],[-114.14266,50.968],[-114.14238,50.96768],[-114.14209,50.96735],[-114.14182,50.96702],[-114.14155,50.96668],[-114.1413,50.96634],[-114.1413,50.97225],[-114.1413,50.97258],[-114.1375,50.97268],[-114.13398,50.96918],[-114.13702,50.9655],[-114.1413,50.96539],[-114.1413,50.96554]]]]}},{"type":"Feature","properties":{"id":1008,"name":"Cedarbrae","structure":"1960s/1970s","special":false,"revenue":656782,"m2_sampled":23815,"m2_local":0,"m2_shared":15075},"geometry":{"type":"MultiPolygon","coordinates":[[[[-114.14388,50.96325],[-114.1413,50.95991],[-114.1413,50.96458],[-114.1413,50.96502],[-114.1413,50.96539],[-114.13702,50.9655],[-114.13349,50.962],[-114.13654,50.95832],[-114.1431,50.95814],[-114.14663,50.96164],[-114.14458,50.96413],[-114.14388,50.96325]]]]}},{"type":"Feature","properties":{"id":1009,"name":"Cedarbrae","structure":"1960s/1970s","special":false,"revenue":808312,"m2_sampled":28454,"m2_local":0,"m2_shared":9500},"geometry":{"type":"MultiPolygon","coordinates":[[[[-114.14522,50.95557],[-114.1431,50.95814],[-114.13654,50.95832],[-114.13301,50.95481],[-114.13605,50.95113],[-114.14262,50.95096],[-114.14522,50.95354],[-114.14522,50.95557]]]]}},{"type":"Feature","properties":{"id":1010,"name":"Woodbine","structure":"1980s/1990s","special":false,"revenue":785113,"m2_sampled":18847,"m2_local":5818,"m2_shared":2391},"geometry":{"type":"MultiPolygon","coordinates":[[[[-114.14426,50.94712],[-114.14428,50.94774],[-114.1443,50.94892],[-114.14262,50.95096],[-114.13605,50.95113],[-114.13253,50.94763],[-114.13557,50.94395],[-114.14213,50.94377],[-114.14423,50.94586],[-114.14426,50.94712]]]]}},{"type":"Feature","properties":{"id":1011,"name":"Woodbine","structure":"1980s/1990s","special":false,"revenue":1213153,"m2_sampled":32235,"m2_local":2645,"m2_shared":0},"geometry":{"type":"MultiPolygon","coordinates":[[[[-114.14373,50.93901],[-114.14376,50.93919],[-114.14385,50.93975],[-114.14388,50.93991],[-114.14389,50.94006],[-114.14398,50.94079],[-114.14403,50.94122],[-114.14405,50.94145],[-114.14213,50.94377],[-114.13557,50.94395],[-114.13204,50.94045],[-114.13508,50.93677],[-114.14165,50.93659],[-114.14367,50.9386],[-114.14373,50.93901]]]]}},{"type":"Feature","properties":{"id":1012,"name":"Fish Creek Park","structure":"PARKS","special":true,"revenue":397150,"m2_sampled":12458,"m2_local":7529,"m2_shared":4865},"geometry":{"type":"MultiPolygon","coordinates":[[[[-114.14416,50.93333],[-114.14414,50.93355],[-114.14414,50.93358],[-114.14165,50.93659],[-114.13508,50.93677],[-114.13156,50.93326],[-114.1346,50.92958],[-114.14116,50.92941],[-114.14426,50.93249],[-114.14416,50.93333]]]]}},{"type":"Feature","properties":{"id":1013,"name":"Fish Creek Park","structure":"PARKS","special":true,"revenue":124577,"m2_sampled":0,"m2_local":0,"m2_shared":0},"geometry":{"type":"MultiPolygon","coordinates":[[[[-114.14128,50.92372],[-114.14148,50.92394],[-114.14168,50.92416],[-114.14186,50.92438],[-114.14204,50.92461],[-114.14221,50.92484],[-114.14236,50.92507],[-114.14251,50.92531],[-114.14265,50.92554],[-114.14278,50.92578],[-114.1429,50.92602],[-114.14301,50.92626],[-114.14311,50.92651],[-114.1432,50.92676],[-114.14325,50.92689],[-114.14116,50.92941],[-114.1346,50.92958],[-114.13108,50.92608],[-114.13412,50.9224],[-114.14068,50.92222],[-114.14128,50.92282],[-114.14128,50.92372]]]]}},{"type":"Feature","properties":{"id":1014,"name":"Alpine Park","structure":"BUILDING OUT","special":false,"revenue":476516,"m2_sampled":12818,"m2_local":7479,"m2_shared":16500},"geometry":{"type":"MultiPolygon","coordinates":[[[[-114.14127,50.92143],[-114.14127,50.9215],[-114.14068,50.92222],[-114.13412,50.9224],[-114.1306,50.9189],[-114.13363,50.91522],[-114.14019,50.91504],[-114.14372,50.91854],[-114.14133,50.92143],[-114.14127,50.92143]]]]}},{"type":"Feature","properties":{"id":1015,"name":"Alpine Park","structure":"BUILDING OUT","special":false,"revenue":223542,"m2_sampled":0,"m2_local":2311,"m2_shared":0},"geometry":{"type":"MultiPolygon","coordinates":[[[[-114.14323,50.91136],[-114.14019,50.91504],[-114.13363,50.91522],[-114.13011,50.91171],[-114.13315,50.90803],[-114.13971,50.90786],[-114.14323,50.91136]]]]}},{"type":"Feature","properties":{"id":1016,"name":"13g","structure":"UNDEVELOPED","special":true,"revenue":81127,"m2_sampled":0,"m2_local":7325,"m2_shared":5},"geometry":{"type":"MultiPolygon","coordinates":[[[[-114.14275,50.90418],[-114.13971,50.90786],[-114.13315,50.90803],[-114.12963,50.90453],[-114.13267,50.90085],[-114.13923,50.90067],[-114.14275,50.90418]]]]}},{"type":"Feature","properties":{"id":1017,"name":"13g","structure":"UNDEVELOPED","special":true,"revenue":57161,"m2_sampled":0,"m2_local":0,"m2_shared":0},"geometry":{"type":"MultiPolygon","coordinates":[[[[-114.14226,50.89699],[-114.13923,50.90067],[-114.13267,50.90085],[-114.12915,50.89735],[-114.13219,50.89367],[-114.13874,50.89349],[-114.14226,50.89699]]]]}},{"type":"Feature","properties":{"id":1018,"name":"13g","structure":"UNDEVELOPED","special":true,"revenue":47380,"m2_sampled":0,"m2_local":11919,"m2_shared":14407},"geometry":{"type":"MultiPolygon","coordinates":[[[[-114.14053,50.89133],[-114.13874,50.89349],[-114.13219,50.89367],[-114.12867,50.89016],[-114.13011,50.88841],[-114.14036,50.8884],[-114.14053,50.88856],[-114.14053,50.89133]]]]}},{"type":"Feature","properties":{"id":1029,"name":"Ambleridge","structure":"BUILDING OUT","special":false,"revenue":1214,"m2_sampled":0,"m2_local":0,"m2_shared":0},"geometry":{"type":"MultiPolygon","coordinates":[[[[-114.14132,51.19685],[-114.14132,51.19759],[-114.13942,51.19571],[-114.14247,51.19203],[-114.14907,51.19186],[-114.15262,51.19536],[-114.15139,51.19684],[-114.14132,51.19685]]]]}},{"type":"Feature","properties":{"id":1030,"name":"Glacier Ridge","structure":"BUILDING OUT","special":false,"revenue":35073,"m2_sampled":0,"m2_local":0,"m2_shared":9013},"geometry":{"type":"MultiPolygon","coordinates":[[[[-114.15213,51.18818],[-114.14907,51.19186],[-114.14247,51.19203],[-114.13893,51.18853],[-114.14198,51.18485],[-114.14858,51.18467],[-114.15213,51.18818]]]]}},{"type":"Feature","properties":{"id":1031,"name":"Sage Hill","structure":"BUILDING OUT","special":false,"revenue":1464599,"m2_sampled":35264,"m2_local":15088,"m2_shared":7413},"geometry":{"type":"MultiPolygon","coordinates":[[[[-114.15164,51.18099],[-114.14858,51.18467],[-114.14198,51.18485],[-114.13844,51.18135],[-114.1415,51.17767],[-114.14809,51.17749],[-114.15164,51.18099]]]]}},{"type":"Feature","properties":{"id":1032,"name":"Sage Hill","structure":"BUILDING OUT","special":false,"revenue":3325075,"m2_sampled":48571,"m2_local":44825,"m2_shared":0},"geometry":{"type":"MultiPolygon","coordinates":[[[[-114.15115,51.17381],[-114.14809,51.17749],[-114.1415,51.17767],[-114.13795,51.17416],[-114.14101,51.17048],[-114.1476,51.17031],[-114.15115,51.17381]]]]}},{"type":"Feature","properties":{"id":1033,"name":"Kincora","structure":"2000s","special":false,"revenue":3875802,"m2_sampled":25047,"m2_local":21382,"m2_shared":40728},"geometry":{"type":"MultiPolygon","coordinates":[[[[-114.15066,51.16663],[-114.1476,51.17031],[-114.14101,51.17048],[-114.13747,51.16698],[-114.14052,51.1633],[-114.14711,51.16312],[-114.15066,51.16663]]]]}},{"type":"Feature","properties":{"id":1034,"name":"Sherwood","structure":"2010s","special":false,"revenue":1515824,"m2_sampled":31509,"m2_local":14457,"m2_shared":20605},"geometry":{"type":"MultiPolygon","coordinates":[[[[-114.15017,51.15944],[-114.14711,51.16312],[-114.14052,51.1633],[-114.13698,51.1598],[-114.14003,51.15612],[-114.14663,51.15594],[-114.15017,51.15944]]]]}},{"type":"Feature","properties":{"id":1035,"name":"Sherwood","structure":"2010s","special":false,"revenue":156611,"m2_sampled":1735,"m2_local":0,"m2_shared":16265},"geometry":{"type":"MultiPolygon","coordinates":[[[[-114.14968,51.15226],[-114.14663,51.15594],[-114.14003,51.15612],[-114.13649,51.15262],[-114.13954,51.14894],[-114.14614,51.14876],[-114.14968,51.15226]]]]}},{"type":"Feature","properties":{"id":1036,"name":"Hamptons","structure":"2000s","special":false,"revenue":1833867,"m2_sampled":35479,"m2_local":13251,"m2_shared":0},"geometry":{"type":"MultiPolygon","coordinates":[[[[-114.14919,51.14508],[-114.14614,51.14876],[-114.13954,51.14894],[-114.136,51.14543],[-114.13906,51.14175],[-114.14565,51.14158],[-114.14919,51.14508]]]]}},{"type":"Feature","properties":{"id":1037,"name":"Edgemont","structure":"1980s/1990s","special":false,"revenue":1985937,"m2_sampled":45675,"m2_local":3105,"m2_shared":18510},"geometry":{"type":"MultiPolygon","coordinates":[[[[-114.1487,51.1379],[-114.14565,51.14158],[-114.13906,51.14175],[-114.13552,51.13825],[-114.13857,51.13457],[-114.14516,51.13439],[-114.1487,51.1379]]]]}},{"type":"Feature","properties":{"id":1038,"name":"Edgemont","structure":"1980s/1990s","special":false,"revenue":1726523,"m2_sampled":46018,"m2_local":24701,"m2_shared":11205},"geometry":{"type":"MultiPolygon","coordinates":[[[[-114.14821,51.13071],[-114.14516,51.13439],[-114.13857,51.13457],[-114.13503,51.13107],[-114.13808,51.12739],[-114.14467,51.12721],[-114.14821,51.13071]]]]}},{"type":"Feature","properties":{"id":1039,"name":"Edgemont","structure":"1980s/1990s","special":false,"revenue":2007593,"m2_sampled":41090,"m2_local":23891,"m2_shared":485},"geometry":{"type":"MultiPolygon","coordinates":[[[[-114.14772,51.12353],[-114.14467,51.12721],[-114.13808,51.12739],[-114.13454,51.12388],[-114.13759,51.1202],[-114.14418,51.12003],[-114.14772,51.12353]]]]}},{"type":"Feature","properties":{"id":1040,"name":"Edgemont","structure":"1980s/1990s","special":false,"revenue":1120450,"m2_sampled":24801,"m2_local":0,"m2_shared":0},"geometry":{"type":"MultiPolygon","coordinates":[[[[-114.14723,51.11635],[-114.14418,51.12003],[-114.13759,51.1202],[-114.13406,51.1167],[-114.13711,51.11302],[-114.14369,51.11284],[-114.14723,51.11635]]]]}},{"type":"Feature","properties":{"id":1041,"name":"Edgemont","structure":"1980s/1990s","special":false,"revenue":857667,"m2_sampled":23514,"m2_local":0,"m2_shared":51142},"geometry":{"type":"MultiPolygon","coordinates":[[[[-114.14674,51.10916],[-114.14369,51.11284],[-114.13711,51.11302],[-114.13357,51.10952],[-114.13662,51.10584],[-114.14321,51.10566],[-114.14674,51.10916]]]]}},{"type":"Feature","properties":{"id":1042,"name":"Brentwood","structure":"1960s/1970s","special":false,"revenue":2013063,"m2_sampled":27153,"m2_local":21411,"m2_shared":22541},"geometry":{"type":"MultiPolygon","coordinates":[[[[-114.14626,51.10198],[-114.14321,51.10566],[-114.13662,51.10584],[-114.13308,51.10233],[-114.13613,51.09865],[-114.14272,51.09848],[-114.14626,51.10198]]]]}},{"type":"Feature","properties":{"id":1043,"name":"Brentwood","structure":"1960s/1970s","special":false,"revenue":1882014,"m2_sampled":24288,"m2_local":30987,"m2_shared":25134},"geometry":{"type":"MultiPolygon","coordinates":[[[[-114.14577,51.0948],[-114.14272,51.09848],[-114.13613,51.09865],[-114.1326,51.09515],[-114.13565,51.09147],[-114.14223,51.09129],[-114.14577,51.0948]]]]}},{"type":"Feature","properties":{"id":1044,"name":"Varsity","structure":"1960s/1970s","special":false,"revenue":1699645,"m2_sampled":29066,"m2_local":18092,"m2_shared":34733},"geometry":{"type":"MultiPolygon","coordinates":[[[[-114.14528,51.08761],[-114.14223,51.09129],[-114.13565,51.09147],[-114.13211,51.08797],[-114.13516,51.08429],[-114.14174,51.08411],[-114.14528,51.08761]]]]}},{"type":"Feature","properties":{"id":1045,"name":"University Of Calgary","structure":"OTHER","special":true,"revenue":816696,"m2_sampled":17076,"m2_local":13751,"m2_shared":20141},"geometry":{"type":"MultiPolygon","coordinates":[[[[-114.14479,51.08043],[-114.14174,51.08411],[-114.13516,51.08429],[-114.13163,51.08078],[-114.13467,51.0771],[-114.14126,51.07693],[-114.14479,51.08043]]]]}},{"type":"Feature","properties":{"id":1046,"name":"University Heights","structure":"1960s/1970s","special":false,"revenue":1309306,"m2_sampled":40080,"m2_local":18077,"m2_shared":0},"geometry":{"type":"MultiPolygon","coordinates":[[[[-114.14431,51.07325],[-114.14126,51.07693],[-114.13467,51.0771],[-114.13114,51.0736],[-114.13419,51.06992],[-114.14077,51.06974],[-114.14431,51.07325]]]]}},{"type":"Feature","properties":{"id":1047,"name":"St. Andrews Heights","structure":"1950s","special":false,"revenue":927170,"m2_sampled":27561,"m2_local":5206,"m2_shared":39904},"geometry":{"type":"MultiPolygon","coordinates":[[[[-114.14382,51.06606],[-114.14077,51.06974],[-114.13419,51.06992],[-114.13066,51.06642],[-114.1337,51.06274],[-114.14028,51.06256],[-114.14382,51.06606]]]]}},{"type":"Feature","properties":{"id":1048,"name":"Parkdale","structure":"1950s","special":false,"revenue":2879269,"m2_sampled":59585,"m2_local":0,"m2_shared":11442},"geometry":{"type":"MultiPolygon","coordinates":[[[[-114.14333,51.05888],[-114.14028,51.06256],[-114.1337,51.06274],[-114.13017,51.05924],[-114.13322,51.05556],[-114.1398,51.05538],[-114.14333,51.05888]]]]}},{"type":"Feature","properties":{"id":1049,"name":"Spruce Cliff","structure":"1950s","special":false,"revenue":1000720,"m2_sampled":23842,"m2_local":11752,"m2_shared":0},"geometry":{"type":"MultiPolygon","coordinates":[[[[-114.14284,51.0517],[-114.1398,51.05538],[-114.13322,51.05556],[-114.12969,51.05205],[-114.13273,51.04837],[-114.13931,51.0482],[-114.14284,51.0517]]]]}},{"type":"Feature","properties":{"id":1050,"name":"Spruce Cliff","structure":"1950s","special":false,"revenue":3113331,"m2_sampled":27959,"m2_local":9772,"m2_shared":28846},"geometry":{"type":"MultiPolygon","coordinates":[[[[-114.14236,51.04452],[-114.13931,51.0482],[-114.13273,51.04837],[-114.1292,51.04487],[-114.13225,51.04119],[-114.13883,51.04101],[-114.14236,51.04452]]]]}},{"type":"Feature","properties":{"id":1051,"name":"Killarney/Glengarry","structure":"1950s","special":false,"revenue":4505775,"m2_sampled":52213,"m2_local":5441,"m2_shared":11546},"geometry":{"type":"MultiPolygon","coordinates":[[[[-114.14187,51.03733],[-114.13883,51.04101],[-114.13225,51.04119],[-114.12872,51.03769],[-114.13176,51.03401],[-114.13834,51.03383],[-114.14187,51.03733]]]]}},{"type":"Feature","properties":{"id":1052,"name":"Killarney/Glengarry","structure":"1950s","special":false,"revenue":2904959,"m2_sampled":64156,"m2_local":13378,"m2_shared":478},"geometry":{"type":"MultiPolygon","coordinates":[[[[-114.14139,51.03015],[-114.13834,51.03383],[-114.13176,51.03401],[-114.12823,51.0305],[-114.13128,51.02682],[-114.13785,51.02665],[-114.14139,51.03015]]]]}},{"type":"Feature","properties":{"id":1053,"name":"Rutland Park","structure":"1950s","special":false,"revenue":2097400,"m2_sampled":52861,"m2_local":8385,"m2_shared":10978},"geometry":{"type":"MultiPolygon","coordinates":[[[[-114.1409,51.02297],[-114.13785,51.02665],[-114.13128,51.02682],[-114.12775,51.02332],[-114.13079,51.01964],[-114.13737,51.01946],[-114.1409,51.02297]]]]}},{"type":"Feature","properties":{"id":1054,"name":"Lincoln Park","structure":"1950s","special":false,"revenue":2115589,"m2_sampled":39947,"m2_local":8127,"m2_shared":18361},"geometry":{"type":"MultiPolygon","coordinates":[[[[-114.14041,51.01578],[-114.13737,51.01946],[-114.13079,51.01964],[-114.12726,51.01614],[-114.13031,51.01246],[-114.13688,51.01228],[-114.14041,51.01578]]]]}},{"type":"Feature","properties":{"id":1055,"name":"Lincoln Park","structure":"1950s","special":false,"revenue":1616141,"m2_sampled":13094,"m2_local":0,"m2_shared":45239},"geometry":{"type":"MultiPolygon","coordinates":[[[[-114.13993,51.0086],[-114.13688,51.01228],[-114.13031,51.01246],[-114.12678,51.00895],[-114.12983,51.00527],[-114.1364,51.0051],[-114.13993,51.0086]]]]}},{"type":"Feature","properties":{"id":1056,"name":"Lakeview","structure":"1960s/1970s","special":false,"revenue":2141652,"m2_sampled":48355,"m2_local":0,"m2_shared":23655},"geometry":{"type":"MultiPolygon","coordinates":[[[[-114.13944,51.00142],[-114.1364,51.0051],[-114.12983,51.00527],[-114.1263,51.00177],[-114.12934,50.99809],[-114.13591,50.99791],[-114.13944,51.00142]]]]}},{"type":"Feature","properties":{"id":1057,"name":"Lakeview","structure":"1960s/1970s","special":false,"revenue":2055903,"m2_sampled":43520,"m2_local":9920,"m2_shared":0},"geometry":{"type":"MultiPolygon","coordinates":[[[[-114.13896,50.99423],[-114.13591,50.99791],[-114.12934,50.99809],[-114.12581,50.99459],[-114.12886,50.99091],[-114.13543,50.99073],[-114.13896,50.99423]]]]}},{"type":"Feature","properties":{"id":1058,"name":"Glenmore Park","structure":"PARKS","special":true,"revenue":123419,"m2_sampled":0,"m2_local":0,"m2_shared":0},"geometry":{"type":"MultiPolygon","coordinates":[[[[-114.13847,50.98705],[-114.13543,50.99073],[-114.12886,50.99091],[-114.12533,50.9874],[-114.12838,50.98372],[-114.13495,50.98355],[-114.13847,50.98705]]]]}},{"type":"Feature","properties":{"id":1059,"name":"Glenmore Park","structure":"PARKS","special":true,"revenue":31533,"m2_sampled":0,"m2_local":0,"m2_shared":0},"geometry":{"type":"MultiPolygon","coordinates":[[[[-114.13799,50.97987],[-114.13495,50.98355],[-114.12838,50.98372],[-114.12485,50.98022],[-114.12789,50.97654],[-114.13446,50.97636],[-114.13799,50.97987]]]]}},{"type":"Feature","properties":{"id":1060,"name":"Oakridge","structure":"1960s/1970s","special":false,"revenue":1676751,"m2_sampled":47335,"m2_local":12763,"m2_shared":18265},"geometry":{"type":"MultiPolygon","coordinates":[[[[-114.1375,50.97268],[-114.13446,50.97636],[-114.12789,50.97654],[-114.12437,50.97304],[-114.12741,50.96936],[-114.13398,50.96918],[-114.1375,50.97268]]]]}},{"type":"Feature","properties":{"id":1061,"name":"Oakridge","structure":"1960s/1970s","special":false,"revenue":1417102,"m2_sampled":42266,"m2_local":8888,"m2_shared":0},"geometry":{"type":"MultiPolygon","coordinates":[[[[-114.13702,50.9655],[-114.13398,50.96918],[-114.12741,50.96936],[-114.12388,50.96585],[-114.12693,50.96217],[-114.13349,50.962],[-114.13702,50.9655]]]]}},{"type":"Feature","properties":{"id":1062,"name":"Cedarbrae","structure":"1960s/1970s","special":false,"revenue":1306989,"m2_sampled":43632,"m2_local":8819,"m2_shared":12260},"geometry":{"type":"MultiPolygon","coordinates":[[[[-114.13654,50.95832],[-114.13349,50.962],[-114.12693,50.96217],[-114.1234,50.95867],[-114.12644,50.95499],[-114.13301,50.95481],[-114.13654,50.95832]]]]}},{"type":"Feature","properties":{"id":1063,"name":"Cedarbrae","structure":"1960s/1970s","special":false,"revenue":1870376,"m2_sampled":44118,"m2_local":5612,"m2_shared":18506},"geometry":{"type":"MultiPolygon","coordinates":[[[[-114.13605,50.95113],[-114.13301,50.95481],[-114.12644,50.95499],[-114.12292,50.95149],[-114.12596,50.94781],[-114.13253,50.94763],[-114.13605,50.95113]]]]}},{"type":"Feature","properties":{"id":1064,"name":"Woodbine","structure":"1980s/1990s","special":false,"revenue":1573899,"m2_sampled":50384,"m2_local":20122,"m2_shared":0},"geometry":{"type":"MultiPolygon","coordinates":[[[[-114.13557,50.94395],[-114.13253,50.94763],[-114.12596,50.94781],[-114.12244,50.9443],[-114.12548,50.94062],[-114.13204,50.94045],[-114.13557,50.94395]]]]}},{"type":"Feature","properties":{"id":1065,"name":"Woodbine","structure":"1980s/1990s","special":false,"revenue":1723454,"m2_sampled":40881,"m2_local":32938,"m2_shared":0},"geometry":{"type":"MultiPolygon","coordinates":[[[[-114.13508,50.93677],[-114.13204,50.94045],[-114.12548,50.94062],[-114.12196,50.93712],[-114.125,50.93344],[-114.13156,50.93326],[-114.13508,50.93677]]]]}},{"type":"Feature","properties":{"id":1066,"name":"Fish Creek Park","structure":"PARKS","special":true,"revenue":166812,"m2_sampled":4240,"m2_local":0,"m2_shared":0},"geometry":{"type":"MultiPolygon","coordinates":[[[[-114.1346,50.92958],[-114.13156,50.93326],[-114.125,50.93344],[-114.12148,50.92994],[-114.12452,50.92626],[-114.13108,50.92608],[-114.1346,50.92958]]]]}},{"type":"Feature","properties":{"id":1067,"name":"Evergreen","structure":"2000s","special":false,"revenue":1835413,"m2_sampled":43601,"m2_local":6039,"m2_shared":17472},"geometry":{"type":"MultiPolygon","coordinates":[[[[-114.13412,50.9224],[-114.13108,50.92608],[-114.12452,50.92626],[-114.12099,50.92275],[-114.12403,50.91907],[-114.1306,50.9189],[-114.13412,50.9224]]]]}},{"type":"Feature","properties":{"id":1068,"name":"Evergreen","structure":"2000s","special":false,"revenue":1482544,"m2_sampled":34252,"m2_local":9455,"m2_shared":0},"geometry":{"type":"MultiPolygon","coordinates":[[[[-114.13363,50.91522],[-114.1306,50.9189],[-114.12403,50.91907],[-114.12051,50.91557],[-114.12355,50.91189],[-114.13011,50.91171],[-114.13363,50.91522]]]]}},{"type":"Feature","properties":{"id":1069,"name":"Evergreen","structure":"2000s","special":false,"revenue":855395,"m2_sampled":22582,"m2_local":140,"m2_shared":18433},"geometry":{"type":"MultiPolygon","coordinates":[[[[-114.13315,50.90803],[-114.13011,50.91171],[-114.12355,50.91189],[-114.12003,50.90839],[-114.12307,50.90471],[-114.12963,50.90453],[-114.13315,50.90803]]]]}},{"type":"Feature","properties":{"id":1070,"name":"Bridlewood","structure":"2000s","special":false,"revenue":689725,"m2_sampled":10058,"m2_local":0,"m2_shared":0},"geometry":{"type":"MultiPolygon","coordinates":[[[[-114.13267,50.90085],[-114.12963,50.90453],[-114.12307,50.90471],[-114.11955,50.9012],[-114.12259,50.89752],[-114.12915,50.89735],[-114.13267,50.90085]]]]}},{"type":"Feature","properties":{"id":1071,"name":"13g","structure":"UNDEVELOPED","special":true,"revenue":154075,"m2_sampled":0,"m2_local":2723,"m2_shared":20377},"geometry":{"type":"MultiPolygon","coordinates":[[[[-114.13219,50.89367],[-114.12915,50.89735],[-114.12259,50.89752],[-114.11907,50.89402],[-114.12211,50.89034],[-114.12867,50.89016],[-114.13219,50.89367]]]]}},{"type":"Feature","properties":{"id":1072,"name":"13g","structure":"UNDEVELOPED","special":true,"revenue":83885,"m2_sampled":0,"m2_local":4451,"m2_shared":2738},"geometry":{"type":"MultiPolygon","coordinates":[[[[-114.12305,50.88487],[-114.12305,50.88842],[-114.12871,50.88842],[-114.13011,50.88841],[-114.12867,50.89016],[-114.12211,50.89034],[-114.11859,50.88684],[-114.12021,50.88488],[-114.12305,50.88487]]]]}},{"type":"Feature","properties":{"id":1083,"name":"Ambleridge","structure":"BUILDING OUT","special":false,"revenue":10783,"m2_sampled":29,"m2_local":0,"m2_shared":0},"geometry":{"type":"MultiPolygon","coordinates":[[[[-114.14132,51.19763],[-114.14132,51.19776],[-114.14095,51.19776],[-114.13823,51.19777],[-114.13538,51.19778],[-114.13124,51.19779],[-114.13282,51.19589],[-114.13942,51.19571],[-114.14132,51.19759],[-114.14132,51.19763]]]]}},{"type":"Feature","properties":{"id":1084,"name":"Ambleridge","structure":"BUILDING OUT","special":false,"revenue":625,"m2_sampled":0,"m2_local":0,"m2_shared":0},"geometry":{"type":"MultiPolygon","coordinates":[[[[-114.14247,51.19203],[-114.13942,51.19571],[-114.13282,51.19589],[-114.12927,51.19239],[-114.13233,51.18871],[-114.13893,51.18853],[-114.14247,51.19203]]]]}},{"type":"Feature","properties":{"id":1085,"name":"Glacier Ridge","structure":"BUILDING OUT","special":false,"revenue":411479,"m2_sampled":0,"m2_local":0,"m2_shared":27012},"geometry":{"type":"MultiPolygon","coordinates":[[[[-114.14198,51.18485],[-114.13893,51.18853],[-114.13233,51.18871],[-114.12879,51.1852],[-114.13184,51.18152],[-114.13844,51.18135],[-114.14198,51.18485]]]]}},{"type":"Feature","properties":{"id":1086,"name":"Sage Hill","structure":"BUILDING OUT","special":false,"revenue":3141933,"m2_sampled":41724,"m2_local":8031,"m2_shared":19930},"geometry":{"type":"MultiPolygon","coordinates":[[[[-114.1415,51.17767],[-114.13844,51.18135],[-114.13184,51.18152],[-114.1283,51.17802],[-114.13136,51.17434],[-114.13795,51.17416],[-114.1415,51.17767]]]]}},{"type":"Feature","properties":{"id":1087,"name":"Sage Hill","structure":"BUILDING OUT","special":false,"revenue":1657714,"m2_sampled":28536,"m2_local":8285,"m2_shared":37399},"geometry":{"type":"MultiPolygon","coordinates":[[[[-114.14101,51.17048],[-114.13795,51.17416],[-114.13136,51.17434],[-114.12781,51.17084],[-114.13087,51.16716],[-114.13747,51.16698],[-114.14101,51.17048]]]]}},{"type":"Feature","properties":{"id":1088,"name":"Kincora","structure":"2000s","special":false,"revenue":1924054,"m2_sampled":37899,"m2_local":20738,"m2_shared":12410},"geometry":{"type":"MultiPolygon","coordinates":[[[[-114.14052,51.1633],[-114.13747,51.16698],[-114.13087,51.16716],[-114.12733,51.16366],[-114.13038,51.15998],[-114.13698,51.1598],[-114.14052,51.1633]]]]}},{"type":"Feature","properties":{"id":1089,"name":"Kincora","structure":"2000s","special":false,"revenue":1363335,"m2_sampled":22352,"m2_local":9396,"m2_shared":0},"geometry":{"type":"MultiPolygon","coordinates":[[[[-114.14003,51.15612],[-114.13698,51.1598],[-114.13038,51.15998],[-114.12684,51.15647],[-114.1299,51.15279],[-114.13649,51.15262],[-114.14003,51.15612]]]]}},{"type":"Feature","properties":{"id":1090,"name":"Hidden Valley","structure":"1980s/1990s","special":false,"revenue":1152856,"m2_sampled":29062,"m2_local":20993,"m2_shared":21209},"geometry":{"type":"MultiPolygon","coordinates":[[[[-114.13954,51.14894],[-114.13649,51.15262],[-114.1299,51.15279],[-114.12636,51.14929],[-114.12941,51.14561],[-114.136,51.14543],[-114.13954,51.14894]]]]}},{"type":"Feature","properties":{"id":1091,"name":"Hamptons","structure":"2000s","special":false,"revenue":2674750,"m2_sampled":35972,"m2_local":21516,"m2_shared":22285},"geometry":{"type":"MultiPolygon","coordinates":[[[[-114.13906,51.14175],[-114.136,51.14543],[-114.12941,51.14561],[-114.12587,51.14211],[-114.12892,51.13843],[-114.13552,51.13825],[-114.13906,51.14175]]]]}},{"type":"Feature","properties":{"id":1092,"name":"Edgemont","structure":"1980s/1990s","special":false,"revenue":1854450,"m2_sampled":42813,"m2_local":24608,"m2_shared":0},"geometry":{"type":"MultiPolygon","coordinates":[[[[-114.13857,51.13457],[-114.13552,51.13825],[-114.12892,51.13843],[-114.12538,51.13492],[-114.12844,51.13124],[-114.13503,51.13107],[-114.13857,51.13457]]]]}},{"type":"Feature","properties":{"id":1093,"name":"Nose Hill Park","structure":"PARKS","special":true,"revenue":761939,"m2_sampled":16634,"m2_local":2697,"m2_shared":36191},"geometry":{"type":"MultiPolygon","coordinates":[[[[-114.13808,51.12739],[-114.13503,51.13107],[-114.12844,51.13124],[-114.1249,51.12774],[-114.12795,51.12406],[-114.13454,51.12388],[-114.13808,51.12739]]]]}},{"type":"Feature","properties":{"id":1094,"name":"Nose Hill Park","structure":"PARKS","special":true,"revenue":24298,"m2_sampled":992,"m2_local":0,"m2_shared":17513},"geometry":{"type":"MultiPolygon","coordinates":[[[[-114.13759,51.1202],[-114.13454,51.12388],[-114.12795,51.12406],[-114.12441,51.12056],[-114.12747,51.11688],[-114.13406,51.1167],[-114.13759,51.1202]]]]}},{"type":"Feature","properties":{"id":1095,"name":"Nose Hill Park","structure":"PARKS","special":true,"revenue":0,"m2_sampled":0,"m2_local":0,"m2_shared":11067},"geometry":{"type":"MultiPolygon","coordinates":[[[[-114.13711,51.11302],[-114.13406,51.1167],[-114.12747,51.11688],[-114.12393,51.11337],[-114.12698,51.10969],[-114.13357,51.10952],[-114.13711,51.11302]]]]}},{"type":"Feature","properties":{"id":1096,"name":"Nose Hill Park","structure":"PARKS","special":true,"revenue":470907,"m2_sampled":14744,"m2_local":2441,"m2_shared":22486},"geometry":{"type":"MultiPolygon","coordinates":[[[[-114.13662,51.10584],[-114.13357,51.10952],[-114.12698,51.10969],[-114.12344,51.10619],[-114.1265,51.10251],[-114.13308,51.10233],[-114.13662,51.10584]]]]}},{"type":"Feature","properties":{"id":1097,"name":"Brentwood","structure":"1960s/1970s","special":false,"revenue":1920408,"m2_sampled":48762,"m2_local":19576,"m2_shared":0},"geometry":{"type":"MultiPolygon","coordinates":[[[[-114.13613,51.09865],[-114.13308,51.10233],[-114.1265,51.10251],[-114.12296,51.09901],[-114.12601,51.09533],[-114.1326,51.09515],[-114.13613,51.09865]]]]}},{"type":"Feature","properties":{"id":1098,"name":"Brentwood","structure":"1960s/1970s","special":false,"revenue":2165644,"m2_sampled":46111,"m2_local":20855,"m2_shared":1057},"geometry":{"type":"MultiPolygon","coordinates":[[[[-114.13565,51.09147],[-114.1326,51.09515],[-114.12601,51.09533],[-114.12248,51.09182],[-114.12553,51.08814],[-114.13211,51.08797],[-114.13565,51.09147]]]]}},{"type":"Feature","properties":{"id":1099,"name":"Varsity","structure":"1960s/1970s","special":false,"revenue":4936401,"m2_sampled":12415,"m2_local":17047,"m2_shared":48463},"geometry":{"type":"MultiPolygon","coordinates":[[[[-114.13516,51.08429],[-114.13211,51.08797],[-114.12553,51.08814],[-114.12199,51.08464],[-114.12504,51.08096],[-114.13163,51.08078],[-114.13516,51.08429]]]]}},{"type":"Feature","properties":{"id":1100,"name":"University Of Calgary","structure":"OTHER","special":true,"revenue":51987,"m2_sampled":8200,"m2_local":30853,"m2_shared":0},"geometry":{"type":"MultiPolygon","coordinates":[[[[-114.13467,51.0771],[-114.13163,51.08078],[-114.12504,51.08096],[-114.12151,51.07746],[-114.12456,51.07378],[-114.13114,51.0736],[-114.13467,51.0771]]]]}},{"type":"Feature","properties":{"id":1101,"name":"University Heights","structure":"1960s/1970s","special":false,"revenue":1474949,"m2_sampled":29096,"m2_local":19877,"m2_shared":30542},"geometry":{"type":"MultiPolygon","coordinates":[[[[-114.13419,51.06992],[-114.13114,51.0736],[-114.12456,51.07378],[-114.12102,51.07027],[-114.12407,51.06659],[-114.13066,51.06642],[-114.13419,51.06992]]]]}},{"type":"Feature","properties":{"id":1102,"name":"St. Andrews Heights","structure":"1950s","special":false,"revenue":1941403,"m2_sampled":48949,"m2_local":10073,"m2_shared":0},"geometry":{"type":"MultiPolygon","coordinates":[[[[-114.1337,51.06274],[-114.13066,51.06642],[-114.12407,51.06659],[-114.12054,51.06309],[-114.12359,51.05941],[-114.13017,51.05924],[-114.1337,51.06274]]]]}},{"type":"Feature","properties":{"id":1103,"name":"West Hillhurst","structure":"INNER CITY","special":false,"revenue":2070393,"m2_sampled":50262,"m2_local":4775,"m2_shared":11619},"geometry":{"type":"MultiPolygon","coordinates":[[[[-114.13322,51.05556],[-114.13017,51.05924],[-114.12359,51.05941],[-114.12006,51.05591],[-114.12311,51.05223],[-114.12969,51.05205],[-114.13322,51.05556]]]]}},{"type":"Feature","properties":{"id":1104,"name":"Shaganappi","structure":"1950s","special":false,"revenue":503424,"m2_sampled":1299,"m2_local":0,"m2_shared":0},"geometry":{"type":"MultiPolygon","coordinates":[[[[-114.13273,51.04837],[-114.12969,51.05205],[-114.12311,51.05223],[-114.11957,51.04872],[-114.12262,51.04505],[-114.1292,51.04487],[-114.13273,51.04837]]]]}},{"type":"Feature","properties":{"id":1105,"name":"Shaganappi","structure":"1950s","special":false,"revenue":1449837,"m2_sampled":40732,"m2_local":5569,"m2_shared":23556},"geometry":{"type":"MultiPolygon","coordinates":[[[[-114.13225,51.04119],[-114.1292,51.04487],[-114.12262,51.04505],[-114.11909,51.04154],[-114.12214,51.03786],[-114.12872,51.03769],[-114.13225,51.04119]]]]}},{"type":"Feature","properties":{"id":1106,"name":"Killarney/Glengarry","structure":"1950s","special":false,"revenue":3678882,"m2_sampled":70813,"m2_local":5921,"m2_shared":1241},"geometry":{"type":"MultiPolygon","coordinates":[[[[-114.13176,51.03401],[-114.12872,51.03769],[-114.12214,51.03786],[-114.11861,51.03436],[-114.12166,51.03068],[-114.12823,51.0305],[-114.13176,51.03401]]]]}},{"type":"Feature","properties":{"id":1107,"name":"Richmond","structure":"1950s","special":false,"revenue":1887583,"m2_sampled":46402,"m2_local":20500,"m2_shared":15190},"geometry":{"type":"MultiPolygon","coordinates":[[[[-114.13128,51.02682],[-114.12823,51.0305],[-114.12166,51.03068],[-114.11813,51.02717],[-114.12117,51.0235],[-114.12775,51.02332],[-114.13128,51.02682]]]]}},{"type":"Feature","properties":{"id":1108,"name":"Currie Barracks","structure":"BUILDING OUT","special":false,"revenue":1173099,"m2_sampled":35862,"m2_local":0,"m2_shared":1557},"geometry":{"type":"MultiPolygon","coordinates":[[[[-114.13079,51.01964],[-114.12775,51.02332],[-114.12117,51.0235],[-114.11764,51.01999],[-114.12069,51.01631],[-114.12726,51.01614],[-114.13079,51.01964]]]]}},{"type":"Feature","properties":{"id":1109,"name":"Lincoln Park","structure":"1950s","special":false,"revenue":1940259,"m2_sampled":4771,"m2_local":0,"m2_shared":38545},"geometry":{"type":"MultiPolygon","coordinates":[[[[-114.13031,51.01246],[-114.12726,51.01614],[-114.12069,51.01631],[-114.11716,51.01281],[-114.12021,51.00913],[-114.12678,51.00895],[-114.13031,51.01246]]]]}},{"type":"Feature","properties":{"id":1110,"name":"Lincoln Park","structure":"1950s","special":false,"revenue":3125465,"m2_sampled":53213,"m2_local":933,"m2_shared":24031},"geometry":{"type":"MultiPolygon","coordinates":[[[[-114.12983,51.00527],[-114.12678,51.00895],[-114.12021,51.00913],[-114.11668,51.00562],[-114.11972,51.00195],[-114.1263,51.00177],[-114.12983,51.00527]]]]}},{"type":"Feature","properties":{"id":1111,"name":"Lakeview","structure":"1960s/1970s","special":false,"revenue":2189612,"m2_sampled":48981,"m2_local":10154,"m2_shared":26077},"geometry":{"type":"MultiPolygon","coordinates":[[[[-114.12934,50.99809],[-114.1263,51.00177],[-114.11972,51.00195],[-114.1162,50.99844],[-114.11924,50.99476],[-114.12581,50.99459],[-114.12934,50.99809]]]]}},{"type":"Feature","properties":{"id":1112,"name":"Lakeview","structure":"1960s/1970s","special":false,"revenue":1387081,"m2_sampled":37263,"m2_local":4799,"m2_shared":0},"geometry":{"type":"MultiPolygon","coordinates":[[[[-114.12886,50.99091],[-114.12581,50.99459],[-114.11924,50.99476],[-114.11572,50.99126],[-114.11876,50.98758],[-114.12533,50.9874],[-114.12886,50.99091]]]]}},{"type":"Feature","properties":{"id":1113,"name":"Glenmore Park","structure":"PARKS","special":true,"revenue":10607,"m2_sampled":0,"m2_local":0,"m2_shared":0},"geometry":{"type":"MultiPolygon","coordinates":[[[[-114.12838,50.98372],[-114.12533,50.9874],[-114.11876,50.98758],[-114.11523,50.98407],[-114.11828,50.9804],[-114.12485,50.98022],[-114.12838,50.98372]]]]}},{"type":"Feature","properties":{"id":1114,"name":"Glenmore Park","structure":"PARKS","special":true,"revenue":229780,"m2_sampled":921,"m2_local":0,"m2_shared":935},"geometry":{"type":"MultiPolygon","coordinates":[[[[-114.12789,50.97654],[-114.12485,50.98022],[-114.11828,50.9804],[-114.11475,50.97689],[-114.1178,50.97321],[-114.12437,50.97304],[-114.12789,50.97654]]]]}},{"type":"Feature","properties":{"id":1115,"name":"Oakridge","structure":"1960s/1970s","special":false,"revenue":1823906,"m2_sampled":28865,"m2_local":9873,"m2_shared":29226},"geometry":{"type":"MultiPolygon","coordinates":[[[[-114.12741,50.96936],[-114.12437,50.97304],[-114.1178,50.97321],[-114.11427,50.96971],[-114.11732,50.96603],[-114.12388,50.96585],[-114.12741,50.96936]]]]}},{"type":"Feature","properties":{"id":1116,"name":"Oakridge","structure":"1960s/1970s","special":false,"revenue":1480679,"m2_sampled":43112,"m2_local":0,"m2_shared":41421},"geometry":{"type":"MultiPolygon","coordinates":[[[[-114.12693,50.96217],[-114.12388,50.96585],[-114.11732,50.96603],[-114.11379,50.96252],[-114.11684,50.95885],[-114.1234,50.95867],[-114.12693,50.96217]]]]}},{"type":"Feature","properties":{"id":1117,"name":"Cedarbrae","structure":"1960s/1970s","special":false,"revenue":1843529,"m2_sampled":24308,"m2_local":10830,"m2_shared":18801},"geometry":{"type":"MultiPolygon","coordinates":[[[[-114.12644,50.95499],[-114.1234,50.95867],[-114.11684,50.95885],[-114.11331,50.95534],[-114.11635,50.95166],[-114.12292,50.95149],[-114.12644,50.95499]]]]}},{"type":"Feature","properties":{"id":1118,"name":"Woodbine","structure":"1980s/1990s","special":false,"revenue":1487071,"m2_sampled":55468,"m2_local":0,"m2_shared":50284},"geometry":{"type":"MultiPolygon","coordinates":[[[[-114.12596,50.94781],[-114.12292,50.95149],[-114.11635,50.95166],[-114.11283,50.94816],[-114.11587,50.94448],[-114.12244,50.9443],[-114.12596,50.94781]]]]}},{"type":"Feature","properties":{"id":1119,"name":"Woodbine","structure":"1980s/1990s","special":false,"revenue":2127476,"m2_sampled":55223,"m2_local":18343,"m2_shared":19745},"geometry":{"type":"MultiPolygon","coordinates":[[[[-114.12548,50.94062],[-114.12244,50.9443],[-114.11587,50.94448],[-114.11235,50.94097],[-114.11539,50.93729],[-114.12196,50.93712],[-114.12548,50.94062]]]]}},{"type":"Feature","properties":{"id":1120,"name":"Woodbine","structure":"1980s/1990s","special":false,"revenue":1203258,"m2_sampled":32346,"m2_local":13544,"m2_shared":3249},"geometry":{"type":"MultiPolygon","coordinates":[[[[-114.125,50.93344],[-114.12196,50.93712],[-114.11539,50.93729],[-114.11187,50.93379],[-114.11491,50.93011],[-114.12148,50.92994],[-114.125,50.93344]]]]}},{"type":"Feature","properties":{"id":1121,"name":"Fish Creek Park","structure":"PARKS","special":true,"revenue":706878,"m2_sampled":9624,"m2_local":0,"m2_shared":0},"geometry":{"type":"MultiPolygon","coordinates":[[[[-114.12452,50.92626],[-114.12148,50.92994],[-114.11491,50.93011],[-114.11139,50.92661],[-114.11443,50.92293],[-114.12099,50.92275],[-114.12452,50.92626]]]]}},{"type":"Feature","properties":{"id":1122,"name":"Evergreen","structure":"2000s","special":false,"revenue":2843126,"m2_sampled":52031,"m2_local":0,"m2_shared":14417},"geometry":{"type":"MultiPolygon","coordinates":[[[[-114.12403,50.91907],[-114.12099,50.92275],[-114.11443,50.92293],[-114.11091,50.91942],[-114.11395,50.91574],[-114.12051,50.91557],[-114.12403,50.91907]]]]}},{"type":"Feature","properties":{"id":1123,"name":"Evergreen","structure":"2000s","special":false,"revenue":2208482,"m2_sampled":49805,"m2_local":20878,"m2_shared":0},"geometry":{"type":"MultiPolygon","coordinates":[[[[-114.12355,50.91189],[-114.12051,50.91557],[-114.11395,50.91574],[-114.11043,50.91224],[-114.11347,50.90856],[-114.12003,50.90839],[-114.12355,50.91189]]]]}},{"type":"Feature","properties":{"id":1124,"name":"Bridlewood","structure":"2000s","special":false,"revenue":2946216,"m2_sampled":37085,"m2_local":18950,"m2_shared":21426},"geometry":{"type":"MultiPolygon","coordinates":[[[[-114.12307,50.90471],[-114.12003,50.90839],[-114.11347,50.90856],[-114.10995,50.90506],[-114.11299,50.90138],[-114.11955,50.9012],[-114.12307,50.90471]]]]}},{"type":"Feature","properties":{"id":1125,"name":"Bridlewood","structure":"2000s","special":false,"revenue":2285732,"m2_sampled":50330,"m2_local":6866,"m2_shared":0},"geometry":{"type":"MultiPolygon","coordinates":[[[[-114.12259,50.89752],[-114.11955,50.9012],[-114.11299,50.90138],[-114.10947,50.89787],[-114.11251,50.89419],[-114.11907,50.89402],[-114.12259,50.89752]]]]}},{"type":"Feature","properties":{"id":1126,"name":"13h","structure":"UNDEVELOPED","special":true,"revenue":108028,"m2_sampled":0,"m2_local":12438,"m2_shared":17344},"geometry":{"type":"MultiPolygon","coordinates":[[[[-114.11258,50.89139],[-114.11585,50.88934],[-114.11614,50.88934],[-114.11509,50.88693],[-114.11859,50.88684],[-114.12211,50.89034],[-114.11907,50.89402],[-114.11251,50.89419],[-114.1097,50.89139],[-114.11258,50.89139]]]]}},{"type":"Feature","properties":{"id":1127,"name":"13g","structure":"UNDEVELOPED","special":true,"revenue":26051,"m2_sampled":0,"m2_local":2444,"m2_shared":0},"geometry":{"type":"MultiPolygon","coordinates":[[[[-114.1142,50.88488],[-114.11469,50.88488],[-114.11569,50.88488],[-114.1159,50.88488],[-114.11698,50.88488],[-114.12021,50.88488],[-114.11859,50.88684],[-114.11509,50.88693],[-114.1142,50.88488]]]]}},{"type":"Feature","properties":{"id":1135,"name":"02l","structure":"OTHER","special":true,"revenue":1030,"m2_sampled":0,"m2_local":0,"m2_shared":0},"geometry":{"type":"MultiPolygon","coordinates":[[[[-114.12954,51.21227],[-114.12229,51.2123],[-114.12059,51.21061],[-114.12365,51.20693],[-114.12954,51.20677],[-114.12954,51.21227]]]]}},{"type":"Feature","properties":{"id":1136,"name":"02l","structure":"OTHER","special":true,"revenue":3062,"m2_sampled":0,"m2_local":0,"m2_shared":0},"geometry":{"type":"MultiPolygon","coordinates":[[[[-114.12954,51.20086],[-114.12954,51.20114],[-114.12954,51.20494],[-114.12954,51.20503],[-114.12954,51.20677],[-114.12365,51.20693],[-114.1201,51.20343],[-114.12316,51.19975],[-114.12954,51.19958],[-114.12954,51.20086]]]]}},{"type":"Feature","properties":{"id":1137,"name":"Ambleridge","structure":"BUILDING OUT","special":false,"revenue":10669,"m2_sampled":0,"m2_local":0,"m2_shared":0},"geometry":{"type":"MultiPolygon","coordinates":[[[[-114.12954,51.1978],[-114.12954,51.19958],[-114.12316,51.19975],[-114.11962,51.19624],[-114.12267,51.19256],[-114.12927,51.19239],[-114.13282,51.19589],[-114.13124,51.19779],[-114.12954,51.1978]]]]}},{"type":"Feature","properties":{"id":1138,"name":"Ambleridge","structure":"BUILDING OUT","special":false,"revenue":350,"m2_sampled":0,"m2_local":0,"m2_shared":0},"geometry":{"type":"MultiPolygon","coordinates":[[[[-114.13233,51.18871],[-114.12927,51.19239],[-114.12267,51.19256],[-114.11913,51.18906],[-114.12219,51.18538],[-114.12879,51.1852],[-114.13233,51.18871]]]]}},{"type":"Feature","properties":{"id":1139,"name":"Evanston","structure":"2010s","special":false,"revenue":1410098,"m2_sampled":27251,"m2_local":4244,"m2_shared":8112},"geometry":{"type":"MultiPolygon","coordinates":[[[[-114.13184,51.18152],[-114.12879,51.1852],[-114.12219,51.18538],[-114.11865,51.18188],[-114.1217,51.1782],[-114.1283,51.17802],[-114.13184,51.18152]]]]}},{"type":"Feature","properties":{"id":1140,"name":"Sage Hill","structure":"BUILDING OUT","special":false,"revenue":1932203,"m2_sampled":39534,"m2_local":9325,"m2_shared":0},"geometry":{"type":"MultiPolygon","coordinates":[[[[-114.13136,51.17434],[-114.1283,51.17802],[-114.1217,51.1782],[-114.11816,51.17469],[-114.12122,51.17101],[-114.12781,51.17084],[-114.13136,51.17434]]]]}},{"type":"Feature","properties":{"id":1141,"name":"Evanston","structure":"2010s","special":false,"revenue":2305678,"m2_sampled":27304,"m2_local":6835,"m2_shared":21287},"geometry":{"type":"MultiPolygon","coordinates":[[[[-114.13087,51.16716],[-114.12781,51.17084],[-114.12122,51.17101],[-114.11768,51.16751],[-114.12073,51.16383],[-114.12733,51.16366],[-114.13087,51.16716]]]]}},{"type":"Feature","properties":{"id":1142,"name":"Evanston","structure":"2010s","special":false,"revenue":1805059,"m2_sampled":12613,"m2_local":17764,"m2_shared":20372},"geometry":{"type":"MultiPolygon","coordinates":[[[[-114.13038,51.15998],[-114.12733,51.16366],[-114.12073,51.16383],[-114.11719,51.16033],[-114.12025,51.15665],[-114.12684,51.15647],[-114.13038,51.15998]]]]}},{"type":"Feature","properties":{"id":1143,"name":"Hidden Valley","structure":"1980s/1990s","special":false,"revenue":1046528,"m2_sampled":17030,"m2_local":10055,"m2_shared":0},"geometry":{"type":"MultiPolygon","coordinates":[[[[-114.1299,51.15279],[-114.12684,51.15647],[-114.12025,51.15665],[-114.11671,51.15314],[-114.11976,51.14947],[-114.12636,51.14929],[-114.1299,51.15279]]]]}},{"type":"Feature","properties":{"id":1144,"name":"Hidden Valley","structure":"1980s/1990s","special":false,"revenue":1516882,"m2_sampled":46950,"m2_local":10302,"m2_shared":47410},"geometry":{"type":"MultiPolygon","coordinates":[[[[-114.12941,51.14561],[-114.12636,51.14929],[-114.11976,51.14947],[-114.11622,51.14596],[-114.11928,51.14228],[-114.12587,51.14211],[-114.12941,51.14561]]]]}},{"type":"Feature","properties":{"id":1145,"name":"Edgemont","structure":"1980s/1990s","special":false,"revenue":1432853,"m2_sampled":39835,"m2_local":4809,"m2_shared":27699},"geometry":{"type":"MultiPolygon","coordinates":[[[[-114.12892,51.13843],[-114.12587,51.14211],[-114.11928,51.14228],[-114.11574,51.13878],[-114.11879,51.1351],[-114.12538,51.13492],[-114.12892,51.13843]]]]}},{"type":"Feature","properties":{"id":1146,"name":"Nose Hill Park","structure":"PARKS","special":true,"revenue":849764,"m2_sampled":26956,"m2_local":0,"m2_shared":14183},"geometry":{"type":"MultiPolygon","coordinates":[[[[-114.12844,51.13124],[-114.12538,51.13492],[-114.11879,51.1351],[-114.11525,51.1316],[-114.11831,51.12792],[-114.1249,51.12774],[-114.12844,51.13124]]]]}},{"type":"Feature","properties":{"id":1147,"name":"Nose Hill Park","structure":"PARKS","special":true,"revenue":0,"m2_sampled":0,"m2_local":0,"m2_shared":0},"geometry":{"type":"MultiPolygon","coordinates":[[[[-114.12795,51.12406],[-114.1249,51.12774],[-114.11831,51.12792],[-114.11477,51.12441],[-114.11782,51.12073],[-114.12441,51.12056],[-114.12795,51.12406]]]]}},{"type":"Feature","properties":{"id":1148,"name":"Nose Hill Park","structure":"PARKS","special":true,"revenue":0,"m2_sampled":0,"m2_local":0,"m2_shared":0},"geometry":{"type":"MultiPolygon","coordinates":[[[[-114.12747,51.11688],[-114.12441,51.12056],[-114.11782,51.12073],[-114.11429,51.11723],[-114.11734,51.11355],[-114.12393,51.11337],[-114.12747,51.11688]]]]}},{"type":"Feature","properties":{"id":1149,"name":"Nose Hill Park","structure":"PARKS","special":true,"revenue":0,"m2_sampled":0,"m2_local":0,"m2_shared":0},"geometry":{"type":"MultiPolygon","coordinates":[[[[-114.12698,51.10969],[-114.12393,51.11337],[-114.11734,51.11355],[-114.1138,51.11005],[-114.11686,51.10637],[-114.12344,51.10619],[-114.12698,51.10969]]]]}},{"type":"Feature","properties":{"id":1150,"name":"Nose Hill Park","structure":"PARKS","special":true,"revenue":20589,"m2_sampled":0,"m2_local":0,"m2_shared":13202},"geometry":{"type":"MultiPolygon","coordinates":[[[[-114.1265,51.10251],[-114.12344,51.10619],[-114.11686,51.10637],[-114.11332,51.10286],[-114.11637,51.09918],[-114.12296,51.09901],[-114.1265,51.10251]]]]}},{"type":"Feature","properties":{"id":1151,"name":"Charleswood","structure":"1950s","special":false,"revenue":1440883,"m2_sampled":45017,"m2_local":12531,"m2_shared":16618},"geometry":{"type":"MultiPolygon","coordinates":[[[[-114.12601,51.09533],[-114.12296,51.09901],[-114.11637,51.09918],[-114.11284,51.09568],[-114.11589,51.092],[-114.12248,51.09182],[-114.12601,51.09533]]]]}},{"type":"Feature","properties":{"id":1152,"name":"Brentwood","structure":"1960s/1970s","special":false,"revenue":1503773,"m2_sampled":44040,"m2_local":24087,"m2_shared":0},"geometry":{"type":"MultiPolygon","coordinates":[[[[-114.12553,51.08814],[-114.12248,51.09182],[-114.11589,51.092],[-114.11236,51.0885],[-114.11541,51.08482],[-114.12199,51.08464],[-114.12553,51.08814]]]]}},{"type":"Feature","properties":{"id":1153,"name":"Charleswood","structure":"1950s","special":false,"revenue":1595084,"m2_sampled":52026,"m2_local":8928,"m2_shared":17407},"geometry":{"type":"MultiPolygon","coordinates":[[[[-114.12504,51.08096],[-114.12199,51.08464],[-114.11541,51.08482],[-114.11187,51.08131],[-114.11492,51.07763],[-114.12151,51.07746],[-114.12504,51.08096]]]]}},{"type":"Feature","properties":{"id":1154,"name":"Banff Trail","structure":"1950s","special":false,"revenue":1461824,"m2_sampled":36718,"m2_local":20900,"m2_shared":24331},"geometry":{"type":"MultiPolygon","coordinates":[[[[-114.12456,51.07378],[-114.12151,51.07746],[-114.11492,51.07763],[-114.11139,51.07413],[-114.11444,51.07045],[-114.12102,51.07027],[-114.12456,51.07378]]]]}},{"type":"Feature","properties":{"id":1155,"name":"Hounsfield Heights/Briar Hill","structure":"1950s","special":false,"revenue":2572652,"m2_sampled":34692,"m2_local":22627,"m2_shared":60168},"geometry":{"type":"MultiPolygon","coordinates":[[[[-114.12407,51.06659],[-114.12102,51.07027],[-114.11444,51.07045],[-114.11091,51.06695],[-114.11396,51.06327],[-114.12054,51.06309],[-114.12407,51.06659]]]]}},{"type":"Feature","properties":{"id":1156,"name":"West Hillhurst","structure":"INNER CITY","special":false,"revenue":2988673,"m2_sampled":64575,"m2_local":12547,"m2_shared":18622},"geometry":{"type":"MultiPolygon","coordinates":[[[[-114.12359,51.05941],[-114.12054,51.06309],[-114.11396,51.06327],[-114.11043,51.05976],[-114.11348,51.05608],[-114.12006,51.05591],[-114.12359,51.05941]]]]}},{"type":"Feature","properties":{"id":1157,"name":"West Hillhurst","structure":"INNER CITY","special":false,"revenue":2883643,"m2_sampled":46081,"m2_local":10121,"m2_shared":48056},"geometry":{"type":"MultiPolygon","coordinates":[[[[-114.12311,51.05223],[-114.12006,51.05591],[-114.11348,51.05608],[-114.10995,51.05258],[-114.11299,51.0489],[-114.11957,51.04872],[-114.12311,51.05223]]]]}},{"type":"Feature","properties":{"id":1158,"name":"Scarboro/ Sunalta West","structure":"1950s","special":false,"revenue":1747910,"m2_sampled":13468,"m2_local":0,"m2_shared":65071},"geometry":{"type":"MultiPolygon","coordinates":[[[[-114.12262,51.04505],[-114.11957,51.04872],[-114.11299,51.0489],[-114.10946,51.0454],[-114.11251,51.04172],[-114.11909,51.04154],[-114.12262,51.04505]]]]}},{"type":"Feature","properties":{"id":1159,"name":"Scarboro/ Sunalta West","structure":"1950s","special":false,"revenue":2021538,"m2_sampled":48031,"m2_local":6038,"m2_shared":44997},"geometry":{"type":"MultiPolygon","coordinates":[[[[-114.12214,51.03786],[-114.11909,51.04154],[-114.11251,51.04172],[-114.10898,51.03821],[-114.11203,51.03453],[-114.11861,51.03436],[-114.12214,51.03786]]]]}},{"type":"Feature","properties":{"id":1160,"name":"Richmond","structure":"1950s","special":false,"revenue":2810840,"m2_sampled":49240,"m2_local":21170,"m2_shared":17641},"geometry":{"type":"MultiPolygon","coordinates":[[[[-114.12166,51.03068],[-114.11861,51.03436],[-114.11203,51.03453],[-114.1085,51.03103],[-114.11155,51.02735],[-114.11813,51.02717],[-114.12166,51.03068]]]]}},{"type":"Feature","properties":{"id":1161,"name":"South Calgary","structure":"INNER CITY","special":false,"revenue":6136657,"m2_sampled":51715,"m2_local":3624,"m2_shared":46685},"geometry":{"type":"MultiPolygon","coordinates":[[[[-114.12117,51.0235],[-114.11813,51.02717],[-114.11155,51.02735],[-114.10802,51.02385],[-114.11107,51.02017],[-114.11764,51.01999],[-114.12117,51.0235]]]]}},{"type":"Feature","properties":{"id":1162,"name":"Garrison Woods","structure":"INNER CITY","special":false,"revenue":2488131,"m2_sampled":61594,"m2_local":7461,"m2_shared":35484},"geometry":{"type":"MultiPolygon","coordinates":[[[[-114.12069,51.01631],[-114.11764,51.01999],[-114.11107,51.02017],[-114.10754,51.01666],[-114.11059,51.01298],[-114.11716,51.01281],[-114.12069,51.01631]]]]}},{"type":"Feature","properties":{"id":1163,"name":"Altadore","structure":"INNER CITY","special":false,"revenue":1883416,"m2_sampled":40267,"m2_local":14904,"m2_shared":30808},"geometry":{"type":"MultiPolygon","coordinates":[[[[-114.12021,51.00913],[-114.11716,51.01281],[-114.11059,51.01298],[-114.10706,51.00948],[-114.11011,51.0058],[-114.11668,51.00562],[-114.12021,51.00913]]]]}},{"type":"Feature","properties":{"id":1164,"name":"North Glenmore Park","structure":"1950s","special":false,"revenue":1979714,"m2_sampled":50628,"m2_local":8466,"m2_shared":40788},"geometry":{"type":"MultiPolygon","coordinates":[[[[-114.11972,51.00195],[-114.11668,51.00562],[-114.11011,51.0058],[-114.10658,51.0023],[-114.10963,50.99862],[-114.1162,50.99844],[-114.11972,51.00195]]]]}},{"type":"Feature","properties":{"id":1165,"name":"North Glenmore Park","structure":"1950s","special":false,"revenue":1044825,"m2_sampled":31956,"m2_local":5189,"m2_shared":1459},"geometry":{"type":"MultiPolygon","coordinates":[[[[-114.11924,50.99476],[-114.1162,50.99844],[-114.10963,50.99862],[-114.1061,50.99511],[-114.10914,50.99143],[-114.11572,50.99126],[-114.11924,50.99476]]]]}},{"type":"Feature","properties":{"id":1166,"name":"Glenmore Park","structure":"PARKS","special":true,"revenue":3225,"m2_sampled":3223,"m2_local":0,"m2_shared":0},"geometry":{"type":"MultiPolygon","coordinates":[[[[-114.11876,50.98758],[-114.11572,50.99126],[-114.10914,50.99143],[-114.10562,50.98793],[-114.10866,50.98425],[-114.11523,50.98407],[-114.11876,50.98758]]]]}},{"type":"Feature","properties":{"id":1167,"name":"Glenmore Park","structure":"PARKS","special":true,"revenue":20734,"m2_sampled":2196,"m2_local":0,"m2_shared":0},"geometry":{"type":"MultiPolygon","coordinates":[[[[-114.11828,50.9804],[-114.11523,50.98407],[-114.10866,50.98425],[-114.10514,50.98075],[-114.10818,50.97707],[-114.11475,50.97689],[-114.11828,50.9804]]]]}},{"type":"Feature","properties":{"id":1168,"name":"Bayview","structure":"1960s/1970s","special":false,"revenue":1958879,"m2_sampled":37649,"m2_local":0,"m2_shared":17053},"geometry":{"type":"MultiPolygon","coordinates":[[[[-114.1178,50.97321],[-114.11475,50.97689],[-114.10818,50.97707],[-114.10466,50.97356],[-114.1077,50.96988],[-114.11427,50.96971],[-114.1178,50.97321]]]]}},{"type":"Feature","properties":{"id":1169,"name":"Palliser","structure":"1960s/1970s","special":false,"revenue":1716870,"m2_sampled":41653,"m2_local":8952,"m2_shared":0},"geometry":{"type":"MultiPolygon","coordinates":[[[[-114.11732,50.96603],[-114.11427,50.96971],[-114.1077,50.96988],[-114.10418,50.96638],[-114.10722,50.9627],[-114.11379,50.96252],[-114.11732,50.96603]]]]}},{"type":"Feature","properties":{"id":1170,"name":"Braeside","structure":"1960s/1970s","special":false,"revenue":1766942,"m2_sampled":43760,"m2_local":0,"m2_shared":16659},"geometry":{"type":"MultiPolygon","coordinates":[[[[-114.11684,50.95885],[-114.11379,50.96252],[-114.10722,50.9627],[-114.1037,50.9592],[-114.10675,50.95552],[-114.11331,50.95534],[-114.11684,50.95885]]]]}},{"type":"Feature","properties":{"id":1171,"name":"Braeside","structure":"1960s/1970s","special":false,"revenue":1235158,"m2_sampled":34407,"m2_local":12719,"m2_shared":21720},"geometry":{"type":"MultiPolygon","coordinates":[[[[-114.11635,50.95166],[-114.11331,50.95534],[-114.10675,50.95552],[-114.10322,50.95201],[-114.10627,50.94833],[-114.11283,50.94816],[-114.11635,50.95166]]]]}},{"type":"Feature","properties":{"id":1172,"name":"Woodlands","structure":"1980s/1990s","special":false,"revenue":1539348,"m2_sampled":44080,"m2_local":27260,"m2_shared":0},"geometry":{"type":"MultiPolygon","coordinates":[[[[-114.11587,50.94448],[-114.11283,50.94816],[-114.10627,50.94833],[-114.10274,50.94483],[-114.10579,50.94115],[-114.11235,50.94097],[-114.11587,50.94448]]]]}},{"type":"Feature","properties":{"id":1173,"name":"Woodlands","structure":"1980s/1990s","special":false,"revenue":1647577,"m2_sampled":47054,"m2_local":9724,"m2_shared":0},"geometry":{"type":"MultiPolygon","coordinates":[[[[-114.11539,50.93729],[-114.11235,50.94097],[-114.10579,50.94115],[-114.10227,50.93764],[-114.10531,50.93397],[-114.11187,50.93379],[-114.11539,50.93729]]]]}},{"type":"Feature","properties":{"id":1174,"name":"Fish Creek Park","structure":"PARKS","special":true,"revenue":126195,"m2_sampled":1354,"m2_local":0,"m2_shared":0},"geometry":{"type":"MultiPolygon","coordinates":[[[[-114.11491,50.93011],[-114.11187,50.93379],[-114.10531,50.93397],[-114.10179,50.93046],[-114.10483,50.92678],[-114.11139,50.92661],[-114.11491,50.93011]]]]}},{"type":"Feature","properties":{"id":1175,"name":"Fish Creek Park","structure":"PARKS","special":true,"revenue":1152920,"m2_sampled":29051,"m2_local":0,"m2_shared":7968},"geometry":{"type":"MultiPolygon","coordinates":[[[[-114.11443,50.92293],[-114.11139,50.92661],[-114.10483,50.92678],[-114.10131,50.92328],[-114.10435,50.9196],[-114.11091,50.91942],[-114.11443,50.92293]]]]}},{"type":"Feature","properties":{"id":1176,"name":"Evergreen","structure":"2000s","special":false,"revenue":2366656,"m2_sampled":57128,"m2_local":6505,"m2_shared":15621},"geometry":{"type":"MultiPolygon","coordinates":[[[[-114.11395,50.91574],[-114.11091,50.91942],[-114.10435,50.9196],[-114.10083,50.91609],[-114.10387,50.91242],[-114.11043,50.91224],[-114.11395,50.91574]]]]}},{"type":"Feature","properties":{"id":1177,"name":"Evergreen","structure":"2000s","special":false,"revenue":2521010,"m2_sampled":42439,"m2_local":35435,"m2_shared":22009},"geometry":{"type":"MultiPolygon","coordinates":[[[[-114.11347,50.90856],[-114.11043,50.91224],[-114.10387,50.91242],[-114.10035,50.90891],[-114.10339,50.90523],[-114.10995,50.90506],[-114.11347,50.90856]]]]}},{"type":"Feature","properties":{"id":1178,"name":"Bridlewood","structure":"2000s","special":false,"revenue":1965216,"m2_sampled":43920,"m2_local":31066,"m2_shared":0},"geometry":{"type":"MultiPolygon","coordinates":[[[[-114.11299,50.90138],[-114.10995,50.90506],[-114.10339,50.90523],[-114.09988,50.90173],[-114.10292,50.89805],[-114.10947,50.89787],[-114.11299,50.90138]]]]}},{"type":"Feature","properties":{"id":1179,"name":"Bridlewood","structure":"2000s","special":false,"revenue":982067,"m2_sampled":29711,"m2_local":8336,"m2_shared":9623},"geometry":{"type":"MultiPolygon","coordinates":[[[[-114.10526,50.89139],[-114.10554,50.89139],[-114.1097,50.89139],[-114.11251,50.89419],[-114.10947,50.89787],[-114.10292,50.89805],[-114.0994,50.89454],[-114.102,50.89139],[-114.10526,50.89139]]]]}},{"type":"Feature","properties":{"id":1189,"name":"02l","structure":"OTHER","special":true,"revenue":474,"m2_sampled":0,"m2_local":0,"m2_shared":0},"geometry":{"type":"MultiPolygon","coordinates":[[[[-114.11805,51.21231],[-114.11776,51.21231],[-114.11271,51.21232],[-114.11399,51.21079],[-114.12059,51.21061],[-114.12229,51.2123],[-114.11805,51.21231]]]]}},{"type":"Feature","properties":{"id":1190,"name":"02l","structure":"OTHER","special":true,"revenue":2609,"m2_sampled":0,"m2_local":0,"m2_shared":0},"geometry":{"type":"MultiPolygon","coordinates":[[[[-114.12365,51.20693],[-114.12059,51.21061],[-114.11399,51.21079],[-114.11044,51.20728],[-114.1135,51.2036],[-114.1201,51.20343],[-114.12365,51.20693]]]]}},{"type":"Feature","properties":{"id":1191,"name":"02l","structure":"OTHER","special":true,"revenue":3188,"m2_sampled":0,"m2_local":0,"m2_shared":0},"geometry":{"type":"MultiPolygon","coordinates":[[[[-114.12316,51.19975],[-114.1201,51.20343],[-114.1135,51.2036],[-114.10996,51.2001],[-114.11302,51.19642],[-114.11962,51.19624],[-114.12316,51.19975]]]]}},{"type":"Feature","properties":{"id":1192,"name":"Moraine","structure":"BUILDING OUT","special":false,"revenue":8858,"m2_sampled":0,"m2_local":0,"m2_shared":0},"geometry":{"type":"MultiPolygon","coordinates":[[[[-114.12267,51.19256],[-114.11962,51.19624],[-114.11302,51.19642],[-114.10947,51.19292],[-114.11253,51.18924],[-114.11913,51.18906],[-114.12267,51.19256]]]]}},{"type":"Feature","properties":{"id":1193,"name":"Moraine","structure":"BUILDING OUT","special":false,"revenue":1922477,"m2_sampled":55613,"m2_local":0,"m2_shared":8526},"geometry":{"type":"MultiPolygon","coordinates":[[[[-114.12219,51.18538],[-114.11913,51.18906],[-114.11253,51.18924],[-114.10899,51.18573],[-114.11205,51.18205],[-114.11865,51.18188],[-114.12219,51.18538]]]]}},{"type":"Feature","properties":{"id":1194,"name":"Evanston","structure":"2010s","special":false,"revenue":2691652,"m2_sampled":51216,"m2_local":8464,"m2_shared":0},"geometry":{"type":"MultiPolygon","coordinates":[[[[-114.1217,51.1782],[-114.11865,51.18188],[-114.11205,51.18205],[-114.10851,51.17855],[-114.11156,51.17487],[-114.11816,51.17469],[-114.1217,51.1782]]]]}},{"type":"Feature","properties":{"id":1195,"name":"Evanston","structure":"2010s","special":false,"revenue":2204494,"m2_sampled":41058,"m2_local":21963,"m2_shared":21706},"geometry":{"type":"MultiPolygon","coordinates":[[[[-114.12122,51.17101],[-114.11816,51.17469],[-114.11156,51.17487],[-114.10802,51.17137],[-114.11108,51.16769],[-114.11768,51.16751],[-114.12122,51.17101]]]]}},{"type":"Feature","properties":{"id":1196,"name":"Evanston","structure":"2010s","special":false,"revenue":1945423,"m2_sampled":45742,"m2_local":8525,"m2_shared":0},"geometry":{"type":"MultiPolygon","coordinates":[[[[-114.12073,51.16383],[-114.11768,51.16751],[-114.11108,51.16769],[-114.10754,51.16418],[-114.1106,51.1605],[-114.11719,51.16033],[-114.12073,51.16383]]]]}},{"type":"Feature","properties":{"id":1197,"name":"Hidden Valley","structure":"1980s/1990s","special":false,"revenue":152369,"m2_sampled":5079,"m2_local":0,"m2_shared":17612},"geometry":{"type":"MultiPolygon","coordinates":[[[[-114.12025,51.15665],[-114.11719,51.16033],[-114.1106,51.1605],[-114.10706,51.157],[-114.11011,51.15332],[-114.11671,51.15314],[-114.12025,51.15665]]]]}},{"type":"Feature","properties":{"id":1198,"name":"Hidden Valley","structure":"1980s/1990s","special":false,"revenue":1264682,"m2_sampled":34895,"m2_local":19308,"m2_shared":0},"geometry":{"type":"MultiPolygon","coordinates":[[[[-114.11976,51.14947],[-114.11671,51.15314],[-114.11011,51.15332],[-114.10657,51.14982],[-114.10963,51.14614],[-114.11622,51.14596],[-114.11976,51.14947]]]]}},{"type":"Feature","properties":{"id":1199,"name":"Macewan Glen","structure":"1980s/1990s","special":false,"revenue":1455256,"m2_sampled":42344,"m2_local":10233,"m2_shared":42717},"geometry":{"type":"MultiPolygon","coordinates":[[[[-114.11928,51.14228],[-114.11622,51.14596],[-114.10963,51.14614],[-114.10609,51.14263],[-114.10915,51.13895],[-114.11574,51.13878],[-114.11928,51.14228]]]]}},{"type":"Feature","properties":{"id":1200,"name":"Macewan Glen","structure":"1980s/1990s","special":false,"revenue":1920903,"m2_sampled":50917,"m2_local":13875,"m2_shared":10539},"geometry":{"type":"MultiPolygon","coordinates":[[[[-114.11879,51.1351],[-114.11574,51.13878],[-114.10915,51.13895],[-114.10561,51.13545],[-114.10866,51.13177],[-114.11525,51.1316],[-114.11879,51.1351]]]]}},{"type":"Feature","properties":{"id":1201,"name":"Nose Hill Park","structure":"PARKS","special":true,"revenue":68992,"m2_sampled":7102,"m2_local":0,"m2_shared":0},"geometry":{"type":"MultiPolygon","coordinates":[[[[-114.11831,51.12792],[-114.11525,51.1316],[-114.10866,51.13177],[-114.10513,51.12827],[-114.10818,51.12459],[-114.11477,51.12441],[-114.11831,51.12792]]]]}},{"type":"Feature","properties":{"id":1202,"name":"Nose Hill Park","structure":"PARKS","special":true,"revenue":0,"m2_sampled":0,"m2_local":0,"m2_shared":0},"geometry":{"type":"MultiPolygon","coordinates":[[[[-114.11782,51.12073],[-114.11477,51.12441],[-114.10818,51.12459],[-114.10464,51.12108],[-114.1077,51.1174],[-114.11429,51.11723],[-114.11782,51.12073]]]]}},{"type":"Feature","properties":{"id":1203,"name":"Nose Hill Park","structure":"PARKS","special":true,"revenue":0,"m2_sampled":0,"m2_local":0,"m2_shared":0},"geometry":{"type":"MultiPolygon","coordinates":[[[[-114.11734,51.11355],[-114.11429,51.11723],[-114.1077,51.1174],[-114.10416,51.1139],[-114.10722,51.11022],[-114.1138,51.11005],[-114.11734,51.11355]]]]}},{"type":"Feature","properties":{"id":1204,"name":"Nose Hill Park","structure":"PARKS","special":true,"revenue":0,"m2_sampled":0,"m2_local":0,"m2_shared":0},"geometry":{"type":"MultiPolygon","coordinates":[[[[-114.11686,51.10637],[-114.1138,51.11005],[-114.10722,51.11022],[-114.10368,51.10672],[-114.10673,51.10304],[-114.11332,51.10286],[-114.11686,51.10637]]]]}},{"type":"Feature","properties":{"id":1205,"name":"Nose Hill Park","structure":"PARKS","special":true,"revenue":0,"m2_sampled":0,"m2_local":0,"m2_shared":0},"geometry":{"type":"MultiPolygon","coordinates":[[[[-114.11637,51.09918],[-114.11332,51.10286],[-114.10673,51.10304],[-114.1032,51.09953],[-114.10625,51.09585],[-114.11284,51.09568],[-114.11637,51.09918]]]]}},{"type":"Feature","properties":{"id":1206,"name":"Charleswood","structure":"1950s","special":false,"revenue":960393,"m2_sampled":28240,"m2_local":8480,"m2_shared":21681},"geometry":{"type":"MultiPolygon","coordinates":[[[[-114.11589,51.092],[-114.11284,51.09568],[-114.10625,51.09585],[-114.10272,51.09235],[-114.10577,51.08867],[-114.11236,51.0885],[-114.11589,51.092]]]]}},{"type":"Feature","properties":{"id":1207,"name":"Collingwood","structure":"1950s","special":false,"revenue":1494353,"m2_sampled":44222,"m2_local":22739,"m2_shared":0},"geometry":{"type":"MultiPolygon","coordinates":[[[[-114.11541,51.08482],[-114.11236,51.0885],[-114.10577,51.08867],[-114.10224,51.08517],[-114.10529,51.08149],[-114.11187,51.08131],[-114.11541,51.08482]]]]}},{"type":"Feature","properties":{"id":1208,"name":"Banff Trail","structure":"1950s","special":false,"revenue":1440052,"m2_sampled":34621,"m2_local":23548,"m2_shared":0},"geometry":{"type":"MultiPolygon","coordinates":[[[[-114.11492,51.07763],[-114.11187,51.08131],[-114.10529,51.08149],[-114.10176,51.07798],[-114.10481,51.0743],[-114.11139,51.07413],[-114.11492,51.07763]]]]}},{"type":"Feature","properties":{"id":1209,"name":"Banff Trail","structure":"1950s","special":false,"revenue":2493860,"m2_sampled":59393,"m2_local":14524,"m2_shared":3774},"geometry":{"type":"MultiPolygon","coordinates":[[[[-114.11444,51.07045],[-114.11139,51.07413],[-114.10481,51.0743],[-114.10128,51.0708],[-114.10433,51.06712],[-114.11091,51.06695],[-114.11444,51.07045]]]]}},{"type":"Feature","properties":{"id":1210,"name":"Hounsfield Heights/Briar Hill","structure":"1950s","special":false,"revenue":2676263,"m2_sampled":52752,"m2_local":12345,"m2_shared":7540},"geometry":{"type":"MultiPolygon","coordinates":[[[[-114.11396,51.06327],[-114.11091,51.06695],[-114.10433,51.06712],[-114.1008,51.06362],[-114.10385,51.05994],[-114.11043,51.05976],[-114.11396,51.06327]]]]}},{"type":"Feature","properties":{"id":1211,"name":"West Hillhurst","structure":"INNER CITY","special":false,"revenue":3834232,"m2_sampled":57187,"m2_local":19165,"m2_shared":0},"geometry":{"type":"MultiPolygon","coordinates":[[[[-114.11348,51.05608],[-114.11043,51.05976],[-114.10385,51.05994],[-114.10032,51.05643],[-114.10337,51.05275],[-114.10995,51.05258],[-114.11348,51.05608]]]]}},{"type":"Feature","properties":{"id":1212,"name":"West Hillhurst","structure":"INNER CITY","special":false,"revenue":2081230,"m2_sampled":33029,"m2_local":14070,"m2_shared":35338},"geometry":{"type":"MultiPolygon","coordinates":[[[[-114.11299,51.0489],[-114.10995,51.05258],[-114.10337,51.05275],[-114.09984,51.04925],[-114.10288,51.04557],[-114.10946,51.0454],[-114.11299,51.0489]]]]}},{"type":"Feature","properties":{"id":1213,"name":"Scarboro","structure":"INNER CITY","special":false,"revenue":3280769,"m2_sampled":50572,"m2_local":1839,"m2_shared":40626},"geometry":{"type":"MultiPolygon","coordinates":[[[[-114.11251,51.04172],[-114.10946,51.0454],[-114.10288,51.04557],[-114.09936,51.04207],[-114.1024,51.03839],[-114.10898,51.03821],[-114.11251,51.04172]]]]}},{"type":"Feature","properties":{"id":1214,"name":"Bankview","structure":"INNER CITY","special":false,"revenue":3103504,"m2_sampled":75562,"m2_local":2205,"m2_shared":5764},"geometry":{"type":"MultiPolygon","coordinates":[[[[-114.11203,51.03453],[-114.10898,51.03821],[-114.1024,51.03839],[-114.09888,51.03488],[-114.10192,51.0312],[-114.1085,51.03103],[-114.11203,51.03453]]]]}},{"type":"Feature","properties":{"id":1215,"name":"South Calgary","structure":"INNER CITY","special":false,"revenue":4580651,"m2_sampled":67991,"m2_local":11707,"m2_shared":4450},"geometry":{"type":"MultiPolygon","coordinates":[[[[-114.11155,51.02735],[-114.1085,51.03103],[-114.10192,51.0312],[-114.0984,51.0277],[-114.10144,51.02402],[-114.10802,51.02385],[-114.11155,51.02735]]]]}},{"type":"Feature","properties":{"id":1216,"name":"Altadore","structure":"INNER CITY","special":false,"revenue":5299166,"m2_sampled":74438,"m2_local":10126,"m2_shared":753},"geometry":{"type":"MultiPolygon","coordinates":[[[[-114.11107,51.02017],[-114.10802,51.02385],[-114.10144,51.02402],[-114.09792,51.02052],[-114.10096,51.01684],[-114.10754,51.01666],[-114.11107,51.02017]]]]}},{"type":"Feature","properties":{"id":1217,"name":"Altadore","structure":"INNER CITY","special":false,"revenue":4330767,"m2_sampled":67298,"m2_local":11632,"m2_shared":0},"geometry":{"type":"MultiPolygon","coordinates":[[[[-114.11059,51.01298],[-114.10754,51.01666],[-114.10096,51.01684],[-114.09744,51.01333],[-114.10049,51.00965],[-114.10706,51.00948],[-114.11059,51.01298]]]]}},{"type":"Feature","properties":{"id":1218,"name":"Glenmore Park","structure":"PARKS","special":true,"revenue":893184,"m2_sampled":17055,"m2_local":9826,"m2_shared":0},"geometry":{"type":"MultiPolygon","coordinates":[[[[-114.11011,51.0058],[-114.10706,51.00948],[-114.10049,51.00965],[-114.09696,51.00615],[-114.10001,51.00247],[-114.10658,51.0023],[-114.11011,51.0058]]]]}},{"type":"Feature","properties":{"id":1219,"name":"Glenmore Park","structure":"PARKS","special":true,"revenue":13109,"m2_sampled":1459,"m2_local":0,"m2_shared":21274},"geometry":{"type":"MultiPolygon","coordinates":[[[[-114.10963,50.99862],[-114.10658,51.0023],[-114.10001,51.00247],[-114.09648,50.99897],[-114.09953,50.99529],[-114.1061,50.99511],[-114.10963,50.99862]]]]}},{"type":"Feature","properties":{"id":1220,"name":"Glenmore Park","structure":"PARKS","special":true,"revenue":109088,"m2_sampled":0,"m2_local":0,"m2_shared":230},"geometry":{"type":"MultiPolygon","coordinates":[[[[-114.10914,50.99143],[-114.1061,50.99511],[-114.09953,50.99529],[-114.096,50.99178],[-114.09905,50.9881],[-114.10562,50.98793],[-114.10914,50.99143]]]]}},{"type":"Feature","properties":{"id":1221,"name":"Eagle Ridge","structure":"1960s/1970s","special":false,"revenue":893302,"m2_sampled":18472,"m2_local":0,"m2_shared":0},"geometry":{"type":"MultiPolygon","coordinates":[[[[-114.10866,50.98425],[-114.10562,50.98793],[-114.09905,50.9881],[-114.09552,50.9846],[-114.09857,50.98092],[-114.10514,50.98075],[-114.10866,50.98425]]]]}},{"type":"Feature","properties":{"id":1222,"name":"Glenmore Park","structure":"PARKS","special":true,"revenue":253504,"m2_sampled":0,"m2_local":2117,"m2_shared":234},"geometry":{"type":"MultiPolygon","coordinates":[[[[-114.10818,50.97707],[-114.10514,50.98075],[-114.09857,50.98092],[-114.09505,50.97742],[-114.09809,50.97374],[-114.10466,50.97356],[-114.10818,50.97707]]]]}},{"type":"Feature","properties":{"id":1223,"name":"Pump Hill","structure":"1960s/1970s","special":false,"revenue":1954336,"m2_sampled":40127,"m2_local":186,"m2_shared":18074},"geometry":{"type":"MultiPolygon","coordinates":[[[[-114.1077,50.96988],[-114.10466,50.97356],[-114.09809,50.97374],[-114.09457,50.97023],[-114.09761,50.96655],[-114.10418,50.96638],[-114.1077,50.96988]]]]}},{"type":"Feature","properties":{"id":1224,"name":"Pump Hill","structure":"1960s/1970s","special":false,"revenue":1509817,"m2_sampled":35730,"m2_local":9687,"m2_shared":27507},"geometry":{"type":"MultiPolygon","coordinates":[[[[-114.10722,50.9627],[-114.10418,50.96638],[-114.09761,50.96655],[-114.09409,50.96305],[-114.09713,50.95937],[-114.1037,50.9592],[-114.10722,50.9627]]]]}},{"type":"Feature","properties":{"id":1225,"name":"Braeside","structure":"1960s/1970s","special":false,"revenue":1279502,"m2_sampled":51931,"m2_local":7696,"m2_shared":6122},"geometry":{"type":"MultiPolygon","coordinates":[[[[-114.10675,50.95552],[-114.1037,50.9592],[-114.09713,50.95937],[-114.09361,50.95587],[-114.09666,50.95219],[-114.10322,50.95201],[-114.10675,50.95552]]]]}},{"type":"Feature","properties":{"id":1226,"name":"Woodlands","structure":"1980s/1990s","special":false,"revenue":218735,"m2_sampled":6046,"m2_local":0,"m2_shared":28897},"geometry":{"type":"MultiPolygon","coordinates":[[[[-114.10627,50.94833],[-114.10322,50.95201],[-114.09666,50.95219],[-114.09313,50.94868],[-114.09618,50.945],[-114.10274,50.94483],[-114.10627,50.94833]]]]}},{"type":"Feature","properties":{"id":1227,"name":"Woodlands","structure":"1980s/1990s","special":false,"revenue":737463,"m2_sampled":17321,"m2_local":2653,"m2_shared":6648},"geometry":{"type":"MultiPolygon","coordinates":[[[[-114.10579,50.94115],[-114.10274,50.94483],[-114.09618,50.945],[-114.09266,50.9415],[-114.0957,50.93782],[-114.10227,50.93764],[-114.10579,50.94115]]]]}},{"type":"Feature","properties":{"id":1228,"name":"Fish Creek Park","structure":"PARKS","special":true,"revenue":345079,"m2_sampled":8495,"m2_local":0,"m2_shared":0},"geometry":{"type":"MultiPolygon","coordinates":[[[[-114.10531,50.93397],[-114.10227,50.93764],[-114.0957,50.93782],[-114.09218,50.93431],[-114.09522,50.93064],[-114.10179,50.93046],[-114.10531,50.93397]]]]}},{"type":"Feature","properties":{"id":1229,"name":"Evergreen","structure":"2000s","special":false,"revenue":1869150,"m2_sampled":48642,"m2_local":0,"m2_shared":0},"geometry":{"type":"MultiPolygon","coordinates":[[[[-114.10483,50.92678],[-114.10179,50.93046],[-114.09522,50.93064],[-114.0917,50.92713],[-114.09475,50.92345],[-114.10131,50.92328],[-114.10483,50.92678]]]]}},{"type":"Feature","properties":{"id":1230,"name":"Millrise","structure":"1980s/1990s","special":false,"revenue":2117201,"m2_sampled":63471,"m2_local":0,"m2_shared":26617},"geometry":{"type":"MultiPolygon","coordinates":[[[[-114.10435,50.9196],[-114.10131,50.92328],[-114.09475,50.92345],[-114.09123,50.91995],[-114.09427,50.91627],[-114.10083,50.91609],[-114.10435,50.9196]]]]}},{"type":"Feature","properties":{"id":1231,"name":"Shawnessy","structure":"1980s/1990s","special":false,"revenue":1983225,"m2_sampled":69092,"m2_local":3597,"m2_shared":35220},"geometry":{"type":"MultiPolygon","coordinates":[[[[-114.10387,50.91242],[-114.10083,50.91609],[-114.09427,50.91627],[-114.09075,50.91276],[-114.09379,50.90908],[-114.10035,50.90891],[-114.10387,50.91242]]]]}},{"type":"Feature","properties":{"id":1232,"name":"Shawnessy","structure":"1980s/1990s","special":false,"revenue":1868940,"m2_sampled":50603,"m2_local":2808,"m2_shared":43123},"geometry":{"type":"MultiPolygon","coordinates":[[[[-114.10339,50.90523],[-114.10035,50.90891],[-114.09379,50.90908],[-114.09028,50.90558],[-114.09332,50.9019],[-114.09988,50.90173],[-114.10339,50.90523]]]]}},{"type":"Feature","properties":{"id":1233,"name":"Bridlewood","structure":"2000s","special":false,"revenue":1760368,"m2_sampled":42092,"m2_local":916,"m2_shared":19036},"geometry":{"type":"MultiPolygon","coordinates":[[[[-114.10292,50.89805],[-114.09988,50.90173],[-114.09332,50.9019],[-114.0898,50.8984],[-114.09284,50.89472],[-114.0994,50.89454],[-114.10292,50.89805]]]]}},{"type":"Feature","properties":{"id":1234,"name":"13i","structure":"UNDEVELOPED","special":true,"revenue":72546,"m2_sampled":111,"m2_local":8420,"m2_shared":17849},"geometry":{"type":"MultiPolygon","coordinates":[[[[-114.09411,50.8885],[-114.09415,50.8885],[-114.09421,50.8885],[-114.09421,50.88898],[-114.09429,50.88972],[-114.09446,50.89119],[-114.09451,50.89119],[-114.09509,50.89119],[-114.09529,50.8914],[-114.09982,50.89139],[-114.102,50.89139],[-114.0994,50.89454],[-114.09284,50.89472],[-114.08932,50.89121],[-114.09236,50.88753],[-114.09411,50.88749],[-114.09411,50.8885]]]]}},{"type":"Feature","properties":{"id":1235,"name":"Silverado","structure":"BUILDING OUT","special":false,"revenue":111768,"m2_sampled":1010,"m2_local":0,"m2_shared":8808},"geometry":{"type":"MultiPolygon","coordinates":[[[[-114.09412,50.88224],[-114.09411,50.88488],[-114.09411,50.88749],[-114.09236,50.88753],[-114.08885,50.88403],[-114.09189,50.88035],[-114.09412,50.88029],[-114.09412,50.88224]]]]}},{"type":"Feature","properties":{"id":1236,"name":"13j","structure":"OTHER","special":true,"revenue":14959,"m2_sampled":0,"m2_local":4365,"m2_shared":6809},"geometry":{"type":"MultiPolygon","coordinates":[[[[-114.09383,50.87412],[-114.09412,50.87412],[-114.09412,50.87765],[-114.09412,50.88029],[-114.09189,50.88035],[-114.08837,50.87685],[-114.09141,50.87317],[-114.09383,50.8731],[-114.09383,50.87412]]]]}},{"type":"Feature","properties":{"id":1237,"name":"Yorkville","structure":"BUILDING OUT","special":false,"revenue":6431,"m2_sampled":0,"m2_local":0,"m2_shared":0},"geometry":{"type":"MultiPolygon","coordinates":[[[[-114.09412,50.87008],[-114.09383,50.87008],[-114.09383,50.87042],[-114.09383,50.8731],[-114.09141,50.87317],[-114.0879,50.86966],[-114.09094,50.86598],[-114.09413,50.8659],[-114.09412,50.87008]]]]}},{"type":"Feature","properties":{"id":1238,"name":"Yorkville","structure":"BUILDING OUT","special":false,"revenue":319,"m2_sampled":0,"m2_local":0,"m2_shared":0},"geometry":{"type":"MultiPolygon","coordinates":[[[[-114.09385,50.86302],[-114.09414,50.86302],[-114.09414,50.8632],[-114.09413,50.8659],[-114.09094,50.86598],[-114.08796,50.86302],[-114.09385,50.86302]]]]}},{"type":"Feature","properties":{"id":1243,"name":"02l","structure":"OTHER","special":true,"revenue":1877,"m2_sampled":0,"m2_local":0,"m2_shared":0},"geometry":{"type":"MultiPolygon","coordinates":[[[[-114.10625,51.21233],[-114.10199,51.21233],[-114.10078,51.21114],[-114.10384,51.20746],[-114.11044,51.20728],[-114.11399,51.21079],[-114.11271,51.21232],[-114.10625,51.21233]]]]}},{"type":"Feature","properties":{"id":1244,"name":"02l","structure":"OTHER","special":true,"revenue":2409,"m2_sampled":0,"m2_local":0,"m2_shared":0},"geometry":{"type":"MultiPolygon","coordinates":[[[[-114.1135,51.2036],[-114.11044,51.20728],[-114.10384,51.20746],[-114.1003,51.20395],[-114.10336,51.20027],[-114.10996,51.2001],[-114.1135,51.2036]]]]}},{"type":"Feature","properties":{"id":1245,"name":"Moraine","structure":"BUILDING OUT","special":false,"revenue":2975,"m2_sampled":0,"m2_local":0,"m2_shared":0},"geometry":{"type":"MultiPolygon","coordinates":[[[[-114.11302,51.19642],[-114.10996,51.2001],[-114.10336,51.20027],[-114.09982,51.19677],[-114.10287,51.19309],[-114.10947,51.19292],[-114.11302,51.19642]]]]}},{"type":"Feature","properties":{"id":1246,"name":"Moraine","structure":"BUILDING OUT","special":false,"revenue":213126,"m2_sampled":5046,"m2_local":0,"m2_shared":0},"geometry":{"type":"MultiPolygon","coordinates":[[[[-114.11253,51.18924],[-114.10947,51.19292],[-114.10287,51.19309],[-114.09933,51.18959],[-114.10239,51.18591],[-114.10899,51.18573],[-114.11253,51.18924]]]]}},{"type":"Feature","properties":{"id":1247,"name":"Evanston","structure":"2010s","special":false,"revenue":2701836,"m2_sampled":53203,"m2_local":13281,"m2_shared":20836},"geometry":{"type":"MultiPolygon","coordinates":[[[[-114.11205,51.18205],[-114.10899,51.18573],[-114.10239,51.18591],[-114.09885,51.1824],[-114.10191,51.17872],[-114.10851,51.17855],[-114.11205,51.18205]]]]}},{"type":"Feature","properties":{"id":1248,"name":"Evanston","structure":"2010s","special":false,"revenue":2616859,"m2_sampled":30839,"m2_local":13773,"m2_shared":24369},"geometry":{"type":"MultiPolygon","coordinates":[[[[-114.11156,51.17487],[-114.10851,51.17855],[-114.10191,51.17872],[-114.09837,51.17522],[-114.10143,51.17154],[-114.10802,51.17137],[-114.11156,51.17487]]]]}},{"type":"Feature","properties":{"id":1249,"name":"Panorama Hills","structure":"2010s","special":false,"revenue":1090039,"m2_sampled":26886,"m2_local":1134,"m2_shared":0},"geometry":{"type":"MultiPolygon","coordinates":[[[[-114.11108,51.16769],[-114.10802,51.17137],[-114.10143,51.17154],[-114.09789,51.16804],[-114.10094,51.16436],[-114.10754,51.16418],[-114.11108,51.16769]]]]}},{"type":"Feature","properties":{"id":1250,"name":"Hidden Valley","structure":"1980s/1990s","special":false,"revenue":1824131,"m2_sampled":40811,"m2_local":13489,"m2_shared":0},"geometry":{"type":"MultiPolygon","coordinates":[[[[-114.1106,51.1605],[-114.10754,51.16418],[-114.10094,51.16436],[-114.09741,51.16085],[-114.10046,51.15718],[-114.10706,51.157],[-114.1106,51.1605]]]]}},{"type":"Feature","properties":{"id":1251,"name":"Hidden Valley","structure":"1980s/1990s","special":false,"revenue":1233832,"m2_sampled":21596,"m2_local":24352,"m2_shared":18844},"geometry":{"type":"MultiPolygon","coordinates":[[[[-114.11011,51.15332],[-114.10706,51.157],[-114.10046,51.15718],[-114.09692,51.15367],[-114.09998,51.14999],[-114.10657,51.14982],[-114.11011,51.15332]]]]}},{"type":"Feature","properties":{"id":1252,"name":"Hidden Valley","structure":"1980s/1990s","special":false,"revenue":1803315,"m2_sampled":40369,"m2_local":27820,"m2_shared":11107},"geometry":{"type":"MultiPolygon","coordinates":[[[[-114.10963,51.14614],[-114.10657,51.14982],[-114.09998,51.14999],[-114.09644,51.14649],[-114.0995,51.14281],[-114.10609,51.14263],[-114.10963,51.14614]]]]}},{"type":"Feature","properties":{"id":1253,"name":"Sandstone Valley","structure":"1980s/1990s","special":false,"revenue":1479659,"m2_sampled":40447,"m2_local":14825,"m2_shared":13009},"geometry":{"type":"MultiPolygon","coordinates":[[[[-114.10915,51.13895],[-114.10609,51.14263],[-114.0995,51.14281],[-114.09596,51.1393],[-114.09902,51.13563],[-114.10561,51.13545],[-114.10915,51.13895]]]]}},{"type":"Feature","properties":{"id":1254,"name":"Beddington Heights","structure":"1960s/1970s","special":false,"revenue":1602727,"m2_sampled":46769,"m2_local":13675,"m2_shared":34323},"geometry":{"type":"MultiPolygon","coordinates":[[[[-114.10866,51.13177],[-114.10561,51.13545],[-114.09902,51.13563],[-114.09548,51.13212],[-114.09854,51.12844],[-114.10513,51.12827],[-114.10866,51.13177]]]]}},{"type":"Feature","properties":{"id":1255,"name":"Nose Hill Park","structure":"PARKS","special":true,"revenue":275425,"m2_sampled":8980,"m2_local":3848,"m2_shared":17223},"geometry":{"type":"MultiPolygon","coordinates":[[[[-114.10818,51.12459],[-114.10513,51.12827],[-114.09854,51.12844],[-114.095,51.12494],[-114.09805,51.12126],[-114.10464,51.12108],[-114.10818,51.12459]]]]}},{"type":"Feature","properties":{"id":1256,"name":"Nose Hill Park","structure":"PARKS","special":true,"revenue":0,"m2_sampled":0,"m2_local":0,"m2_shared":0},"geometry":{"type":"MultiPolygon","coordinates":[[[[-114.1077,51.1174],[-114.10464,51.12108],[-114.09805,51.12126],[-114.09452,51.11775],[-114.09757,51.11408],[-114.10416,51.1139],[-114.1077,51.1174]]]]}},{"type":"Feature","properties":{"id":1257,"name":"Nose Hill Park","structure":"PARKS","special":true,"revenue":0,"m2_sampled":0,"m2_local":0,"m2_shared":0},"geometry":{"type":"MultiPolygon","coordinates":[[[[-114.10722,51.11022],[-114.10416,51.1139],[-114.09757,51.11408],[-114.09404,51.11057],[-114.09709,51.10689],[-114.10368,51.10672],[-114.10722,51.11022]]]]}},{"type":"Feature","properties":{"id":1258,"name":"Nose Hill Park","structure":"PARKS","special":true,"revenue":0,"m2_sampled":0,"m2_local":0,"m2_shared":0},"geometry":{"type":"MultiPolygon","coordinates":[[[[-114.10673,51.10304],[-114.10368,51.10672],[-114.09709,51.10689],[-114.09356,51.10339],[-114.09661,51.09971],[-114.1032,51.09953],[-114.10673,51.10304]]]]}},{"type":"Feature","properties":{"id":1259,"name":"Nose Hill Park","structure":"PARKS","special":true,"revenue":61280,"m2_sampled":411,"m2_local":0,"m2_shared":6208},"geometry":{"type":"MultiPolygon","coordinates":[[[[-114.10625,51.09585],[-114.1032,51.09953],[-114.09661,51.09971],[-114.09308,51.0962],[-114.09613,51.09253],[-114.10272,51.09235],[-114.10625,51.09585]]]]}},{"type":"Feature","properties":{"id":1260,"name":"Collingwood","structure":"1950s","special":false,"revenue":1291220,"m2_sampled":39124,"m2_local":2397,"m2_shared":45098},"geometry":{"type":"MultiPolygon","coordinates":[[[[-114.10577,51.08867],[-114.10272,51.09235],[-114.09613,51.09253],[-114.0926,51.08902],[-114.09565,51.08534],[-114.10224,51.08517],[-114.10577,51.08867]]]]}},{"type":"Feature","properties":{"id":1261,"name":"Collingwood","structure":"1950s","special":false,"revenue":1295481,"m2_sampled":28179,"m2_local":11919,"m2_shared":10864},"geometry":{"type":"MultiPolygon","coordinates":[[[[-114.10529,51.08149],[-114.10224,51.08517],[-114.09565,51.08534],[-114.09212,51.08184],[-114.09517,51.07816],[-114.10176,51.07798],[-114.10529,51.08149]]]]}},{"type":"Feature","properties":{"id":1262,"name":"Capitol Hill","structure":"1950s","special":false,"revenue":1750448,"m2_sampled":40451,"m2_local":7743,"m2_shared":8260},"geometry":{"type":"MultiPolygon","coordinates":[[[[-114.10481,51.0743],[-114.10176,51.07798],[-114.09517,51.07816],[-114.09164,51.07465],[-114.09469,51.07098],[-114.10128,51.0708],[-114.10481,51.0743]]]]}},{"type":"Feature","properties":{"id":1263,"name":"Capitol Hill","structure":"1950s","special":false,"revenue":4261300,"m2_sampled":32655,"m2_local":5586,"m2_shared":59151},"geometry":{"type":"MultiPolygon","coordinates":[[[[-114.10433,51.06712],[-114.10128,51.0708],[-114.09469,51.07098],[-114.09116,51.06747],[-114.09421,51.06379],[-114.1008,51.06362],[-114.10433,51.06712]]]]}},{"type":"Feature","properties":{"id":1264,"name":"Hounsfield Heights/Briar Hill","structure":"1950s","special":false,"revenue":2990659,"m2_sampled":41106,"m2_local":6439,"m2_shared":15446},"geometry":{"type":"MultiPolygon","coordinates":[[[[-114.10385,51.05994],[-114.1008,51.06362],[-114.09421,51.06379],[-114.09068,51.06029],[-114.09373,51.05661],[-114.10032,51.05643],[-114.10385,51.05994]]]]}},{"type":"Feature","properties":{"id":1265,"name":"Hillhurst","structure":"INNER CITY","special":false,"revenue":5386343,"m2_sampled":57429,"m2_local":9585,"m2_shared":16629},"geometry":{"type":"MultiPolygon","coordinates":[[[[-114.10337,51.05275],[-114.10032,51.05643],[-114.09373,51.05661],[-114.0902,51.0531],[-114.09326,51.04942],[-114.09984,51.04925],[-114.10337,51.05275]]]]}},{"type":"Feature","properties":{"id":1266,"name":"Sunalta","structure":"INNER CITY","special":false,"revenue":5019591,"m2_sampled":9596,"m2_local":15854,"m2_shared":83593},"geometry":{"type":"MultiPolygon","coordinates":[[[[-114.10288,51.04557],[-114.09984,51.04925],[-114.09326,51.04942],[-114.08973,51.04592],[-114.09278,51.04224],[-114.09936,51.04207],[-114.10288,51.04557]]]]}},{"type":"Feature","properties":{"id":1267,"name":"Sunalta","structure":"INNER CITY","special":false,"revenue":7774124,"m2_sampled":66635,"m2_local":0,"m2_shared":18391},"geometry":{"type":"MultiPolygon","coordinates":[[[[-114.1024,51.03839],[-114.09936,51.04207],[-114.09278,51.04224],[-114.08925,51.03874],[-114.0923,51.03506],[-114.09888,51.03488],[-114.1024,51.03839]]]]}},{"type":"Feature","properties":{"id":1268,"name":"Bankview","structure":"INNER CITY","special":false,"revenue":4276163,"m2_sampled":70498,"m2_local":4978,"m2_shared":8807},"geometry":{"type":"MultiPolygon","coordinates":[[[[-114.10192,51.0312],[-114.09888,51.03488],[-114.0923,51.03506],[-114.08877,51.03155],[-114.09182,51.02787],[-114.0984,51.0277],[-114.10192,51.0312]]]]}},{"type":"Feature","properties":{"id":1269,"name":"South Calgary","structure":"INNER CITY","special":false,"revenue":3497664,"m2_sampled":65615,"m2_local":9499,"m2_shared":10277},"geometry":{"type":"MultiPolygon","coordinates":[[[[-114.10144,51.02402],[-114.0984,51.0277],[-114.09182,51.02787],[-114.08829,51.02437],[-114.09134,51.02069],[-114.09792,51.02052],[-114.10144,51.02402]]]]}},{"type":"Feature","properties":{"id":1270,"name":"Altadore","structure":"INNER CITY","special":false,"revenue":1926327,"m2_sampled":31938,"m2_local":11455,"m2_shared":0},"geometry":{"type":"MultiPolygon","coordinates":[[[[-114.10096,51.01684],[-114.09792,51.02052],[-114.09134,51.02069],[-114.08781,51.01719],[-114.09086,51.01351],[-114.09744,51.01333],[-114.10096,51.01684]]]]}},{"type":"Feature","properties":{"id":1271,"name":"Altadore","structure":"INNER CITY","special":false,"revenue":637718,"m2_sampled":19802,"m2_local":3728,"m2_shared":0},"geometry":{"type":"MultiPolygon","coordinates":[[[[-114.10049,51.00965],[-114.09744,51.01333],[-114.09086,51.01351],[-114.08734,51.01],[-114.09039,51.00632],[-114.09696,51.00615],[-114.10049,51.00965]]]]}},{"type":"Feature","properties":{"id":1272,"name":"Windsor Park","structure":"1950s","special":false,"revenue":513334,"m2_sampled":7655,"m2_local":0,"m2_shared":0},"geometry":{"type":"MultiPolygon","coordinates":[[[[-114.10001,51.00247],[-114.09696,51.00615],[-114.09039,51.00632],[-114.08686,51.00282],[-114.08991,50.99914],[-114.09648,50.99897],[-114.10001,51.00247]]]]}},{"type":"Feature","properties":{"id":1273,"name":"Mayfair","structure":"1950s","special":false,"revenue":1465512,"m2_sampled":32620,"m2_local":0,"m2_shared":54587},"geometry":{"type":"MultiPolygon","coordinates":[[[[-114.09953,50.99529],[-114.09648,50.99897],[-114.08991,50.99914],[-114.08638,50.99564],[-114.08943,50.99196],[-114.096,50.99178],[-114.09953,50.99529]]]]}},{"type":"Feature","properties":{"id":1274,"name":"Kelvin Grove","structure":"1960s/1970s","special":false,"revenue":1604704,"m2_sampled":51700,"m2_local":0,"m2_shared":24271},"geometry":{"type":"MultiPolygon","coordinates":[[[[-114.09905,50.9881],[-114.096,50.99178],[-114.08943,50.99196],[-114.08591,50.98845],[-114.08895,50.98477],[-114.09552,50.9846],[-114.09905,50.9881]]]]}},{"type":"Feature","properties":{"id":1275,"name":"Chinook Park","structure":"1950s","special":false,"revenue":1401931,"m2_sampled":52041,"m2_local":3869,"m2_shared":32537},"geometry":{"type":"MultiPolygon","coordinates":[[[[-114.09857,50.98092],[-114.09552,50.9846],[-114.08895,50.98477],[-114.08543,50.98127],[-114.08848,50.97759],[-114.09505,50.97742],[-114.09857,50.98092]]]]}},{"type":"Feature","properties":{"id":1276,"name":"Haysboro","structure":"1950s","special":false,"revenue":1740149,"m2_sampled":53663,"m2_local":0,"m2_shared":21032},"geometry":{"type":"MultiPolygon","coordinates":[[[[-114.09809,50.97374],[-114.09505,50.97742],[-114.08848,50.97759],[-114.08495,50.97408],[-114.088,50.97041],[-114.09457,50.97023],[-114.09809,50.97374]]]]}},{"type":"Feature","properties":{"id":1277,"name":"Haysboro","structure":"1950s","special":false,"revenue":1436929,"m2_sampled":61575,"m2_local":887,"m2_shared":13312},"geometry":{"type":"MultiPolygon","coordinates":[[[[-114.09761,50.96655],[-114.09457,50.97023],[-114.088,50.97041],[-114.08448,50.9669],[-114.08752,50.96322],[-114.09409,50.96305],[-114.09761,50.96655]]]]}},{"type":"Feature","properties":{"id":1278,"name":"Southwood","structure":"1960s/1970s","special":false,"revenue":1391014,"m2_sampled":55953,"m2_local":2185,"m2_shared":29764},"geometry":{"type":"MultiPolygon","coordinates":[[[[-114.09713,50.95937],[-114.09409,50.96305],[-114.08752,50.96322],[-114.084,50.95972],[-114.08705,50.95604],[-114.09361,50.95587],[-114.09713,50.95937]]]]}},{"type":"Feature","properties":{"id":1279,"name":"Southwood","structure":"1960s/1970s","special":false,"revenue":1064608,"m2_sampled":31594,"m2_local":5802,"m2_shared":37052},"geometry":{"type":"MultiPolygon","coordinates":[[[[-114.09666,50.95219],[-114.09361,50.95587],[-114.08705,50.95604],[-114.08352,50.95253],[-114.08657,50.94886],[-114.09313,50.94868],[-114.09666,50.95219]]]]}},{"type":"Feature","properties":{"id":1280,"name":"Canyon Meadows","structure":"1960s/1970s","special":false,"revenue":1433738,"m2_sampled":45490,"m2_local":11920,"m2_shared":3814},"geometry":{"type":"MultiPolygon","coordinates":[[[[-114.09618,50.945],[-114.09313,50.94868],[-114.08657,50.94886],[-114.08305,50.94535],[-114.08609,50.94167],[-114.09266,50.9415],[-114.09618,50.945]]]]}},{"type":"Feature","properties":{"id":1281,"name":"Canyon Meadows","structure":"1960s/1970s","special":false,"revenue":1444478,"m2_sampled":28089,"m2_local":6532,"m2_shared":18795},"geometry":{"type":"MultiPolygon","coordinates":[[[[-114.0957,50.93782],[-114.09266,50.9415],[-114.08609,50.94167],[-114.08257,50.93817],[-114.08562,50.93449],[-114.09218,50.93431],[-114.0957,50.93782]]]]}},{"type":"Feature","properties":{"id":1282,"name":"Fish Creek Park","structure":"PARKS","special":true,"revenue":328631,"m2_sampled":7266,"m2_local":0,"m2_shared":0},"geometry":{"type":"MultiPolygon","coordinates":[[[[-114.09522,50.93064],[-114.09218,50.93431],[-114.08562,50.93449],[-114.0821,50.93098],[-114.08514,50.9273],[-114.0917,50.92713],[-114.09522,50.93064]]]]}},{"type":"Feature","properties":{"id":1283,"name":"Shawnee Slopes","structure":"1980s/1990s","special":false,"revenue":1555059,"m2_sampled":56543,"m2_local":0,"m2_shared":15189},"geometry":{"type":"MultiPolygon","coordinates":[[[[-114.09475,50.92345],[-114.0917,50.92713],[-114.08514,50.9273],[-114.08162,50.9238],[-114.08467,50.92012],[-114.09123,50.91995],[-114.09475,50.92345]]]]}},{"type":"Feature","properties":{"id":1284,"name":"Millrise","structure":"1980s/1990s","special":false,"revenue":1625618,"m2_sampled":56983,"m2_local":2336,"m2_shared":15194},"geometry":{"type":"MultiPolygon","coordinates":[[[[-114.09427,50.91627],[-114.09123,50.91995],[-114.08467,50.92012],[-114.08115,50.91662],[-114.08419,50.91294],[-114.09075,50.91276],[-114.09427,50.91627]]]]}},{"type":"Feature","properties":{"id":1285,"name":"Shawnessy","structure":"1980s/1990s","special":false,"revenue":1539558,"m2_sampled":47400,"m2_local":9826,"m2_shared":0},"geometry":{"type":"MultiPolygon","coordinates":[[[[-114.09379,50.90908],[-114.09075,50.91276],[-114.08419,50.91294],[-114.08067,50.90943],[-114.08372,50.90575],[-114.09028,50.90558],[-114.09379,50.90908]]]]}},{"type":"Feature","properties":{"id":1286,"name":"Somerset","structure":"1980s/1990s","special":false,"revenue":1940920,"m2_sampled":52774,"m2_local":20822,"m2_shared":18545},"geometry":{"type":"MultiPolygon","coordinates":[[[[-114.09332,50.9019],[-114.09028,50.90558],[-114.08372,50.90575],[-114.0802,50.90225],[-114.08324,50.89857],[-114.0898,50.8984],[-114.09332,50.9019]]]]}},{"type":"Feature","properties":{"id":1287,"name":"Somerset","structure":"1980s/1990s","special":false,"revenue":996611,"m2_sampled":22895,"m2_local":7451,"m2_shared":0},"geometry":{"type":"MultiPolygon","coordinates":[[[[-114.09284,50.89472],[-114.0898,50.8984],[-114.08324,50.89857],[-114.07972,50.89506],[-114.08277,50.89139],[-114.08932,50.89121],[-114.09284,50.89472]]]]}},{"type":"Feature","properties":{"id":1288,"name":"Silverado","structure":"BUILDING OUT","special":false,"revenue":2035485,"m2_sampled":47417,"m2_local":14688,"m2_shared":0},"geometry":{"type":"MultiPolygon","coordinates":[[[[-114.09236,50.88753],[-114.08932,50.89121],[-114.08277,50.89139],[-114.07925,50.88788],[-114.08229,50.8842],[-114.08885,50.88403],[-114.09236,50.88753]]]]}},{"type":"Feature","properties":{"id":1289,"name":"Silverado","structure":"BUILDING OUT","special":false,"revenue":2063986,"m2_sampled":43875,"m2_local":16266,"m2_shared":6515},"geometry":{"type":"MultiPolygon","coordinates":[[[[-114.09189,50.88035],[-114.08885,50.88403],[-114.08229,50.8842],[-114.07878,50.8807],[-114.08182,50.87702],[-114.08837,50.87685],[-114.09189,50.88035]]]]}},{"type":"Feature","properties":{"id":1290,"name":"13j","structure":"OTHER","special":true,"revenue":359460,"m2_sampled":16290,"m2_local":0,"m2_shared":0},"geometry":{"type":"MultiPolygon","coordinates":[[[[-114.09141,50.87317],[-114.08837,50.87685],[-114.08182,50.87702],[-114.0783,50.87351],[-114.08134,50.86983],[-114.0879,50.86966],[-114.09141,50.87317]]]]}},{"type":"Feature","properties":{"id":1291,"name":"Yorkville","structure":"BUILDING OUT","special":false,"revenue":1151,"m2_sampled":0,"m2_local":0,"m2_shared":0},"geometry":{"type":"MultiPolygon","coordinates":[[[[-114.08228,50.86275],[-114.08246,50.86284],[-114.08283,50.86302],[-114.08407,50.86302],[-114.08437,50.86302],[-114.08796,50.86302],[-114.09094,50.86598],[-114.0879,50.86966],[-114.08134,50.86983],[-114.07783,50.86633],[-114.08087,50.86265],[-114.08226,50.86261],[-114.08228,50.86275]]]]}},{"type":"Feature","properties":{"id":1292,"name":"Pine Creek","structure":"BUILDING OUT","special":false,"revenue":100057,"m2_sampled":9112,"m2_local":3258,"m2_shared":0},"geometry":{"type":"MultiPolygon","coordinates":[[[[-114.07999,50.85596],[-114.07985,50.85665],[-114.08017,50.85706],[-114.08011,50.85724],[-114.08038,50.85767],[-114.07994,50.85806],[-114.07996,50.85847],[-114.08044,50.85922],[-114.08175,50.85916],[-114.082,50.86021],[-114.08163,50.86066],[-114.0816,50.86081],[-114.08165,50.86116],[-114.08197,50.86198],[-114.08223,50.86238],[-114.08226,50.86261],[-114.08087,50.86265],[-114.07736,50.85915],[-114.07999,50.85596],[-114.07999,50.85596]]]]}},{"type":"Feature","properties":{"id":1297,"name":"02l","structure":"OTHER","special":true,"revenue":482,"m2_sampled":0,"m2_local":0,"m2_shared":0},"geometry":{"type":"MultiPolygon","coordinates":[[[[-114.10049,51.21233],[-114.09473,51.21234],[-114.09444,51.21234],[-114.09332,51.21235],[-114.09418,51.21131],[-114.10078,51.21114],[-114.10199,51.21233],[-114.10049,51.21233]]]]}},{"type":"Feature","properties":{"id":1298,"name":"02l","structure":"OTHER","special":true,"revenue":5220,"m2_sampled":0,"m2_local":0,"m2_shared":0},"geometry":{"type":"MultiPolygon","coordinates":[[[[-114.10384,51.20746],[-114.10078,51.21114],[-114.09418,51.21131],[-114.09064,51.20781],[-114.0937,51.20413],[-114.1003,51.20395],[-114.10384,51.20746]]]]}},{"type":"Feature","properties":{"id":1299,"name":"02l","structure":"OTHER","special":true,"revenue":7993,"m2_sampled":0,"m2_local":0,"m2_shared":0},"geometry":{"type":"MultiPolygon","coordinates":[[[[-114.10336,51.20027],[-114.1003,51.20395],[-114.0937,51.20413],[-114.09015,51.20062],[-114.09321,51.19695],[-114.09982,51.19677],[-114.10336,51.20027]]]]}},{"type":"Feature","properties":{"id":1300,"name":"Moraine","structure":"BUILDING OUT","special":false,"revenue":3918,"m2_sampled":0,"m2_local":0,"m2_shared":0},"geometry":{"type":"MultiPolygon","coordinates":[[[[-114.10287,51.19309],[-114.09982,51.19677],[-114.09321,51.19695],[-114.08967,51.19344],[-114.09273,51.18976],[-114.09933,51.18959],[-114.10287,51.19309]]]]}},{"type":"Feature","properties":{"id":1301,"name":"Moraine","structure":"BUILDING OUT","special":false,"revenue":1805453,"m2_sampled":23839,"m2_local":0,"m2_shared":20414},"geometry":{"type":"MultiPolygon","coordinates":[[[[-114.10239,51.18591],[-114.09933,51.18959],[-114.09273,51.18976],[-114.08919,51.18626],[-114.09225,51.18258],[-114.09885,51.1824],[-114.10239,51.18591]]]]}},{"type":"Feature","properties":{"id":1302,"name":"Evanston","structure":"2010s","special":false,"revenue":2430226,"m2_sampled":36160,"m2_local":12855,"m2_shared":37789},"geometry":{"type":"MultiPolygon","coordinates":[[[[-114.10191,51.17872],[-114.09885,51.1824],[-114.09225,51.18258],[-114.08871,51.17907],[-114.09177,51.1754],[-114.09837,51.17522],[-114.10191,51.17872]]]]}},{"type":"Feature","properties":{"id":1303,"name":"Panorama Hills","structure":"2010s","special":false,"revenue":1060584,"m2_sampled":21017,"m2_local":12084,"m2_shared":9091},"geometry":{"type":"MultiPolygon","coordinates":[[[[-114.10143,51.17154],[-114.09837,51.17522],[-114.09177,51.1754],[-114.08823,51.17189],[-114.09129,51.16821],[-114.09789,51.16804],[-114.10143,51.17154]]]]}},{"type":"Feature","properties":{"id":1304,"name":"Panorama Hills","structure":"2010s","special":false,"revenue":3208075,"m2_sampled":39886,"m2_local":19355,"m2_shared":0},"geometry":{"type":"MultiPolygon","coordinates":[[[[-114.10094,51.16436],[-114.09789,51.16804],[-114.09129,51.16821],[-114.08775,51.16471],[-114.09081,51.16103],[-114.09741,51.16085],[-114.10094,51.16436]]]]}},{"type":"Feature","properties":{"id":1305,"name":"Panorama Hills","structure":"2010s","special":false,"revenue":1805764,"m2_sampled":37075,"m2_local":14971,"m2_shared":0},"geometry":{"type":"MultiPolygon","coordinates":[[[[-114.10046,51.15718],[-114.09741,51.16085],[-114.09081,51.16103],[-114.08727,51.15752],[-114.09033,51.15385],[-114.09692,51.15367],[-114.10046,51.15718]]]]}},{"type":"Feature","properties":{"id":1306,"name":"Panorama Hills","structure":"2010s","special":false,"revenue":556882,"m2_sampled":13730,"m2_local":0,"m2_shared":12818},"geometry":{"type":"MultiPolygon","coordinates":[[[[-114.09998,51.14999],[-114.09692,51.15367],[-114.09033,51.15385],[-114.08679,51.15034],[-114.08985,51.14666],[-114.09644,51.14649],[-114.09998,51.14999]]]]}},{"type":"Feature","properties":{"id":1307,"name":"Sandstone Valley","structure":"1980s/1990s","special":false,"revenue":877647,"m2_sampled":28531,"m2_local":6738,"m2_shared":77212},"geometry":{"type":"MultiPolygon","coordinates":[[[[-114.0995,51.14281],[-114.09644,51.14649],[-114.08985,51.14666],[-114.08631,51.14316],[-114.08937,51.13948],[-114.09596,51.1393],[-114.0995,51.14281]]]]}},{"type":"Feature","properties":{"id":1308,"name":"Sandstone Valley","structure":"1980s/1990s","special":false,"revenue":1618312,"m2_sampled":46572,"m2_local":13952,"m2_shared":13627},"geometry":{"type":"MultiPolygon","coordinates":[[[[-114.09902,51.13563],[-114.09596,51.1393],[-114.08937,51.13948],[-114.08583,51.13597],[-114.08889,51.1323],[-114.09548,51.13212],[-114.09902,51.13563]]]]}},{"type":"Feature","properties":{"id":1309,"name":"Beddington Heights","structure":"1960s/1970s","special":false,"revenue":1763193,"m2_sampled":50008,"m2_local":8378,"m2_shared":4847},"geometry":{"type":"MultiPolygon","coordinates":[[[[-114.09854,51.12844],[-114.09548,51.13212],[-114.08889,51.1323],[-114.08535,51.12879],[-114.08841,51.12511],[-114.095,51.12494],[-114.09854,51.12844]]]]}},{"type":"Feature","properties":{"id":1310,"name":"Huntington Hills","structure":"1960s/1970s","special":false,"revenue":533192,"m2_sampled":19932,"m2_local":0,"m2_shared":19213},"geometry":{"type":"MultiPolygon","coordinates":[[[[-114.09805,51.12126],[-114.095,51.12494],[-114.08841,51.12511],[-114.08487,51.12161],[-114.08793,51.11793],[-114.09452,51.11775],[-114.09805,51.12126]]]]}},{"type":"Feature","properties":{"id":1311,"name":"Nose Hill Park","structure":"PARKS","special":true,"revenue":0,"m2_sampled":0,"m2_local":0,"m2_shared":0},"geometry":{"type":"MultiPolygon","coordinates":[[[[-114.09757,51.11408],[-114.09452,51.11775],[-114.08793,51.11793],[-114.0844,51.11442],[-114.08745,51.11075],[-114.09404,51.11057],[-114.09757,51.11408]]]]}},{"type":"Feature","properties":{"id":1312,"name":"Nose Hill Park","structure":"PARKS","special":true,"revenue":34611,"m2_sampled":2814,"m2_local":2274,"m2_shared":14465},"geometry":{"type":"MultiPolygon","coordinates":[[[[-114.09709,51.10689],[-114.09404,51.11057],[-114.08745,51.11075],[-114.08392,51.10724],[-114.08697,51.10356],[-114.09356,51.10339],[-114.09709,51.10689]]]]}},{"type":"Feature","properties":{"id":1313,"name":"North Haven","structure":"1960s/1970s","special":false,"revenue":1177328,"m2_sampled":42285,"m2_local":4215,"m2_shared":16289},"geometry":{"type":"MultiPolygon","coordinates":[[[[-114.09661,51.09971],[-114.09356,51.10339],[-114.08697,51.10356],[-114.08344,51.10006],[-114.08649,51.09638],[-114.09308,51.0962],[-114.09661,51.09971]]]]}},{"type":"Feature","properties":{"id":1314,"name":"North Haven","structure":"1960s/1970s","special":false,"revenue":1543872,"m2_sampled":52796,"m2_local":8662,"m2_shared":31227},"geometry":{"type":"MultiPolygon","coordinates":[[[[-114.09613,51.09253],[-114.09308,51.0962],[-114.08649,51.09638],[-114.08296,51.09287],[-114.08601,51.08919],[-114.0926,51.08902],[-114.09613,51.09253]]]]}},{"type":"Feature","properties":{"id":1315,"name":"Cambrian Heights","structure":"1950s","special":false,"revenue":1524721,"m2_sampled":59988,"m2_local":12706,"m2_shared":2876},"geometry":{"type":"MultiPolygon","coordinates":[[[[-114.09565,51.08534],[-114.0926,51.08902],[-114.08601,51.08919],[-114.08248,51.08569],[-114.08554,51.08201],[-114.09212,51.08184],[-114.09565,51.08534]]]]}},{"type":"Feature","properties":{"id":1316,"name":"Rosemont","structure":"1950s","special":false,"revenue":1796225,"m2_sampled":49603,"m2_local":9769,"m2_shared":1172},"geometry":{"type":"MultiPolygon","coordinates":[[[[-114.09517,51.07816],[-114.09212,51.08184],[-114.08554,51.08201],[-114.08201,51.07851],[-114.08506,51.07483],[-114.09164,51.07465],[-114.09517,51.07816]]]]}},{"type":"Feature","properties":{"id":1317,"name":"Capitol Hill","structure":"1950s","special":false,"revenue":2497817,"m2_sampled":47835,"m2_local":17578,"m2_shared":0},"geometry":{"type":"MultiPolygon","coordinates":[[[[-114.09469,51.07098],[-114.09164,51.07465],[-114.08506,51.07483],[-114.08153,51.07132],[-114.08458,51.06764],[-114.09116,51.06747],[-114.09469,51.07098]]]]}},{"type":"Feature","properties":{"id":1318,"name":"Hillhurst","structure":"INNER CITY","special":false,"revenue":969398,"m2_sampled":16763,"m2_local":10039,"m2_shared":16341},"geometry":{"type":"MultiPolygon","coordinates":[[[[-114.09421,51.06379],[-114.09116,51.06747],[-114.08458,51.06764],[-114.08105,51.06414],[-114.0841,51.06046],[-114.09068,51.06029],[-114.09421,51.06379]]]]}},{"type":"Feature","properties":{"id":1319,"name":"Hillhurst","structure":"INNER CITY","special":false,"revenue":6218210,"m2_sampled":48934,"m2_local":14512,"m2_shared":0},"geometry":{"type":"MultiPolygon","coordinates":[[[[-114.09373,51.05661],[-114.09068,51.06029],[-114.0841,51.06046],[-114.08057,51.05696],[-114.08362,51.05328],[-114.0902,51.0531],[-114.09373,51.05661]]]]}},{"type":"Feature","properties":{"id":1320,"name":"Hillhurst","structure":"INNER CITY","special":false,"revenue":11313343,"m2_sampled":4203,"m2_local":24858,"m2_shared":35909},"geometry":{"type":"MultiPolygon","coordinates":[[[[-114.09326,51.04942],[-114.0902,51.0531],[-114.08362,51.05328],[-114.0801,51.04977],[-114.08315,51.04609],[-114.08973,51.04592],[-114.09326,51.04942]]]]}},{"type":"Feature","properties":{"id":1321,"name":"Beltline","structure":"CENTRE CITY","special":false,"revenue":15483682,"m2_sampled":31507,"m2_local":13738,"m2_shared":31021},"geometry":{"type":"MultiPolygon","coordinates":[[[[-114.09278,51.04224],[-114.08973,51.04592],[-114.08315,51.04609],[-114.07962,51.04259],[-114.08267,51.03891],[-114.08925,51.03874],[-114.09278,51.04224]]]]}},{"type":"Feature","properties":{"id":1322,"name":"Upper Mount Royal","structure":"INNER CITY","special":false,"revenue":8428987,"m2_sampled":69170,"m2_local":8981,"m2_shared":6769},"geometry":{"type":"MultiPolygon","coordinates":[[[[-114.0923,51.03506],[-114.08925,51.03874],[-114.08267,51.03891],[-114.07914,51.03541],[-114.08219,51.03173],[-114.08877,51.03155],[-114.0923,51.03506]]]]}},{"type":"Feature","properties":{"id":1323,"name":"Upper Mount Royal","structure":"INNER CITY","special":false,"revenue":3187076,"m2_sampled":58792,"m2_local":20504,"m2_shared":0},"geometry":{"type":"MultiPolygon","coordinates":[[[[-114.09182,51.02787],[-114.08877,51.03155],[-114.08219,51.03173],[-114.07867,51.02822],[-114.08172,51.02454],[-114.08829,51.02437],[-114.09182,51.02787]]]]}},{"type":"Feature","properties":{"id":1324,"name":"Elbow Park","structure":"INNER CITY","special":false,"revenue":3515039,"m2_sampled":62317,"m2_local":7305,"m2_shared":0},"geometry":{"type":"MultiPolygon","coordinates":[[[[-114.09134,51.02069],[-114.08829,51.02437],[-114.08172,51.02454],[-114.07819,51.02104],[-114.08124,51.01736],[-114.08781,51.01719],[-114.09134,51.02069]]]]}},{"type":"Feature","properties":{"id":1325,"name":"Britannia","structure":"1950s","special":false,"revenue":3174374,"m2_sampled":58744,"m2_local":0,"m2_shared":6450},"geometry":{"type":"MultiPolygon","coordinates":[[[[-114.09086,51.01351],[-114.08781,51.01719],[-114.08124,51.01736],[-114.07771,51.01385],[-114.08076,51.01018],[-114.08734,51.01],[-114.09086,51.01351]]]]}},{"type":"Feature","properties":{"id":1326,"name":"Windsor Park","structure":"1950s","special":false,"revenue":2321833,"m2_sampled":26080,"m2_local":1613,"m2_shared":9485},"geometry":{"type":"MultiPolygon","coordinates":[[[[-114.09039,51.00632],[-114.08734,51.01],[-114.08076,51.01018],[-114.07724,51.00667],[-114.08029,51.00299],[-114.08686,51.00282],[-114.09039,51.00632]]]]}},{"type":"Feature","properties":{"id":1327,"name":"Bel-Aire","structure":"1960s/1970s","special":false,"revenue":2233028,"m2_sampled":46597,"m2_local":2849,"m2_shared":14299},"geometry":{"type":"MultiPolygon","coordinates":[[[[-114.08991,50.99914],[-114.08686,51.00282],[-114.08029,51.00299],[-114.07676,50.99949],[-114.07981,50.99581],[-114.08638,50.99564],[-114.08991,50.99914]]]]}},{"type":"Feature","properties":{"id":1328,"name":"Kingsland","structure":"1950s","special":false,"revenue":2683506,"m2_sampled":47371,"m2_local":16139,"m2_shared":38316},"geometry":{"type":"MultiPolygon","coordinates":[[[[-114.08943,50.99196],[-114.08638,50.99564],[-114.07981,50.99581],[-114.07629,50.9923],[-114.07933,50.98863],[-114.08591,50.98845],[-114.08943,50.99196]]]]}},{"type":"Feature","properties":{"id":1329,"name":"Kingsland","structure":"1950s","special":false,"revenue":1790805,"m2_sampled":55413,"m2_local":8809,"m2_shared":0},"geometry":{"type":"MultiPolygon","coordinates":[[[[-114.08895,50.98477],[-114.08591,50.98845],[-114.07933,50.98863],[-114.07581,50.98512],[-114.07886,50.98144],[-114.08543,50.98127],[-114.08895,50.98477]]]]}},{"type":"Feature","properties":{"id":1330,"name":"Haysboro","structure":"1950s","special":false,"revenue":1655953,"m2_sampled":43383,"m2_local":8947,"m2_shared":8158},"geometry":{"type":"MultiPolygon","coordinates":[[[[-114.08848,50.97759],[-114.08543,50.98127],[-114.07886,50.98144],[-114.07534,50.97794],[-114.07838,50.97426],[-114.08495,50.97408],[-114.08848,50.97759]]]]}},{"type":"Feature","properties":{"id":1331,"name":"Haysboro","structure":"1950s","special":false,"revenue":1884508,"m2_sampled":47382,"m2_local":8411,"m2_shared":0},"geometry":{"type":"MultiPolygon","coordinates":[[[[-114.088,50.97041],[-114.08495,50.97408],[-114.07838,50.97426],[-114.07486,50.97075],[-114.07791,50.96707],[-114.08448,50.9669],[-114.088,50.97041]]]]}},{"type":"Feature","properties":{"id":1332,"name":"Southwood","structure":"1960s/1970s","special":false,"revenue":2147565,"m2_sampled":43368,"m2_local":10959,"m2_shared":19780},"geometry":{"type":"MultiPolygon","coordinates":[[[[-114.08752,50.96322],[-114.08448,50.9669],[-114.07791,50.96707],[-114.07439,50.96357],[-114.07743,50.95989],[-114.084,50.95972],[-114.08752,50.96322]]]]}},{"type":"Feature","properties":{"id":1333,"name":"Southwood","structure":"1960s/1970s","special":false,"revenue":1344420,"m2_sampled":47346,"m2_local":7347,"m2_shared":0},"geometry":{"type":"MultiPolygon","coordinates":[[[[-114.08705,50.95604],[-114.084,50.95972],[-114.07743,50.95989],[-114.07391,50.95639],[-114.07696,50.95271],[-114.08352,50.95253],[-114.08705,50.95604]]]]}},{"type":"Feature","properties":{"id":1334,"name":"Canyon Meadows","structure":"1960s/1970s","special":false,"revenue":1582396,"m2_sampled":41686,"m2_local":10858,"m2_shared":26878},"geometry":{"type":"MultiPolygon","coordinates":[[[[-114.08657,50.94886],[-114.08352,50.95253],[-114.07696,50.95271],[-114.07344,50.9492],[-114.07648,50.94552],[-114.08305,50.94535],[-114.08657,50.94886]]]]}},{"type":"Feature","properties":{"id":1335,"name":"Canyon Meadows","structure":"1960s/1970s","special":false,"revenue":1454160,"m2_sampled":50283,"m2_local":2818,"m2_shared":3560},"geometry":{"type":"MultiPolygon","coordinates":[[[[-114.08609,50.94167],[-114.08305,50.94535],[-114.07648,50.94552],[-114.07296,50.94202],[-114.07601,50.93834],[-114.08257,50.93817],[-114.08609,50.94167]]]]}},{"type":"Feature","properties":{"id":1336,"name":"Canyon Meadows","structure":"1960s/1970s","special":false,"revenue":1233657,"m2_sampled":28728,"m2_local":0,"m2_shared":19622},"geometry":{"type":"MultiPolygon","coordinates":[[[[-114.08562,50.93449],[-114.08257,50.93817],[-114.07601,50.93834],[-114.07249,50.93483],[-114.07553,50.93116],[-114.0821,50.93098],[-114.08562,50.93449]]]]}},{"type":"Feature","properties":{"id":1337,"name":"Fish Creek Park","structure":"PARKS","special":true,"revenue":730905,"m2_sampled":22004,"m2_local":11771,"m2_shared":0},"geometry":{"type":"MultiPolygon","coordinates":[[[[-114.08514,50.9273],[-114.0821,50.93098],[-114.07553,50.93116],[-114.07202,50.92765],[-114.07506,50.92397],[-114.08162,50.9238],[-114.08514,50.9273]]]]}},{"type":"Feature","properties":{"id":1338,"name":"Millrise","structure":"1980s/1990s","special":false,"revenue":2237724,"m2_sampled":52884,"m2_local":17312,"m2_shared":20986},"geometry":{"type":"MultiPolygon","coordinates":[[[[-114.08467,50.92012],[-114.08162,50.9238],[-114.07506,50.92397],[-114.07154,50.92047],[-114.07459,50.91679],[-114.08115,50.91662],[-114.08467,50.92012]]]]}},{"type":"Feature","properties":{"id":1339,"name":"Shawnessy","structure":"1980s/1990s","special":false,"revenue":1923718,"m2_sampled":68581,"m2_local":10006,"m2_shared":22163},"geometry":{"type":"MultiPolygon","coordinates":[[[[-114.08419,50.91294],[-114.08115,50.91662],[-114.07459,50.91679],[-114.07107,50.91328],[-114.07411,50.9096],[-114.08067,50.90943],[-114.08419,50.91294]]]]}},{"type":"Feature","properties":{"id":1340,"name":"Shawnessy","structure":"1980s/1990s","special":false,"revenue":1550710,"m2_sampled":53068,"m2_local":10620,"m2_shared":13887},"geometry":{"type":"MultiPolygon","coordinates":[[[[-114.08372,50.90575],[-114.08067,50.90943],[-114.07411,50.9096],[-114.0706,50.9061],[-114.07364,50.90242],[-114.0802,50.90225],[-114.08372,50.90575]]]]}},{"type":"Feature","properties":{"id":1341,"name":"Somerset","structure":"1980s/1990s","special":false,"revenue":1843353,"m2_sampled":47752,"m2_local":18276,"m2_shared":16945},"geometry":{"type":"MultiPolygon","coordinates":[[[[-114.08324,50.89857],[-114.0802,50.90225],[-114.07364,50.90242],[-114.07012,50.89892],[-114.07317,50.89524],[-114.07972,50.89506],[-114.08324,50.89857]]]]}},{"type":"Feature","properties":{"id":1342,"name":"Silverado","structure":"BUILDING OUT","special":false,"revenue":452139,"m2_sampled":9747,"m2_local":0,"m2_shared":10362},"geometry":{"type":"MultiPolygon","coordinates":[[[[-114.08277,50.89139],[-114.07972,50.89506],[-114.07317,50.89524],[-114.06965,50.89173],[-114.07269,50.88805],[-114.07925,50.88788],[-114.08277,50.89139]]]]}},{"type":"Feature","properties":{"id":1343,"name":"Silverado","structure":"BUILDING OUT","special":false,"revenue":1996431,"m2_sampled":56109,"m2_local":14437,"m2_shared":6495},"geometry":{"type":"MultiPolygon","coordinates":[[[[-114.08229,50.8842],[-114.07925,50.88788],[-114.07269,50.88805],[-114.06918,50.88455],[-114.07222,50.88087],[-114.07878,50.8807],[-114.08229,50.8842]]]]}},{"type":"Feature","properties":{"id":1344,"name":"Yorkville","structure":"BUILDING OUT","special":false,"revenue":3120328,"m2_sampled":66014,"m2_local":0,"m2_shared":40750},"geometry":{"type":"MultiPolygon","coordinates":[[[[-114.08182,50.87702],[-114.07878,50.8807],[-114.07222,50.88087],[-114.06871,50.87736],[-114.07175,50.87369],[-114.0783,50.87351],[-114.08182,50.87702]]]]}},{"type":"Feature","properties":{"id":1345,"name":"Yorkville","structure":"BUILDING OUT","special":false,"revenue":1152466,"m2_sampled":26264,"m2_local":3396,"m2_shared":12294},"geometry":{"type":"MultiPolygon","coordinates":[[[[-114.08134,50.86983],[-114.0783,50.87351],[-114.07175,50.87369],[-114.06823,50.87018],[-114.07127,50.8665],[-114.07783,50.86633],[-114.08134,50.86983]]]]}},{"type":"Feature","properties":{"id":1346,"name":"Pine Creek","structure":"BUILDING OUT","special":false,"revenue":1041308,"m2_sampled":24210,"m2_local":8072,"m2_shared":35390},"geometry":{"type":"MultiPolygon","coordinates":[[[[-114.08087,50.86265],[-114.07783,50.86633],[-114.07127,50.8665],[-114.06776,50.863],[-114.0708,50.85932],[-114.07736,50.85915],[-114.08087,50.86265]]]]}},{"type":"Feature","properties":{"id":1347,"name":"Pine Creek","structure":"BUILDING OUT","special":false,"revenue":313463,"m2_sampled":14120,"m2_local":23584,"m2_shared":1696},"geometry":{"type":"MultiPolygon","coordinates":[[[[-114.07078,50.85335],[-114.07106,50.85335],[-114.07106,50.85406],[-114.07171,50.85406],[-114.07217,50.85407],[-114.07238,50.85407],[-114.07264,50.85408],[-114.0729,50.85409],[-114.07316,50.85411],[-114.07341,50.85414],[-114.07367,50.85417],[-114.07383,50.85419],[-114.074,50.85422],[-114.0743,50.85366],[-114.07477,50.8533],[-114.07551,50.85293],[-114.07626,50.85222],[-114.0777,50.85299],[-114.07866,50.85376],[-114.07953,50.85579],[-114.0796,50.85596],[-114.07999,50.85596],[-114.07736,50.85915],[-114.0708,50.85932],[-114.06729,50.85581],[-114.07033,50.85213],[-114.07078,50.85212],[-114.07078,50.85335]]]]}},{"type":"Feature","properties":{"id":1348,"name":"Pine Creek","structure":"BUILDING OUT","special":false,"revenue":0,"m2_sampled":0,"m2_local":0,"m2_shared":0},"geometry":{"type":"MultiPolygon","coordinates":[[[[-114.07079,50.84852],[-114.07078,50.85212],[-114.07033,50.85213],[-114.06682,50.84863],[-114.06691,50.84852],[-114.07079,50.84852]]]]}},{"type":"Feature","properties":{"id":1351,"name":"03w","structure":"OTHER","special":true,"revenue":1086,"m2_sampled":0,"m2_local":0,"m2_shared":0},"geometry":{"type":"MultiPolygon","coordinates":[[[[-114.08296,51.21237],[-114.08169,51.21237],[-114.08097,51.21166],[-114.08403,51.20798],[-114.09064,51.20781],[-114.09418,51.21131],[-114.09332,51.21235],[-114.08296,51.21237]]]]}},{"type":"Feature","properties":{"id":1352,"name":"03w","structure":"OTHER","special":true,"revenue":2347,"m2_sampled":0,"m2_local":0,"m2_shared":0},"geometry":{"type":"MultiPolygon","coordinates":[[[[-114.0937,51.20413],[-114.09064,51.20781],[-114.08403,51.20798],[-114.08049,51.20448],[-114.08355,51.2008],[-114.09015,51.20062],[-114.0937,51.20413]]]]}},{"type":"Feature","properties":{"id":1353,"name":"Carrington","structure":"BUILDING OUT","special":false,"revenue":125613,"m2_sampled":5410,"m2_local":0,"m2_shared":0},"geometry":{"type":"MultiPolygon","coordinates":[[[[-114.09321,51.19695],[-114.09015,51.20062],[-114.08355,51.2008],[-114.08001,51.19729],[-114.08307,51.19362],[-114.08967,51.19344],[-114.09321,51.19695]]]]}},{"type":"Feature","properties":{"id":1354,"name":"Carrington","structure":"BUILDING OUT","special":false,"revenue":1043727,"m2_sampled":33284,"m2_local":0,"m2_shared":0},"geometry":{"type":"MultiPolygon","coordinates":[[[[-114.09273,51.18976],[-114.08967,51.19344],[-114.08307,51.19362],[-114.07953,51.19011],[-114.08259,51.18643],[-114.08919,51.18626],[-114.09273,51.18976]]]]}},{"type":"Feature","properties":{"id":1355,"name":"Carrington","structure":"BUILDING OUT","special":false,"revenue":2782401,"m2_sampled":51356,"m2_local":8572,"m2_shared":21283},"geometry":{"type":"MultiPolygon","coordinates":[[[[-114.09225,51.18258],[-114.08919,51.18626],[-114.08259,51.18643],[-114.07905,51.18293],[-114.08211,51.17925],[-114.08871,51.17907],[-114.09225,51.18258]]]]}},{"type":"Feature","properties":{"id":1356,"name":"Carrington","structure":"BUILDING OUT","special":false,"revenue":1103394,"m2_sampled":22522,"m2_local":0,"m2_shared":0},"geometry":{"type":"MultiPolygon","coordinates":[[[[-114.09177,51.1754],[-114.08871,51.17907],[-114.08211,51.17925],[-114.07858,51.17574],[-114.08163,51.17207],[-114.08823,51.17189],[-114.09177,51.1754]]]]}},{"type":"Feature","properties":{"id":1357,"name":"Panorama Hills","structure":"2010s","special":false,"revenue":2913568,"m2_sampled":43978,"m2_local":23575,"m2_shared":0},"geometry":{"type":"MultiPolygon","coordinates":[[[[-114.09129,51.16821],[-114.08823,51.17189],[-114.08163,51.17207],[-114.0781,51.16856],[-114.08116,51.16488],[-114.08775,51.16471],[-114.09129,51.16821]]]]}},{"type":"Feature","properties":{"id":1358,"name":"Panorama Hills","structure":"2010s","special":false,"revenue":2394592,"m2_sampled":54527,"m2_local":25864,"m2_shared":0},"geometry":{"type":"MultiPolygon","coordinates":[[[[-114.09081,51.16103],[-114.08775,51.16471],[-114.08116,51.16488],[-114.07762,51.16138],[-114.08068,51.1577],[-114.08727,51.15752],[-114.09081,51.16103]]]]}},{"type":"Feature","properties":{"id":1359,"name":"Panorama Hills","structure":"2010s","special":false,"revenue":1937440,"m2_sampled":42346,"m2_local":27611,"m2_shared":0},"geometry":{"type":"MultiPolygon","coordinates":[[[[-114.09033,51.15385],[-114.08727,51.15752],[-114.08068,51.1577],[-114.07714,51.15419],[-114.0802,51.15051],[-114.08679,51.15034],[-114.09033,51.15385]]]]}},{"type":"Feature","properties":{"id":1360,"name":"Panorama Hills","structure":"2010s","special":false,"revenue":1038024,"m2_sampled":29960,"m2_local":7122,"m2_shared":19078},"geometry":{"type":"MultiPolygon","coordinates":[[[[-114.08985,51.14666],[-114.08679,51.15034],[-114.0802,51.15051],[-114.07666,51.14701],[-114.07972,51.14333],[-114.08631,51.14316],[-114.08985,51.14666]]]]}},{"type":"Feature","properties":{"id":1361,"name":"Country Hills","structure":"1980s/1990s","special":false,"revenue":883685,"m2_sampled":32932,"m2_local":0,"m2_shared":41643},"geometry":{"type":"MultiPolygon","coordinates":[[[[-114.08937,51.13948],[-114.08631,51.14316],[-114.07972,51.14333],[-114.07618,51.13983],[-114.07924,51.13615],[-114.08583,51.13597],[-114.08937,51.13948]]]]}},{"type":"Feature","properties":{"id":1362,"name":"Beddington Heights","structure":"1960s/1970s","special":false,"revenue":1398446,"m2_sampled":44807,"m2_local":9505,"m2_shared":22342},"geometry":{"type":"MultiPolygon","coordinates":[[[[-114.08889,51.1323],[-114.08583,51.13597],[-114.07924,51.13615],[-114.07571,51.13264],[-114.07876,51.12896],[-114.08535,51.12879],[-114.08889,51.1323]]]]}},{"type":"Feature","properties":{"id":1363,"name":"Beddington Heights","structure":"1960s/1970s","special":false,"revenue":1602823,"m2_sampled":40523,"m2_local":21915,"m2_shared":8253},"geometry":{"type":"MultiPolygon","coordinates":[[[[-114.08841,51.12511],[-114.08535,51.12879],[-114.07876,51.12896],[-114.07523,51.12546],[-114.07828,51.12178],[-114.08487,51.12161],[-114.08841,51.12511]]]]}},{"type":"Feature","properties":{"id":1364,"name":"Huntington Hills","structure":"1960s/1970s","special":false,"revenue":1256564,"m2_sampled":31448,"m2_local":20104,"m2_shared":11013},"geometry":{"type":"MultiPolygon","coordinates":[[[[-114.08793,51.11793],[-114.08487,51.12161],[-114.07828,51.12178],[-114.07475,51.11828],[-114.07781,51.1146],[-114.0844,51.11442],[-114.08793,51.11793]]]]}},{"type":"Feature","properties":{"id":1365,"name":"Huntington Hills","structure":"1960s/1970s","special":false,"revenue":1177292,"m2_sampled":21390,"m2_local":11147,"m2_shared":31168},"geometry":{"type":"MultiPolygon","coordinates":[[[[-114.08745,51.11075],[-114.0844,51.11442],[-114.07781,51.1146],[-114.07427,51.11109],[-114.07733,51.10741],[-114.08392,51.10724],[-114.08745,51.11075]]]]}},{"type":"Feature","properties":{"id":1366,"name":"Thorncliffe","structure":"1950s","special":false,"revenue":1126561,"m2_sampled":49806,"m2_local":6950,"m2_shared":0},"geometry":{"type":"MultiPolygon","coordinates":[[[[-114.08697,51.10356],[-114.08392,51.10724],[-114.07733,51.10741],[-114.0738,51.10391],[-114.07685,51.10023],[-114.08344,51.10006],[-114.08697,51.10356]]]]}},{"type":"Feature","properties":{"id":1367,"name":"Thorncliffe","structure":"1950s","special":false,"revenue":1209684,"m2_sampled":53531,"m2_local":11862,"m2_shared":23298},"geometry":{"type":"MultiPolygon","coordinates":[[[[-114.08649,51.09638],[-114.08344,51.10006],[-114.07685,51.10023],[-114.07332,51.09673],[-114.07638,51.09305],[-114.08296,51.09287],[-114.08649,51.09638]]]]}},{"type":"Feature","properties":{"id":1368,"name":"Highwood","structure":"1950s","special":false,"revenue":920036,"m2_sampled":35052,"m2_local":15276,"m2_shared":0},"geometry":{"type":"MultiPolygon","coordinates":[[[[-114.08601,51.08919],[-114.08296,51.09287],[-114.07638,51.09305],[-114.07284,51.08954],[-114.0759,51.08586],[-114.08248,51.08569],[-114.08601,51.08919]]]]}},{"type":"Feature","properties":{"id":1369,"name":"Queens Park Village","structure":"1950s","special":false,"revenue":610285,"m2_sampled":19631,"m2_local":0,"m2_shared":0},"geometry":{"type":"MultiPolygon","coordinates":[[[[-114.08554,51.08201],[-114.08248,51.08569],[-114.0759,51.08586],[-114.07237,51.08236],[-114.07542,51.07868],[-114.08201,51.07851],[-114.08554,51.08201]]]]}},{"type":"Feature","properties":{"id":1370,"name":"Mount Pleasant","structure":"INNER CITY","special":false,"revenue":2383271,"m2_sampled":63893,"m2_local":1213,"m2_shared":0},"geometry":{"type":"MultiPolygon","coordinates":[[[[-114.08506,51.07483],[-114.08201,51.07851],[-114.07542,51.07868],[-114.07189,51.07518],[-114.07494,51.0715],[-114.08153,51.07132],[-114.08506,51.07483]]]]}},{"type":"Feature","properties":{"id":1371,"name":"Mount Pleasant","structure":"INNER CITY","special":false,"revenue":3530252,"m2_sampled":67542,"m2_local":6312,"m2_shared":19024},"geometry":{"type":"MultiPolygon","coordinates":[[[[-114.08458,51.06764],[-114.08153,51.07132],[-114.07494,51.0715],[-114.07142,51.06799],[-114.07447,51.06431],[-114.08105,51.06414],[-114.08458,51.06764]]]]}},{"type":"Feature","properties":{"id":1372,"name":"Sunnyside","structure":"INNER CITY","special":false,"revenue":3096839,"m2_sampled":65553,"m2_local":0,"m2_shared":2289},"geometry":{"type":"MultiPolygon","coordinates":[[[[-114.0841,51.06046],[-114.08105,51.06414],[-114.07447,51.06431],[-114.07094,51.06081],[-114.07399,51.05713],[-114.08057,51.05696],[-114.0841,51.06046]]]]}},{"type":"Feature","properties":{"id":1373,"name":"Eau Claire","structure":"CENTRE CITY","special":false,"revenue":13808759,"m2_sampled":30029,"m2_local":4099,"m2_shared":17100},"geometry":{"type":"MultiPolygon","coordinates":[[[[-114.08362,51.05328],[-114.08057,51.05696],[-114.07399,51.05713],[-114.07046,51.05362],[-114.07352,51.04995],[-114.0801,51.04977],[-114.08362,51.05328]]]]}},{"type":"Feature","properties":{"id":1374,"name":"Downtown Commercial Core","structure":"CENTRE CITY","special":false,"revenue":50555664,"m2_sampled":2544,"m2_local":18723,"m2_shared":54846},"geometry":{"type":"MultiPolygon","coordinates":[[[[-114.08315,51.04609],[-114.0801,51.04977],[-114.07352,51.04995],[-114.06999,51.04644],[-114.07304,51.04276],[-114.07962,51.04259],[-114.08315,51.04609]]]]}},{"type":"Feature","properties":{"id":1375,"name":"Beltline","structure":"CENTRE CITY","special":false,"revenue":15260962,"m2_sampled":49589,"m2_local":7610,"m2_shared":25569},"geometry":{"type":"MultiPolygon","coordinates":[[[[-114.08267,51.03891],[-114.07962,51.04259],[-114.07304,51.04276],[-114.06951,51.03926],[-114.07256,51.03558],[-114.07914,51.03541],[-114.08267,51.03891]]]]}},{"type":"Feature","properties":{"id":1376,"name":"Cliff Bungalow","structure":"INNER CITY","special":false,"revenue":6169344,"m2_sampled":58928,"m2_local":9523,"m2_shared":10893},"geometry":{"type":"MultiPolygon","coordinates":[[[[-114.08219,51.03173],[-114.07914,51.03541],[-114.07256,51.03558],[-114.06904,51.03207],[-114.07209,51.0284],[-114.07867,51.02822],[-114.08219,51.03173]]]]}},{"type":"Feature","properties":{"id":1377,"name":"Rideau Park","structure":"INNER CITY","special":false,"revenue":2814437,"m2_sampled":40681,"m2_local":7974,"m2_shared":12826},"geometry":{"type":"MultiPolygon","coordinates":[[[[-114.08172,51.02454],[-114.07867,51.02822],[-114.07209,51.0284],[-114.06856,51.02489],[-114.07161,51.02121],[-114.07819,51.02104],[-114.08172,51.02454]]]]}},{"type":"Feature","properties":{"id":1378,"name":"Elbow Park","structure":"INNER CITY","special":false,"revenue":2713895,"m2_sampled":50550,"m2_local":11908,"m2_shared":9191},"geometry":{"type":"MultiPolygon","coordinates":[[[[-114.08124,51.01736],[-114.07819,51.02104],[-114.07161,51.02121],[-114.06809,51.01771],[-114.07114,51.01403],[-114.07771,51.01385],[-114.08124,51.01736]]]]}},{"type":"Feature","properties":{"id":1379,"name":"Elboya","structure":"1950s","special":false,"revenue":2430757,"m2_sampled":63844,"m2_local":19551,"m2_shared":0},"geometry":{"type":"MultiPolygon","coordinates":[[[[-114.08076,51.01018],[-114.07771,51.01385],[-114.07114,51.01403],[-114.06761,51.01052],[-114.07066,51.00684],[-114.07724,51.00667],[-114.08076,51.01018]]]]}},{"type":"Feature","properties":{"id":1380,"name":"Windsor Park","structure":"1950s","special":false,"revenue":9311752,"m2_sampled":38422,"m2_local":9572,"m2_shared":21484},"geometry":{"type":"MultiPolygon","coordinates":[[[[-114.08029,51.00299],[-114.07724,51.00667],[-114.07066,51.00684],[-114.06714,51.00334],[-114.07019,50.99966],[-114.07676,50.99949],[-114.08029,51.00299]]]]}},{"type":"Feature","properties":{"id":1381,"name":"Meadowlark Park","structure":"1950s","special":false,"revenue":18114703,"m2_sampled":16721,"m2_local":24037,"m2_shared":47936},"geometry":{"type":"MultiPolygon","coordinates":[[[[-114.07981,50.99581],[-114.07676,50.99949],[-114.07019,50.99966],[-114.06667,50.99616],[-114.06972,50.99248],[-114.07629,50.9923],[-114.07981,50.99581]]]]}},{"type":"Feature","properties":{"id":1382,"name":"Kingsland","structure":"1950s","special":false,"revenue":5179870,"m2_sampled":20522,"m2_local":0,"m2_shared":19017},"geometry":{"type":"MultiPolygon","coordinates":[[[[-114.07933,50.98863],[-114.07629,50.9923],[-114.06972,50.99248],[-114.06619,50.98897],[-114.06924,50.98529],[-114.07581,50.98512],[-114.07933,50.98863]]]]}},{"type":"Feature","properties":{"id":1383,"name":"Kingsland","structure":"1950s","special":false,"revenue":2745213,"m2_sampled":21632,"m2_local":7269,"m2_shared":34818},"geometry":{"type":"MultiPolygon","coordinates":[[[[-114.07886,50.98144],[-114.07581,50.98512],[-114.06924,50.98529],[-114.06572,50.98179],[-114.06877,50.97811],[-114.07534,50.97794],[-114.07886,50.98144]]]]}},{"type":"Feature","properties":{"id":1384,"name":"Haysboro","structure":"1950s","special":false,"revenue":5401275,"m2_sampled":12276,"m2_local":12061,"m2_shared":17618},"geometry":{"type":"MultiPolygon","coordinates":[[[[-114.07838,50.97426],[-114.07534,50.97794],[-114.06877,50.97811],[-114.06525,50.9746],[-114.06829,50.97093],[-114.07486,50.97075],[-114.07838,50.97426]]]]}},{"type":"Feature","properties":{"id":1385,"name":"Acadia","structure":"1960s/1970s","special":false,"revenue":5539833,"m2_sampled":11282,"m2_local":8898,"m2_shared":36392},"geometry":{"type":"MultiPolygon","coordinates":[[[[-114.07791,50.96707],[-114.07486,50.97075],[-114.06829,50.97093],[-114.06477,50.96742],[-114.06782,50.96374],[-114.07439,50.96357],[-114.07791,50.96707]]]]}},{"type":"Feature","properties":{"id":1386,"name":"Willow Park","structure":"1960s/1970s","special":false,"revenue":5236205,"m2_sampled":20683,"m2_local":19168,"m2_shared":23210},"geometry":{"type":"MultiPolygon","coordinates":[[[[-114.07743,50.95989],[-114.07439,50.96357],[-114.06782,50.96374],[-114.0643,50.96024],[-114.06735,50.95656],[-114.07391,50.95639],[-114.07743,50.95989]]]]}},{"type":"Feature","properties":{"id":1387,"name":"Willow Park","structure":"1960s/1970s","special":false,"revenue":4449109,"m2_sampled":116,"m2_local":9764,"m2_shared":75337},"geometry":{"type":"MultiPolygon","coordinates":[[[[-114.07696,50.95271],[-114.07391,50.95639],[-114.06735,50.95656],[-114.06383,50.95305],[-114.06687,50.94937],[-114.07344,50.9492],[-114.07696,50.95271]]]]}},{"type":"Feature","properties":{"id":1388,"name":"Lake Bonavista","structure":"1960s/1970s","special":false,"revenue":2906420,"m2_sampled":27364,"m2_local":4549,"m2_shared":33419},"geometry":{"type":"MultiPolygon","coordinates":[[[[-114.07648,50.94552],[-114.07344,50.9492],[-114.06687,50.94937],[-114.06335,50.94587],[-114.0664,50.94219],[-114.07296,50.94202],[-114.07648,50.94552]]]]}},{"type":"Feature","properties":{"id":1389,"name":"Canyon Meadows","structure":"1960s/1970s","special":false,"revenue":1986670,"m2_sampled":34344,"m2_local":7402,"m2_shared":22263},"geometry":{"type":"MultiPolygon","coordinates":[[[[-114.07601,50.93834],[-114.07296,50.94202],[-114.0664,50.94219],[-114.06288,50.93869],[-114.06593,50.93501],[-114.07249,50.93483],[-114.07601,50.93834]]]]}},{"type":"Feature","properties":{"id":1390,"name":"Fish Creek Park","structure":"PARKS","special":true,"revenue":1599910,"m2_sampled":5896,"m2_local":7608,"m2_shared":63782},"geometry":{"type":"MultiPolygon","coordinates":[[[[-114.07553,50.93116],[-114.07249,50.93483],[-114.06593,50.93501],[-114.06241,50.9315],[-114.06545,50.92782],[-114.07202,50.92765],[-114.07553,50.93116]]]]}},{"type":"Feature","properties":{"id":1391,"name":"Midnapore","structure":"1960s/1970s","special":false,"revenue":772086,"m2_sampled":4063,"m2_local":11284,"m2_shared":26826},"geometry":{"type":"MultiPolygon","coordinates":[[[[-114.07506,50.92397],[-114.07202,50.92765],[-114.06545,50.92782],[-114.06194,50.92432],[-114.06498,50.92064],[-114.07154,50.92047],[-114.07506,50.92397]]]]}},{"type":"Feature","properties":{"id":1392,"name":"Midnapore","structure":"1960s/1970s","special":false,"revenue":3701015,"m2_sampled":29381,"m2_local":14968,"m2_shared":45622},"geometry":{"type":"MultiPolygon","coordinates":[[[[-114.07459,50.91679],[-114.07154,50.92047],[-114.06498,50.92064],[-114.06146,50.91713],[-114.06451,50.91346],[-114.07107,50.91328],[-114.07459,50.91679]]]]}},{"type":"Feature","properties":{"id":1393,"name":"Shawnessy","structure":"1980s/1990s","special":false,"revenue":3088604,"m2_sampled":20073,"m2_local":17137,"m2_shared":39046},"geometry":{"type":"MultiPolygon","coordinates":[[[[-114.07411,50.9096],[-114.07107,50.91328],[-114.06451,50.91346],[-114.06099,50.90995],[-114.06404,50.90627],[-114.0706,50.9061],[-114.07411,50.9096]]]]}},{"type":"Feature","properties":{"id":1394,"name":"Shawnessy","structure":"1980s/1990s","special":false,"revenue":5155612,"m2_sampled":8214,"m2_local":18100,"m2_shared":44401},"geometry":{"type":"MultiPolygon","coordinates":[[[[-114.07364,50.90242],[-114.0706,50.9061],[-114.06404,50.90627],[-114.06052,50.90277],[-114.06356,50.89909],[-114.07012,50.89892],[-114.07364,50.90242]]]]}},{"type":"Feature","properties":{"id":1395,"name":"Shawnessy","structure":"1980s/1990s","special":false,"revenue":941405,"m2_sampled":6378,"m2_local":12408,"m2_shared":8027},"geometry":{"type":"MultiPolygon","coordinates":[[[[-114.07317,50.89524],[-114.07012,50.89892],[-114.06356,50.89909],[-114.06005,50.89558],[-114.06309,50.8919],[-114.06965,50.89173],[-114.07317,50.89524]]]]}},{"type":"Feature","properties":{"id":1396,"name":"Silverado","structure":"BUILDING OUT","special":false,"revenue":207137,"m2_sampled":494,"m2_local":1176,"m2_shared":7494},"geometry":{"type":"MultiPolygon","coordinates":[[[[-114.07269,50.88805],[-114.06965,50.89173],[-114.06309,50.8919],[-114.05958,50.8884],[-114.06262,50.88472],[-114.06918,50.88455],[-114.07269,50.88805]]]]}},{"type":"Feature","properties":{"id":1397,"name":"Silverado","structure":"BUILDING OUT","special":false,"revenue":199990,"m2_sampled":14581,"m2_local":0,"m2_shared":4254},"geometry":{"type":"MultiPolygon","coordinates":[[[[-114.07222,50.88087],[-114.06918,50.88455],[-114.06262,50.88472],[-114.05911,50.88121],[-114.06215,50.87754],[-114.06871,50.87736],[-114.07222,50.88087]]]]}},{"type":"Feature","properties":{"id":1398,"name":"Belmont","structure":"BUILDING OUT","special":false,"revenue":1893629,"m2_sampled":48966,"m2_local":22074,"m2_shared":25982},"geometry":{"type":"MultiPolygon","coordinates":[[[[-114.07175,50.87369],[-114.06871,50.87736],[-114.06215,50.87754],[-114.05864,50.87403],[-114.06168,50.87035],[-114.06823,50.87018],[-114.07175,50.87369]]]]}},{"type":"Feature","properties":{"id":1399,"name":"Belmont","structure":"BUILDING OUT","special":false,"revenue":2072973,"m2_sampled":47104,"m2_local":11867,"m2_shared":8677},"geometry":{"type":"MultiPolygon","coordinates":[[[[-114.07127,50.8665],[-114.06823,50.87018],[-114.06168,50.87035],[-114.05817,50.86685],[-114.06121,50.86317],[-114.06776,50.863],[-114.07127,50.8665]]]]}},{"type":"Feature","properties":{"id":1400,"name":"Pine Creek","structure":"BUILDING OUT","special":false,"revenue":1753406,"m2_sampled":45494,"m2_local":16683,"m2_shared":5137},"geometry":{"type":"MultiPolygon","coordinates":[[[[-114.0708,50.85932],[-114.06776,50.863],[-114.06121,50.86317],[-114.0577,50.85966],[-114.06074,50.85598],[-114.06729,50.85581],[-114.0708,50.85932]]]]}},{"type":"Feature","properties":{"id":1401,"name":"Pine Creek","structure":"BUILDING OUT","special":false,"revenue":252464,"m2_sampled":22841,"m2_local":0,"m2_shared":0},"geometry":{"type":"MultiPolygon","coordinates":[[[[-114.07033,50.85213],[-114.06729,50.85581],[-114.06074,50.85598],[-114.05723,50.85248],[-114.06027,50.8488],[-114.06682,50.84863],[-114.07033,50.85213]]]]}},{"type":"Feature","properties":{"id":1402,"name":"Pine Creek","structure":"BUILDING OUT","special":false,"revenue":0,"m2_sampled":0,"m2_local":0,"m2_shared":0},"geometry":{"type":"MultiPolygon","coordinates":[[[[-114.06508,50.84852],[-114.06691,50.84852],[-114.06682,50.84863],[-114.06027,50.8488],[-114.05999,50.84853],[-114.06508,50.84852]]]]}},{"type":"Feature","properties":{"id":1405,"name":"03w","structure":"OTHER","special":true,"revenue":320,"m2_sampled":0,"m2_local":0,"m2_shared":0},"geometry":{"type":"MultiPolygon","coordinates":[[[[-114.07391,51.21239],[-114.07437,51.21183],[-114.08097,51.21166],[-114.08169,51.21237],[-114.07391,51.21239]]]]}},{"type":"Feature","properties":{"id":1406,"name":"03w","structure":"OTHER","special":true,"revenue":7163,"m2_sampled":0,"m2_local":1351,"m2_shared":0},"geometry":{"type":"MultiPolygon","coordinates":[[[[-114.08403,51.20798],[-114.08097,51.21166],[-114.07437,51.21183],[-114.07083,51.20833],[-114.07389,51.20465],[-114.08049,51.20448],[-114.08403,51.20798]]]]}},{"type":"Feature","properties":{"id":1407,"name":"03w","structure":"OTHER","special":true,"revenue":1079,"m2_sampled":0,"m2_local":2622,"m2_shared":0},"geometry":{"type":"MultiPolygon","coordinates":[[[[-114.08355,51.2008],[-114.08049,51.20448],[-114.07389,51.20465],[-114.07035,51.20115],[-114.07341,51.19747],[-114.08001,51.19729],[-114.08355,51.2008]]]]}},{"type":"Feature","properties":{"id":1408,"name":"Livingston","structure":"BUILDING OUT","special":false,"revenue":1203483,"m2_sampled":36523,"m2_local":3867,"m2_shared":0},"geometry":{"type":"MultiPolygon","coordinates":[[[[-114.08307,51.19362],[-114.08001,51.19729],[-114.07341,51.19747],[-114.06987,51.19396],[-114.07293,51.19028],[-114.07953,51.19011],[-114.08307,51.19362]]]]}},{"type":"Feature","properties":{"id":1409,"name":"Livingston","structure":"BUILDING OUT","special":false,"revenue":2647698,"m2_sampled":75271,"m2_local":0,"m2_shared":18865},"geometry":{"type":"MultiPolygon","coordinates":[[[[-114.08259,51.18643],[-114.07953,51.19011],[-114.07293,51.19028],[-114.06939,51.18678],[-114.07246,51.1831],[-114.07905,51.18293],[-114.08259,51.18643]]]]}},{"type":"Feature","properties":{"id":1410,"name":"Carrington","structure":"BUILDING OUT","special":false,"revenue":1956245,"m2_sampled":36390,"m2_local":0,"m2_shared":726},"geometry":{"type":"MultiPolygon","coordinates":[[[[-114.08211,51.17925],[-114.07905,51.18293],[-114.07246,51.1831],[-114.06892,51.1796],[-114.07198,51.17592],[-114.07858,51.17574],[-114.08211,51.17925]]]]}},{"type":"Feature","properties":{"id":1411,"name":"Panorama Hills","structure":"2010s","special":false,"revenue":1230137,"m2_sampled":26232,"m2_local":0,"m2_shared":3366},"geometry":{"type":"MultiPolygon","coordinates":[[[[-114.08163,51.17207],[-114.07858,51.17574],[-114.07198,51.17592],[-114.06844,51.17241],[-114.0715,51.16873],[-114.0781,51.16856],[-114.08163,51.17207]]]]}},{"type":"Feature","properties":{"id":1412,"name":"Panorama Hills","structure":"2010s","special":false,"revenue":2322194,"m2_sampled":53543,"m2_local":17388,"m2_shared":15668},"geometry":{"type":"MultiPolygon","coordinates":[[[[-114.08116,51.16488],[-114.0781,51.16856],[-114.0715,51.16873],[-114.06796,51.16523],[-114.07102,51.16155],[-114.07762,51.16138],[-114.08116,51.16488]]]]}},{"type":"Feature","properties":{"id":1413,"name":"Panorama Hills","structure":"2010s","special":false,"revenue":1606650,"m2_sampled":33761,"m2_local":27583,"m2_shared":25138},"geometry":{"type":"MultiPolygon","coordinates":[[[[-114.08068,51.1577],[-114.07762,51.16138],[-114.07102,51.16155],[-114.06749,51.15805],[-114.07055,51.15437],[-114.07714,51.15419],[-114.08068,51.1577]]]]}},{"type":"Feature","properties":{"id":1414,"name":"Panorama Hills","structure":"2010s","special":false,"revenue":1691040,"m2_sampled":29517,"m2_local":31721,"m2_shared":26591},"geometry":{"type":"MultiPolygon","coordinates":[[[[-114.0802,51.15051],[-114.07714,51.15419],[-114.07055,51.15437],[-114.06701,51.15086],[-114.07007,51.14718],[-114.07666,51.14701],[-114.0802,51.15051]]]]}},{"type":"Feature","properties":{"id":1415,"name":"Country Hills","structure":"1980s/1990s","special":false,"revenue":2505808,"m2_sampled":26392,"m2_local":20343,"m2_shared":21181},"geometry":{"type":"MultiPolygon","coordinates":[[[[-114.07972,51.14333],[-114.07666,51.14701],[-114.07007,51.14718],[-114.06653,51.14368],[-114.06959,51.14],[-114.07618,51.13983],[-114.07972,51.14333]]]]}},{"type":"Feature","properties":{"id":1416,"name":"Country Hills","structure":"1980s/1990s","special":false,"revenue":684522,"m2_sampled":13678,"m2_local":0,"m2_shared":52189},"geometry":{"type":"MultiPolygon","coordinates":[[[[-114.07924,51.13615],[-114.07618,51.13983],[-114.06959,51.14],[-114.06606,51.13649],[-114.06911,51.13282],[-114.07571,51.13264],[-114.07924,51.13615]]]]}},{"type":"Feature","properties":{"id":1417,"name":"Beddington Heights","structure":"1960s/1970s","special":false,"revenue":2828778,"m2_sampled":27781,"m2_local":21326,"m2_shared":9921},"geometry":{"type":"MultiPolygon","coordinates":[[[[-114.07876,51.12896],[-114.07571,51.13264],[-114.06911,51.13282],[-114.06558,51.12931],[-114.06864,51.12563],[-114.07523,51.12546],[-114.07876,51.12896]]]]}},{"type":"Feature","properties":{"id":1418,"name":"Huntington Hills","structure":"1960s/1970s","special":false,"revenue":1313156,"m2_sampled":51057,"m2_local":5926,"m2_shared":28356},"geometry":{"type":"MultiPolygon","coordinates":[[[[-114.07828,51.12178],[-114.07523,51.12546],[-114.06864,51.12563],[-114.0651,51.12213],[-114.06816,51.11845],[-114.07475,51.11828],[-114.07828,51.12178]]]]}},{"type":"Feature","properties":{"id":1419,"name":"Huntington Hills","structure":"1960s/1970s","special":false,"revenue":1928369,"m2_sampled":35745,"m2_local":5936,"m2_shared":29993},"geometry":{"type":"MultiPolygon","coordinates":[[[[-114.07781,51.1146],[-114.07475,51.11828],[-114.06816,51.11845],[-114.06463,51.11494],[-114.06769,51.11127],[-114.07427,51.11109],[-114.07781,51.1146]]]]}},{"type":"Feature","properties":{"id":1420,"name":"Thorncliffe","structure":"1950s","special":false,"revenue":1517986,"m2_sampled":52838,"m2_local":0,"m2_shared":22937},"geometry":{"type":"MultiPolygon","coordinates":[[[[-114.07733,51.10741],[-114.07427,51.11109],[-114.06769,51.11127],[-114.06415,51.10776],[-114.06721,51.10408],[-114.0738,51.10391],[-114.07733,51.10741]]]]}},{"type":"Feature","properties":{"id":1421,"name":"Thorncliffe","structure":"1950s","special":false,"revenue":1607238,"m2_sampled":59229,"m2_local":10180,"m2_shared":8809},"geometry":{"type":"MultiPolygon","coordinates":[[[[-114.07685,51.10023],[-114.0738,51.10391],[-114.06721,51.10408],[-114.06368,51.10058],[-114.06673,51.0969],[-114.07332,51.09673],[-114.07685,51.10023]]]]}},{"type":"Feature","properties":{"id":1422,"name":"Highland Park","structure":"1950s","special":false,"revenue":1192757,"m2_sampled":35230,"m2_local":0,"m2_shared":20064},"geometry":{"type":"MultiPolygon","coordinates":[[[[-114.07638,51.09305],[-114.07332,51.09673],[-114.06673,51.0969],[-114.0632,51.09339],[-114.06626,51.08972],[-114.07284,51.08954],[-114.07638,51.09305]]]]}},{"type":"Feature","properties":{"id":1423,"name":"Highland Park","structure":"1950s","special":false,"revenue":1914931,"m2_sampled":40294,"m2_local":9970,"m2_shared":10536},"geometry":{"type":"MultiPolygon","coordinates":[[[[-114.0759,51.08586],[-114.07284,51.08954],[-114.06626,51.08972],[-114.06273,51.08621],[-114.06578,51.08253],[-114.07237,51.08236],[-114.0759,51.08586]]]]}},{"type":"Feature","properties":{"id":1424,"name":"Mount Pleasant","structure":"INNER CITY","special":false,"revenue":3168427,"m2_sampled":62900,"m2_local":5234,"m2_shared":9606},"geometry":{"type":"MultiPolygon","coordinates":[[[[-114.07542,51.07868],[-114.07237,51.08236],[-114.06578,51.08253],[-114.06225,51.07903],[-114.06531,51.07535],[-114.07189,51.07518],[-114.07542,51.07868]]]]}},{"type":"Feature","properties":{"id":1425,"name":"Mount Pleasant","structure":"INNER CITY","special":false,"revenue":3187620,"m2_sampled":60443,"m2_local":8642,"m2_shared":10680},"geometry":{"type":"MultiPolygon","coordinates":[[[[-114.07494,51.0715],[-114.07189,51.07518],[-114.06531,51.07535],[-114.06178,51.07184],[-114.06483,51.06816],[-114.07142,51.06799],[-114.07494,51.0715]]]]}},{"type":"Feature","properties":{"id":1426,"name":"Crescent Heights","structure":"INNER CITY","special":false,"revenue":3887187,"m2_sampled":58170,"m2_local":11656,"m2_shared":17880},"geometry":{"type":"MultiPolygon","coordinates":[[[[-114.07447,51.06431],[-114.07142,51.06799],[-114.06483,51.06816],[-114.0613,51.06466],[-114.06436,51.06098],[-114.07094,51.06081],[-114.07447,51.06431]]]]}},{"type":"Feature","properties":{"id":1427,"name":"Sunnyside","structure":"INNER CITY","special":false,"revenue":969437,"m2_sampled":26293,"m2_local":0,"m2_shared":24013},"geometry":{"type":"MultiPolygon","coordinates":[[[[-114.07399,51.05713],[-114.07094,51.06081],[-114.06436,51.06098],[-114.06083,51.05748],[-114.06388,51.0538],[-114.07046,51.05362],[-114.07399,51.05713]]]]}},{"type":"Feature","properties":{"id":1428,"name":"Downtown Commercial Core","structure":"CENTRE CITY","special":false,"revenue":68761432,"m2_sampled":9361,"m2_local":15171,"m2_shared":30793},"geometry":{"type":"MultiPolygon","coordinates":[[[[-114.07352,51.04995],[-114.07046,51.05362],[-114.06388,51.0538],[-114.06036,51.05029],[-114.06341,51.04661],[-114.06999,51.04644],[-114.07352,51.04995]]]]}},{"type":"Feature","properties":{"id":1429,"name":"Beltline","structure":"CENTRE CITY","special":false,"revenue":40122681,"m2_sampled":16044,"m2_local":30788,"m2_shared":33806},"geometry":{"type":"MultiPolygon","coordinates":[[[[-114.07304,51.04276],[-114.06999,51.04644],[-114.06341,51.04661],[-114.05988,51.04311],[-114.06293,51.03943],[-114.06951,51.03926],[-114.07304,51.04276]]]]}},{"type":"Feature","properties":{"id":1430,"name":"Mission","structure":"INNER CITY","special":false,"revenue":6695110,"m2_sampled":33169,"m2_local":12134,"m2_shared":14448},"geometry":{"type":"MultiPolygon","coordinates":[[[[-114.07256,51.03558],[-114.06951,51.03926],[-114.06293,51.03943],[-114.05941,51.03592],[-114.06246,51.03225],[-114.06904,51.03207],[-114.07256,51.03558]]]]}},{"type":"Feature","properties":{"id":1431,"name":"Mission","structure":"INNER CITY","special":false,"revenue":4585804,"m2_sampled":44063,"m2_local":13408,"m2_shared":3585},"geometry":{"type":"MultiPolygon","coordinates":[[[[-114.07209,51.0284],[-114.06904,51.03207],[-114.06246,51.03225],[-114.05894,51.02874],[-114.06199,51.02506],[-114.06856,51.02489],[-114.07209,51.0284]]]]}},{"type":"Feature","properties":{"id":1432,"name":"Parkhill","structure":"1950s","special":false,"revenue":3437775,"m2_sampled":39579,"m2_local":12380,"m2_shared":13768},"geometry":{"type":"MultiPolygon","coordinates":[[[[-114.07161,51.02121],[-114.06856,51.02489],[-114.06199,51.02506],[-114.05846,51.02156],[-114.06151,51.01788],[-114.06809,51.01771],[-114.07161,51.02121]]]]}},{"type":"Feature","properties":{"id":1433,"name":"Manchester","structure":"EMPLOYMENT","special":false,"revenue":3582540,"m2_sampled":23073,"m2_local":12821,"m2_shared":25551},"geometry":{"type":"MultiPolygon","coordinates":[[[[-114.07114,51.01403],[-114.06809,51.01771],[-114.06151,51.01788],[-114.05799,51.01437],[-114.06104,51.0107],[-114.06761,51.01052],[-114.07114,51.01403]]]]}},{"type":"Feature","properties":{"id":1434,"name":"Manchester Industrial","structure":"EMPLOYMENT","special":false,"revenue":4972714,"m2_sampled":4653,"m2_local":9710,"m2_shared":12250},"geometry":{"type":"MultiPolygon","coordinates":[[[[-114.07066,51.00684],[-114.06761,51.01052],[-114.06104,51.0107],[-114.05752,51.00719],[-114.06057,51.00351],[-114.06714,51.00334],[-114.07066,51.00684]]]]}},{"type":"Feature","properties":{"id":1435,"name":"Manchester Industrial","structure":"EMPLOYMENT","special":false,"revenue":4870482,"m2_sampled":0,"m2_local":12519,"m2_shared":8839},"geometry":{"type":"MultiPolygon","coordinates":[[[[-114.07019,50.99966],[-114.06714,51.00334],[-114.06057,51.00351],[-114.05704,51.00001],[-114.06009,50.99633],[-114.06667,50.99616],[-114.07019,50.99966]]]]}},{"type":"Feature","properties":{"id":1436,"name":"Fairview Industrial","structure":"EMPLOYMENT","special":false,"revenue":4334569,"m2_sampled":11046,"m2_local":13911,"m2_shared":26078},"geometry":{"type":"MultiPolygon","coordinates":[[[[-114.06972,50.99248],[-114.06667,50.99616],[-114.06009,50.99633],[-114.05657,50.99282],[-114.05962,50.98914],[-114.06619,50.98897],[-114.06972,50.99248]]]]}},{"type":"Feature","properties":{"id":1437,"name":"Fairview","structure":"1950s","special":false,"revenue":1973713,"m2_sampled":41927,"m2_local":18892,"m2_shared":0},"geometry":{"type":"MultiPolygon","coordinates":[[[[-114.06924,50.98529],[-114.06619,50.98897],[-114.05962,50.98914],[-114.0561,50.98564],[-114.05915,50.98196],[-114.06572,50.98179],[-114.06924,50.98529]]]]}},{"type":"Feature","properties":{"id":1438,"name":"Acadia","structure":"1960s/1970s","special":false,"revenue":2061802,"m2_sampled":30274,"m2_local":10149,"m2_shared":12955},"geometry":{"type":"MultiPolygon","coordinates":[[[[-114.06877,50.97811],[-114.06572,50.98179],[-114.05915,50.98196],[-114.05563,50.97845],[-114.05868,50.97478],[-114.06525,50.9746],[-114.06877,50.97811]]]]}},{"type":"Feature","properties":{"id":1439,"name":"Acadia","structure":"1960s/1970s","special":false,"revenue":1376153,"m2_sampled":30367,"m2_local":17352,"m2_shared":0},"geometry":{"type":"MultiPolygon","coordinates":[[[[-114.06829,50.97093],[-114.06525,50.9746],[-114.05868,50.97478],[-114.05516,50.97127],[-114.0582,50.96759],[-114.06477,50.96742],[-114.06829,50.97093]]]]}},{"type":"Feature","properties":{"id":1440,"name":"Willow Park","structure":"1960s/1970s","special":false,"revenue":2352919,"m2_sampled":52625,"m2_local":8810,"m2_shared":18926},"geometry":{"type":"MultiPolygon","coordinates":[[[[-114.06782,50.96374],[-114.06477,50.96742],[-114.0582,50.96759],[-114.05468,50.96409],[-114.05773,50.96041],[-114.0643,50.96024],[-114.06782,50.96374]]]]}},{"type":"Feature","properties":{"id":1441,"name":"Willow Park","structure":"1960s/1970s","special":false,"revenue":1486860,"m2_sampled":25523,"m2_local":24166,"m2_shared":0},"geometry":{"type":"MultiPolygon","coordinates":[[[[-114.06735,50.95656],[-114.0643,50.96024],[-114.05773,50.96041],[-114.05421,50.9569],[-114.05726,50.95323],[-114.06383,50.95305],[-114.06735,50.95656]]]]}},{"type":"Feature","properties":{"id":1442,"name":"Willow Park","structure":"1960s/1970s","special":false,"revenue":2075854,"m2_sampled":25757,"m2_local":24741,"m2_shared":29953},"geometry":{"type":"MultiPolygon","coordinates":[[[[-114.06687,50.94937],[-114.06383,50.95305],[-114.05726,50.95323],[-114.05374,50.94972],[-114.05679,50.94604],[-114.06335,50.94587],[-114.06687,50.94937]]]]}},{"type":"Feature","properties":{"id":1443,"name":"Lake Bonavista","structure":"1960s/1970s","special":false,"revenue":1926749,"m2_sampled":36068,"m2_local":28889,"m2_shared":0},"geometry":{"type":"MultiPolygon","coordinates":[[[[-114.0664,50.94219],[-114.06335,50.94587],[-114.05679,50.94604],[-114.05327,50.94254],[-114.05632,50.93886],[-114.06288,50.93869],[-114.0664,50.94219]]]]}},{"type":"Feature","properties":{"id":1444,"name":"Lake Bonavista","structure":"1960s/1970s","special":false,"revenue":2162853,"m2_sampled":43869,"m2_local":6783,"m2_shared":0},"geometry":{"type":"MultiPolygon","coordinates":[[[[-114.06593,50.93501],[-114.06288,50.93869],[-114.05632,50.93886],[-114.0528,50.93535],[-114.05585,50.93167],[-114.06241,50.9315],[-114.06593,50.93501]]]]}},{"type":"Feature","properties":{"id":1445,"name":"Fish Creek Park","structure":"PARKS","special":true,"revenue":259962,"m2_sampled":7375,"m2_local":2387,"m2_shared":14483},"geometry":{"type":"MultiPolygon","coordinates":[[[[-114.06545,50.92782],[-114.06241,50.9315],[-114.05585,50.93167],[-114.05233,50.92817],[-114.05537,50.92449],[-114.06194,50.92432],[-114.06545,50.92782]]]]}},{"type":"Feature","properties":{"id":1446,"name":"Midnapore","structure":"1960s/1970s","special":false,"revenue":882304,"m2_sampled":33495,"m2_local":0,"m2_shared":0},"geometry":{"type":"MultiPolygon","coordinates":[[[[-114.06498,50.92064],[-114.06194,50.92432],[-114.05537,50.92449],[-114.05186,50.92098],[-114.0549,50.91731],[-114.06146,50.91713],[-114.06498,50.92064]]]]}},{"type":"Feature","properties":{"id":1447,"name":"Midnapore","structure":"1960s/1970s","special":false,"revenue":2039735,"m2_sampled":39225,"m2_local":28661,"m2_shared":0},"geometry":{"type":"MultiPolygon","coordinates":[[[[-114.06451,50.91346],[-114.06146,50.91713],[-114.0549,50.91731],[-114.05139,50.9138],[-114.05443,50.91012],[-114.06099,50.90995],[-114.06451,50.91346]]]]}},{"type":"Feature","properties":{"id":1448,"name":"Midnapore","structure":"1960s/1970s","special":false,"revenue":2109233,"m2_sampled":28877,"m2_local":22661,"m2_shared":43221},"geometry":{"type":"MultiPolygon","coordinates":[[[[-114.06404,50.90627],[-114.06099,50.90995],[-114.05443,50.91012],[-114.05092,50.90662],[-114.05396,50.90294],[-114.06052,50.90277],[-114.06404,50.90627]]]]}},{"type":"Feature","properties":{"id":1449,"name":"Sundance","structure":"1980s/1990s","special":false,"revenue":2879424,"m2_sampled":23897,"m2_local":23539,"m2_shared":23203},"geometry":{"type":"MultiPolygon","coordinates":[[[[-114.06356,50.89909],[-114.06052,50.90277],[-114.05396,50.90294],[-114.05045,50.89943],[-114.05349,50.89575],[-114.06005,50.89558],[-114.06356,50.89909]]]]}},{"type":"Feature","properties":{"id":1450,"name":"Silverado","structure":"BUILDING OUT","special":false,"revenue":50586,"m2_sampled":0,"m2_local":0,"m2_shared":16796},"geometry":{"type":"MultiPolygon","coordinates":[[[[-114.06309,50.8919],[-114.06005,50.89558],[-114.05349,50.89575],[-114.04998,50.89225],[-114.05302,50.88857],[-114.05958,50.8884],[-114.06309,50.8919]]]]}},{"type":"Feature","properties":{"id":1451,"name":"Silverado","structure":"BUILDING OUT","special":false,"revenue":302972,"m2_sampled":0,"m2_local":0,"m2_shared":2652},"geometry":{"type":"MultiPolygon","coordinates":[[[[-114.06262,50.88472],[-114.05958,50.8884],[-114.05302,50.88857],[-114.04951,50.88506],[-114.05255,50.88139],[-114.05911,50.88121],[-114.06262,50.88472]]]]}},{"type":"Feature","properties":{"id":1452,"name":"Silverado","structure":"BUILDING OUT","special":false,"revenue":249140,"m2_sampled":7452,"m2_local":0,"m2_shared":0},"geometry":{"type":"MultiPolygon","coordinates":[[[[-114.06215,50.87754],[-114.05911,50.88121],[-114.05255,50.88139],[-114.04904,50.87788],[-114.05208,50.8742],[-114.05864,50.87403],[-114.06215,50.87754]]]]}},{"type":"Feature","properties":{"id":1453,"name":"Belmont","structure":"BUILDING OUT","special":false,"revenue":268448,"m2_sampled":3754,"m2_local":2580,"m2_shared":14574},"geometry":{"type":"MultiPolygon","coordinates":[[[[-114.06168,50.87035],[-114.05864,50.87403],[-114.05208,50.8742],[-114.04857,50.8707],[-114.05161,50.86702],[-114.05817,50.86685],[-114.06168,50.87035]]]]}},{"type":"Feature","properties":{"id":1454,"name":"Belmont","structure":"BUILDING OUT","special":false,"revenue":711874,"m2_sampled":17338,"m2_local":2225,"m2_shared":21272},"geometry":{"type":"MultiPolygon","coordinates":[[[[-114.06121,50.86317],[-114.05817,50.86685],[-114.05161,50.86702],[-114.0481,50.86351],[-114.05114,50.85983],[-114.0577,50.85966],[-114.06121,50.86317]]]]}},{"type":"Feature","properties":{"id":1455,"name":"13m","structure":"UNDEVELOPED","special":true,"revenue":25695,"m2_sampled":0,"m2_local":0,"m2_shared":0},"geometry":{"type":"MultiPolygon","coordinates":[[[[-114.06074,50.85598],[-114.0577,50.85966],[-114.05114,50.85983],[-114.04763,50.85633],[-114.05067,50.85265],[-114.05723,50.85248],[-114.06074,50.85598]]]]}},{"type":"Feature","properties":{"id":1456,"name":"13m","structure":"UNDEVELOPED","special":true,"revenue":47035,"m2_sampled":0,"m2_local":0,"m2_shared":0},"geometry":{"type":"MultiPolygon","coordinates":[[[[-114.04766,50.84877],[-114.04766,50.84854],[-114.04795,50.84854],[-114.04802,50.84854],[-114.05198,50.84853],[-114.05241,50.84853],[-114.05937,50.84853],[-114.05999,50.84853],[-114.06027,50.8488],[-114.05723,50.85248],[-114.05067,50.85265],[-114.04716,50.84914],[-114.04748,50.84877],[-114.04766,50.84877]]]]}},{"type":"Feature","properties":{"id":1459,"name":"03w","structure":"OTHER","special":true,"revenue":1062,"m2_sampled":0,"m2_local":4371,"m2_shared":266},"geometry":{"type":"MultiPolygon","coordinates":[[[[-114.07148,51.2124],[-114.07119,51.2124],[-114.07119,51.21235],[-114.06519,51.21236],[-114.06136,51.21237],[-114.06116,51.21218],[-114.06423,51.2085],[-114.07083,51.20833],[-114.07437,51.21183],[-114.07391,51.21239],[-114.07148,51.2124]]]]}},{"type":"Feature","properties":{"id":1460,"name":"03w","structure":"OTHER","special":true,"revenue":52911,"m2_sampled":0,"m2_local":6863,"m2_shared":0},"geometry":{"type":"MultiPolygon","coordinates":[[[[-114.07389,51.20465],[-114.07083,51.20833],[-114.06423,51.2085],[-114.06069,51.205],[-114.06375,51.20132],[-114.07035,51.20115],[-114.07389,51.20465]]]]}},{"type":"Feature","properties":{"id":1461,"name":"Livingston","structure":"BUILDING OUT","special":false,"revenue":45634,"m2_sampled":0,"m2_local":5607,"m2_shared":0},"geometry":{"type":"MultiPolygon","coordinates":[[[[-114.07341,51.19747],[-114.07035,51.20115],[-114.06375,51.20132],[-114.06021,51.19781],[-114.06327,51.19414],[-114.06987,51.19396],[-114.07341,51.19747]]]]}},{"type":"Feature","properties":{"id":1462,"name":"Livingston","structure":"BUILDING OUT","special":false,"revenue":1127800,"m2_sampled":28082,"m2_local":6680,"m2_shared":0},"geometry":{"type":"MultiPolygon","coordinates":[[[[-114.07293,51.19028],[-114.06987,51.19396],[-114.06327,51.19414],[-114.05973,51.19063],[-114.0628,51.18695],[-114.06939,51.18678],[-114.07293,51.19028]]]]}},{"type":"Feature","properties":{"id":1463,"name":"Livingston","structure":"BUILDING OUT","special":false,"revenue":1487237,"m2_sampled":20254,"m2_local":4068,"m2_shared":24202},"geometry":{"type":"MultiPolygon","coordinates":[[[[-114.07246,51.1831],[-114.06939,51.18678],[-114.0628,51.18695],[-114.05926,51.18345],[-114.06232,51.17977],[-114.06892,51.1796],[-114.07246,51.1831]]]]}},{"type":"Feature","properties":{"id":1464,"name":"Livingston","structure":"BUILDING OUT","special":false,"revenue":96077,"m2_sampled":0,"m2_local":0,"m2_shared":13800},"geometry":{"type":"MultiPolygon","coordinates":[[[[-114.07198,51.17592],[-114.06892,51.1796],[-114.06232,51.17977],[-114.05878,51.17626],[-114.06184,51.17259],[-114.06844,51.17241],[-114.07198,51.17592]]]]}},{"type":"Feature","properties":{"id":1465,"name":"Coventry Hills","structure":"2000s","special":false,"revenue":1525989,"m2_sampled":35678,"m2_local":11460,"m2_shared":17151},"geometry":{"type":"MultiPolygon","coordinates":[[[[-114.0715,51.16873],[-114.06844,51.17241],[-114.06184,51.17259],[-114.05831,51.16908],[-114.06137,51.1654],[-114.06796,51.16523],[-114.0715,51.16873]]]]}},{"type":"Feature","properties":{"id":1466,"name":"Coventry Hills","structure":"2000s","special":false,"revenue":2943174,"m2_sampled":23053,"m2_local":40053,"m2_shared":315},"geometry":{"type":"MultiPolygon","coordinates":[[[[-114.07102,51.16155],[-114.06796,51.16523],[-114.06137,51.1654],[-114.05783,51.1619],[-114.06089,51.15822],[-114.06749,51.15805],[-114.07102,51.16155]]]]}},{"type":"Feature","properties":{"id":1467,"name":"Country Hills Village","structure":"2000s","special":false,"revenue":2950644,"m2_sampled":19995,"m2_local":17091,"m2_shared":42433},"geometry":{"type":"MultiPolygon","coordinates":[[[[-114.07055,51.15437],[-114.06749,51.15805],[-114.06089,51.15822],[-114.05736,51.15471],[-114.06042,51.15103],[-114.06701,51.15086],[-114.07055,51.15437]]]]}},{"type":"Feature","properties":{"id":1468,"name":"Harvest Hills","structure":"1980s/1990s","special":false,"revenue":1643692,"m2_sampled":47926,"m2_local":19453,"m2_shared":19218},"geometry":{"type":"MultiPolygon","coordinates":[[[[-114.07007,51.14718],[-114.06701,51.15086],[-114.06042,51.15103],[-114.05688,51.14753],[-114.05994,51.14385],[-114.06653,51.14368],[-114.07007,51.14718]]]]}},{"type":"Feature","properties":{"id":1469,"name":"Aurora Business Park","structure":"EMPLOYMENT","special":false,"revenue":2334877,"m2_sampled":11569,"m2_local":783,"m2_shared":21882},"geometry":{"type":"MultiPolygon","coordinates":[[[[-114.06959,51.14],[-114.06653,51.14368],[-114.05994,51.14385],[-114.05641,51.14035],[-114.05946,51.13667],[-114.06606,51.13649],[-114.06959,51.14]]]]}},{"type":"Feature","properties":{"id":1470,"name":"Aurora Business Park","structure":"EMPLOYMENT","special":false,"revenue":657322,"m2_sampled":14008,"m2_local":0,"m2_shared":24945},"geometry":{"type":"MultiPolygon","coordinates":[[[[-114.06911,51.13282],[-114.06606,51.13649],[-114.05946,51.13667],[-114.05593,51.13316],[-114.05899,51.12948],[-114.06558,51.12931],[-114.06911,51.13282]]]]}},{"type":"Feature","properties":{"id":1471,"name":"Beddington Heights","structure":"1960s/1970s","special":false,"revenue":1454415,"m2_sampled":52488,"m2_local":6964,"m2_shared":21476},"geometry":{"type":"MultiPolygon","coordinates":[[[[-114.06864,51.12563],[-114.06558,51.12931],[-114.05899,51.12948],[-114.05546,51.12598],[-114.05851,51.1223],[-114.0651,51.12213],[-114.06864,51.12563]]]]}},{"type":"Feature","properties":{"id":1472,"name":"Huntington Hills","structure":"1960s/1970s","special":false,"revenue":1361187,"m2_sampled":49346,"m2_local":14405,"m2_shared":0},"geometry":{"type":"MultiPolygon","coordinates":[[[[-114.06816,51.11845],[-114.0651,51.12213],[-114.05851,51.1223],[-114.05498,51.11879],[-114.05804,51.11512],[-114.06463,51.11494],[-114.06816,51.11845]]]]}},{"type":"Feature","properties":{"id":1473,"name":"Huntington Hills","structure":"1960s/1970s","special":false,"revenue":1762266,"m2_sampled":25887,"m2_local":11896,"m2_shared":44396},"geometry":{"type":"MultiPolygon","coordinates":[[[[-114.06769,51.11127],[-114.06463,51.11494],[-114.05804,51.11512],[-114.05451,51.11161],[-114.05757,51.10793],[-114.06415,51.10776],[-114.06769,51.11127]]]]}},{"type":"Feature","properties":{"id":1474,"name":"Thorncliffe","structure":"1950s","special":false,"revenue":1243977,"m2_sampled":41436,"m2_local":15319,"m2_shared":8808},"geometry":{"type":"MultiPolygon","coordinates":[[[[-114.06721,51.10408],[-114.06415,51.10776],[-114.05757,51.10793],[-114.05403,51.10443],[-114.05709,51.10075],[-114.06368,51.10058],[-114.06721,51.10408]]]]}},{"type":"Feature","properties":{"id":1475,"name":"Thorncliffe","structure":"1950s","special":false,"revenue":1490129,"m2_sampled":41266,"m2_local":8720,"m2_shared":27904},"geometry":{"type":"MultiPolygon","coordinates":[[[[-114.06673,51.0969],[-114.06368,51.10058],[-114.05709,51.10075],[-114.05356,51.09724],[-114.05662,51.09357],[-114.0632,51.09339],[-114.06673,51.0969]]]]}},{"type":"Feature","properties":{"id":1476,"name":"Greenview Industrial Park","structure":"EMPLOYMENT","special":false,"revenue":3004572,"m2_sampled":33551,"m2_local":14214,"m2_shared":8808},"geometry":{"type":"MultiPolygon","coordinates":[[[[-114.06626,51.08972],[-114.0632,51.09339],[-114.05662,51.09357],[-114.05309,51.09006],[-114.05614,51.08638],[-114.06273,51.08621],[-114.06626,51.08972]]]]}},{"type":"Feature","properties":{"id":1477,"name":"Highland Park","structure":"1950s","special":false,"revenue":2598505,"m2_sampled":45804,"m2_local":8489,"m2_shared":12729},"geometry":{"type":"MultiPolygon","coordinates":[[[[-114.06578,51.08253],[-114.06273,51.08621],[-114.05614,51.08638],[-114.05261,51.08288],[-114.05567,51.0792],[-114.06225,51.07903],[-114.06578,51.08253]]]]}},{"type":"Feature","properties":{"id":1478,"name":"Tuxedo Park","structure":"INNER CITY","special":false,"revenue":3280768,"m2_sampled":63691,"m2_local":0,"m2_shared":15786},"geometry":{"type":"MultiPolygon","coordinates":[[[[-114.06531,51.07535],[-114.06225,51.07903],[-114.05567,51.0792],[-114.05214,51.07569],[-114.0552,51.07201],[-114.06178,51.07184],[-114.06531,51.07535]]]]}},{"type":"Feature","properties":{"id":1479,"name":"Tuxedo Park","structure":"INNER CITY","special":false,"revenue":4942523,"m2_sampled":50629,"m2_local":5122,"m2_shared":32556},"geometry":{"type":"MultiPolygon","coordinates":[[[[-114.06483,51.06816],[-114.06178,51.07184],[-114.0552,51.07201],[-114.05167,51.06851],[-114.05472,51.06483],[-114.0613,51.06466],[-114.06483,51.06816]]]]}},{"type":"Feature","properties":{"id":1480,"name":"Crescent Heights","structure":"INNER CITY","special":false,"revenue":4528055,"m2_sampled":64126,"m2_local":8561,"m2_shared":13911},"geometry":{"type":"MultiPolygon","coordinates":[[[[-114.06436,51.06098],[-114.0613,51.06466],[-114.05472,51.06483],[-114.05119,51.06133],[-114.05425,51.05765],[-114.06083,51.05748],[-114.06436,51.06098]]]]}},{"type":"Feature","properties":{"id":1481,"name":"Crescent Heights","structure":"INNER CITY","special":false,"revenue":3166880,"m2_sampled":42893,"m2_local":207,"m2_shared":29526},"geometry":{"type":"MultiPolygon","coordinates":[[[[-114.06388,51.0538],[-114.06083,51.05748],[-114.05425,51.05765],[-114.05072,51.05414],[-114.05378,51.05046],[-114.06036,51.05029],[-114.06388,51.0538]]]]}},{"type":"Feature","properties":{"id":1482,"name":"Downtown Commercial Core","structure":"CENTRE CITY","special":false,"revenue":30087865,"m2_sampled":11735,"m2_local":15183,"m2_shared":53045},"geometry":{"type":"MultiPolygon","coordinates":[[[[-114.06341,51.04661],[-114.06036,51.05029],[-114.05378,51.05046],[-114.05025,51.04696],[-114.0533,51.04328],[-114.05988,51.04311],[-114.06341,51.04661]]]]}},{"type":"Feature","properties":{"id":1483,"name":"Beltline","structure":"CENTRE CITY","special":false,"revenue":15010298,"m2_sampled":13574,"m2_local":0,"m2_shared":32834},"geometry":{"type":"MultiPolygon","coordinates":[[[[-114.06293,51.03943],[-114.05988,51.04311],[-114.0533,51.04328],[-114.04978,51.03977],[-114.05283,51.0361],[-114.05941,51.03592],[-114.06293,51.03943]]]]}},{"type":"Feature","properties":{"id":1484,"name":"Beltline","structure":"CENTRE CITY","special":false,"revenue":1185896,"m2_sampled":4764,"m2_local":14496,"m2_shared":18847},"geometry":{"type":"MultiPolygon","coordinates":[[[[-114.06246,51.03225],[-114.05941,51.03592],[-114.05283,51.0361],[-114.04931,51.03259],[-114.05236,51.02891],[-114.05894,51.02874],[-114.06246,51.03225]]]]}},{"type":"Feature","properties":{"id":1485,"name":"Manchester Industrial","structure":"EMPLOYMENT","special":false,"revenue":2177410,"m2_sampled":1968,"m2_local":0,"m2_shared":13254},"geometry":{"type":"MultiPolygon","coordinates":[[[[-114.06199,51.02506],[-114.05894,51.02874],[-114.05236,51.02891],[-114.04883,51.02541],[-114.05189,51.02173],[-114.05846,51.02156],[-114.06199,51.02506]]]]}},{"type":"Feature","properties":{"id":1486,"name":"Manchester Industrial","structure":"EMPLOYMENT","special":false,"revenue":3558378,"m2_sampled":0,"m2_local":6226,"m2_shared":9464},"geometry":{"type":"MultiPolygon","coordinates":[[[[-114.06151,51.01788],[-114.05846,51.02156],[-114.05189,51.02173],[-114.04836,51.01822],[-114.05141,51.01455],[-114.05799,51.01437],[-114.06151,51.01788]]]]}},{"type":"Feature","properties":{"id":1487,"name":"Manchester Industrial","structure":"EMPLOYMENT","special":false,"revenue":3543541,"m2_sampled":1201,"m2_local":11108,"m2_shared":7694},"geometry":{"type":"MultiPolygon","coordinates":[[[[-114.06104,51.0107],[-114.05799,51.01437],[-114.05141,51.01455],[-114.04789,51.01104],[-114.05094,51.00736],[-114.05752,51.00719],[-114.06104,51.0107]]]]}},{"type":"Feature","properties":{"id":1488,"name":"Manchester Industrial","structure":"EMPLOYMENT","special":false,"revenue":4194924,"m2_sampled":0,"m2_local":62,"m2_shared":19573},"geometry":{"type":"MultiPolygon","coordinates":[[[[-114.06057,51.00351],[-114.05752,51.00719],[-114.05094,51.00736],[-114.04742,51.00386],[-114.05047,51.00018],[-114.05704,51.00001],[-114.06057,51.00351]]]]}},{"type":"Feature","properties":{"id":1489,"name":"Manchester Industrial","structure":"EMPLOYMENT","special":false,"revenue":2741966,"m2_sampled":450,"m2_local":0,"m2_shared":57620},"geometry":{"type":"MultiPolygon","coordinates":[[[[-114.06009,50.99633],[-114.05704,51.00001],[-114.05047,51.00018],[-114.04695,50.99667],[-114.05,50.99299],[-114.05657,50.99282],[-114.06009,50.99633]]]]}},{"type":"Feature","properties":{"id":1490,"name":"Fairview Industrial","structure":"EMPLOYMENT","special":false,"revenue":2813101,"m2_sampled":18429,"m2_local":6342,"m2_shared":27815},"geometry":{"type":"MultiPolygon","coordinates":[[[[-114.05962,50.98914],[-114.05657,50.99282],[-114.05,50.99299],[-114.04648,50.98949],[-114.04953,50.98581],[-114.0561,50.98564],[-114.05962,50.98914]]]]}},{"type":"Feature","properties":{"id":1491,"name":"Fairview","structure":"1950s","special":false,"revenue":2230768,"m2_sampled":35734,"m2_local":0,"m2_shared":47253},"geometry":{"type":"MultiPolygon","coordinates":[[[[-114.05915,50.98196],[-114.0561,50.98564],[-114.04953,50.98581],[-114.04601,50.9823],[-114.04906,50.97863],[-114.05563,50.97845],[-114.05915,50.98196]]]]}},{"type":"Feature","properties":{"id":1492,"name":"Acadia","structure":"1960s/1970s","special":false,"revenue":1413930,"m2_sampled":58369,"m2_local":4002,"m2_shared":6174},"geometry":{"type":"MultiPolygon","coordinates":[[[[-114.05868,50.97478],[-114.05563,50.97845],[-114.04906,50.97863],[-114.04554,50.97512],[-114.04859,50.97144],[-114.05516,50.97127],[-114.05868,50.97478]]]]}},{"type":"Feature","properties":{"id":1493,"name":"Acadia","structure":"1960s/1970s","special":false,"revenue":1579162,"m2_sampled":52489,"m2_local":9771,"m2_shared":456},"geometry":{"type":"MultiPolygon","coordinates":[[[[-114.0582,50.96759],[-114.05516,50.97127],[-114.04859,50.97144],[-114.04507,50.96794],[-114.04812,50.96426],[-114.05468,50.96409],[-114.0582,50.96759]]]]}},{"type":"Feature","properties":{"id":1494,"name":"Willow Park","structure":"1960s/1970s","special":false,"revenue":1521692,"m2_sampled":39755,"m2_local":14582,"m2_shared":10097},"geometry":{"type":"MultiPolygon","coordinates":[[[[-114.05773,50.96041],[-114.05468,50.96409],[-114.04812,50.96426],[-114.0446,50.96075],[-114.04765,50.95707],[-114.05421,50.9569],[-114.05773,50.96041]]]]}},{"type":"Feature","properties":{"id":1495,"name":"Willow Park","structure":"1960s/1970s","special":false,"revenue":1338462,"m2_sampled":39087,"m2_local":0,"m2_shared":0},"geometry":{"type":"MultiPolygon","coordinates":[[[[-114.05726,50.95323],[-114.05421,50.9569],[-114.04765,50.95707],[-114.04413,50.95357],[-114.04717,50.94989],[-114.05374,50.94972],[-114.05726,50.95323]]]]}},{"type":"Feature","properties":{"id":1496,"name":"Lake Bonavista","structure":"1960s/1970s","special":false,"revenue":1859211,"m2_sampled":44752,"m2_local":10204,"m2_shared":14591},"geometry":{"type":"MultiPolygon","coordinates":[[[[-114.05679,50.94604],[-114.05374,50.94972],[-114.04717,50.94989],[-114.04366,50.94638],[-114.0467,50.94271],[-114.05327,50.94254],[-114.05679,50.94604]]]]}},{"type":"Feature","properties":{"id":1497,"name":"Lake Bonavista","structure":"1960s/1970s","special":false,"revenue":1238401,"m2_sampled":18686,"m2_local":24805,"m2_shared":0},"geometry":{"type":"MultiPolygon","coordinates":[[[[-114.05632,50.93886],[-114.05327,50.94254],[-114.0467,50.94271],[-114.04319,50.9392],[-114.04623,50.93552],[-114.0528,50.93535],[-114.05632,50.93886]]]]}},{"type":"Feature","properties":{"id":1498,"name":"Lake Bonavista","structure":"1960s/1970s","special":false,"revenue":1459447,"m2_sampled":36269,"m2_local":14121,"m2_shared":17413},"geometry":{"type":"MultiPolygon","coordinates":[[[[-114.05585,50.93167],[-114.0528,50.93535],[-114.04623,50.93552],[-114.04272,50.93202],[-114.04577,50.92834],[-114.05233,50.92817],[-114.05585,50.93167]]]]}},{"type":"Feature","properties":{"id":1499,"name":"Fish Creek Park","structure":"PARKS","special":true,"revenue":0,"m2_sampled":0,"m2_local":0,"m2_shared":0},"geometry":{"type":"MultiPolygon","coordinates":[[[[-114.05537,50.92449],[-114.05233,50.92817],[-114.04577,50.92834],[-114.04225,50.92483],[-114.0453,50.92116],[-114.05186,50.92098],[-114.05537,50.92449]]]]}},{"type":"Feature","properties":{"id":1500,"name":"Midnapore","structure":"1960s/1970s","special":false,"revenue":904173,"m2_sampled":33389,"m2_local":5532,"m2_shared":0},"geometry":{"type":"MultiPolygon","coordinates":[[[[-114.0549,50.91731],[-114.05186,50.92098],[-114.0453,50.92116],[-114.04178,50.91765],[-114.04483,50.91397],[-114.05139,50.9138],[-114.0549,50.91731]]]]}},{"type":"Feature","properties":{"id":1501,"name":"Midnapore","structure":"1960s/1970s","special":false,"revenue":1159361,"m2_sampled":37433,"m2_local":21799,"m2_shared":2465},"geometry":{"type":"MultiPolygon","coordinates":[[[[-114.05443,50.91012],[-114.05139,50.9138],[-114.04483,50.91397],[-114.04131,50.91046],[-114.04436,50.90679],[-114.05092,50.90662],[-114.05443,50.91012]]]]}},{"type":"Feature","properties":{"id":1502,"name":"Sundance","structure":"1980s/1990s","special":false,"revenue":1243087,"m2_sampled":33139,"m2_local":21214,"m2_shared":9534},"geometry":{"type":"MultiPolygon","coordinates":[[[[-114.05396,50.90294],[-114.05092,50.90662],[-114.04436,50.90679],[-114.04084,50.90328],[-114.04389,50.8996],[-114.05045,50.89943],[-114.05396,50.90294]]]]}},{"type":"Feature","properties":{"id":1503,"name":"Sundance","structure":"1980s/1990s","special":false,"revenue":1550596,"m2_sampled":48389,"m2_local":8600,"m2_shared":0},"geometry":{"type":"MultiPolygon","coordinates":[[[[-114.05349,50.89575],[-114.05045,50.89943],[-114.04389,50.8996],[-114.04037,50.8961],[-114.04342,50.89242],[-114.04998,50.89225],[-114.05349,50.89575]]]]}},{"type":"Feature","properties":{"id":1504,"name":"Chaparral","structure":"2010s","special":false,"revenue":1321429,"m2_sampled":26581,"m2_local":6259,"m2_shared":14599},"geometry":{"type":"MultiPolygon","coordinates":[[[[-114.05302,50.88857],[-114.04998,50.89225],[-114.04342,50.89242],[-114.03991,50.88891],[-114.04295,50.88524],[-114.04951,50.88506],[-114.05302,50.88857]]]]}},{"type":"Feature","properties":{"id":1505,"name":"Chaparral","structure":"2010s","special":false,"revenue":1375610,"m2_sampled":30205,"m2_local":9134,"m2_shared":20685},"geometry":{"type":"MultiPolygon","coordinates":[[[[-114.05255,50.88139],[-114.04951,50.88506],[-114.04295,50.88524],[-114.03944,50.88173],[-114.04248,50.87805],[-114.04904,50.87788],[-114.05255,50.88139]]]]}},{"type":"Feature","properties":{"id":1506,"name":"Belmont","structure":"BUILDING OUT","special":false,"revenue":334688,"m2_sampled":3696,"m2_local":0,"m2_shared":48767},"geometry":{"type":"MultiPolygon","coordinates":[[[[-114.05208,50.8742],[-114.04904,50.87788],[-114.04248,50.87805],[-114.03897,50.87454],[-114.04201,50.87087],[-114.04857,50.8707],[-114.05208,50.8742]]]]}},{"type":"Feature","properties":{"id":1507,"name":"Belmont","structure":"BUILDING OUT","special":false,"revenue":40525,"m2_sampled":0,"m2_local":0,"m2_shared":25862},"geometry":{"type":"MultiPolygon","coordinates":[[[[-114.05161,50.86702],[-114.04857,50.8707],[-114.04201,50.87087],[-114.0385,50.86736],[-114.04155,50.86368],[-114.0481,50.86351],[-114.05161,50.86702]]]]}},{"type":"Feature","properties":{"id":1508,"name":"13m","structure":"UNDEVELOPED","special":true,"revenue":18904,"m2_sampled":0,"m2_local":0,"m2_shared":0},"geometry":{"type":"MultiPolygon","coordinates":[[[[-114.05114,50.85983],[-114.0481,50.86351],[-114.04155,50.86368],[-114.03804,50.86018],[-114.04108,50.8565],[-114.04763,50.85633],[-114.05114,50.85983]]]]}},{"type":"Feature","properties":{"id":1509,"name":"13m","structure":"UNDEVELOPED","special":true,"revenue":36633,"m2_sampled":0,"m2_local":0,"m2_shared":0},"geometry":{"type":"MultiPolygon","coordinates":[[[[-114.05067,50.85265],[-114.04763,50.85633],[-114.04108,50.8565],[-114.03757,50.85299],[-114.04061,50.84932],[-114.04716,50.84914],[-114.05067,50.85265]]]]}},{"type":"Feature","properties":{"id":1510,"name":"13m","structure":"UNDEVELOPED","special":true,"revenue":51,"m2_sampled":0,"m2_local":0,"m2_shared":0},"geometry":{"type":"MultiPolygon","coordinates":[[[[-114.04196,50.84877],[-114.04748,50.84877],[-114.04716,50.84914],[-114.04061,50.84932],[-114.04007,50.84877],[-114.04196,50.84877]]]]}},{"type":"Feature","properties":{"id":1513,"name":"03w","structure":"OTHER","special":true,"revenue":1770,"m2_sampled":0,"m2_local":0,"m2_shared":0},"geometry":{"type":"MultiPolygon","coordinates":[[[[-114.05973,51.21238],[-114.05453,51.21239],[-114.05456,51.21235],[-114.06116,51.21218],[-114.06136,51.21237],[-114.05973,51.21238]]]]}},{"type":"Feature","properties":{"id":1514,"name":"03w","structure":"OTHER","special":true,"revenue":37130,"m2_sampled":0,"m2_local":0,"m2_shared":0},"geometry":{"type":"MultiPolygon","coordinates":[[[[-114.06423,51.2085],[-114.06116,51.21218],[-114.05456,51.21235],[-114.05102,51.20885],[-114.05408,51.20517],[-114.06069,51.205],[-114.06423,51.2085]]]]}},{"type":"Feature","properties":{"id":1515,"name":"03w","structure":"OTHER","special":true,"revenue":7210,"m2_sampled":0,"m2_local":0,"m2_shared":0},"geometry":{"type":"MultiPolygon","coordinates":[[[[-114.06375,51.20132],[-114.06069,51.205],[-114.05408,51.20517],[-114.05055,51.20166],[-114.05361,51.19799],[-114.06021,51.19781],[-114.06375,51.20132]]]]}},{"type":"Feature","properties":{"id":1516,"name":"Livingston","structure":"BUILDING OUT","special":false,"revenue":377935,"m2_sampled":12546,"m2_local":0,"m2_shared":0},"geometry":{"type":"MultiPolygon","coordinates":[[[[-114.06327,51.19414],[-114.06021,51.19781],[-114.05361,51.19799],[-114.05007,51.19448],[-114.05313,51.1908],[-114.05973,51.19063],[-114.06327,51.19414]]]]}},{"type":"Feature","properties":{"id":1517,"name":"Livingston","structure":"BUILDING OUT","special":false,"revenue":2720224,"m2_sampled":66993,"m2_local":0,"m2_shared":1535},"geometry":{"type":"MultiPolygon","coordinates":[[[[-114.0628,51.18695],[-114.05973,51.19063],[-114.05313,51.1908],[-114.0496,51.1873],[-114.05266,51.18362],[-114.05926,51.18345],[-114.0628,51.18695]]]]}},{"type":"Feature","properties":{"id":1518,"name":"Livingston","structure":"BUILDING OUT","special":false,"revenue":80309,"m2_sampled":98,"m2_local":0,"m2_shared":4441},"geometry":{"type":"MultiPolygon","coordinates":[[[[-114.06232,51.17977],[-114.05926,51.18345],[-114.05266,51.18362],[-114.04912,51.18011],[-114.05218,51.17644],[-114.05878,51.17626],[-114.06232,51.17977]]]]}},{"type":"Feature","properties":{"id":1519,"name":"Coventry Hills","structure":"2000s","special":false,"revenue":1303039,"m2_sampled":31006,"m2_local":3743,"m2_shared":0},"geometry":{"type":"MultiPolygon","coordinates":[[[[-114.06184,51.17259],[-114.05878,51.17626],[-114.05218,51.17644],[-114.04865,51.17293],[-114.05171,51.16925],[-114.05831,51.16908],[-114.06184,51.17259]]]]}},{"type":"Feature","properties":{"id":1520,"name":"Coventry Hills","structure":"2000s","special":false,"revenue":1960319,"m2_sampled":55855,"m2_local":34192,"m2_shared":0},"geometry":{"type":"MultiPolygon","coordinates":[[[[-114.06137,51.1654],[-114.05831,51.16908],[-114.05171,51.16925],[-114.04817,51.16575],[-114.05123,51.16207],[-114.05783,51.1619],[-114.06137,51.1654]]]]}},{"type":"Feature","properties":{"id":1521,"name":"Country Hills Village","structure":"2000s","special":false,"revenue":2867891,"m2_sampled":55782,"m2_local":26802,"m2_shared":200},"geometry":{"type":"MultiPolygon","coordinates":[[[[-114.06089,51.15822],[-114.05783,51.1619],[-114.05123,51.16207],[-114.0477,51.15856],[-114.05076,51.15489],[-114.05736,51.15471],[-114.06089,51.15822]]]]}},{"type":"Feature","properties":{"id":1522,"name":"Harvest Hills","structure":"1980s/1990s","special":false,"revenue":1752595,"m2_sampled":43769,"m2_local":14772,"m2_shared":15159},"geometry":{"type":"MultiPolygon","coordinates":[[[[-114.06042,51.15103],[-114.05736,51.15471],[-114.05076,51.15489],[-114.04723,51.15138],[-114.05029,51.1477],[-114.05688,51.14753],[-114.06042,51.15103]]]]}},{"type":"Feature","properties":{"id":1523,"name":"Harvest Hills","structure":"1980s/1990s","special":false,"revenue":1710780,"m2_sampled":40364,"m2_local":16166,"m2_shared":15495},"geometry":{"type":"MultiPolygon","coordinates":[[[[-114.05994,51.14385],[-114.05688,51.14753],[-114.05029,51.1477],[-114.04675,51.1442],[-114.04981,51.14052],[-114.05641,51.14035],[-114.05994,51.14385]]]]}},{"type":"Feature","properties":{"id":1524,"name":"Aurora Business Park","structure":"EMPLOYMENT","special":false,"revenue":522137,"m2_sampled":0,"m2_local":0,"m2_shared":0},"geometry":{"type":"MultiPolygon","coordinates":[[[[-114.05946,51.13667],[-114.05641,51.14035],[-114.04981,51.14052],[-114.04628,51.13701],[-114.04934,51.13333],[-114.05593,51.13316],[-114.05946,51.13667]]]]}},{"type":"Feature","properties":{"id":1525,"name":"Aurora Business Park","structure":"EMPLOYMENT","special":false,"revenue":403873,"m2_sampled":11220,"m2_local":0,"m2_shared":33539},"geometry":{"type":"MultiPolygon","coordinates":[[[[-114.05899,51.12948],[-114.05593,51.13316],[-114.04934,51.13333],[-114.04581,51.12983],[-114.04887,51.12615],[-114.05546,51.12598],[-114.05899,51.12948]]]]}},{"type":"Feature","properties":{"id":1526,"name":"Huntington Hills","structure":"1960s/1970s","special":false,"revenue":922877,"m2_sampled":42930,"m2_local":1415,"m2_shared":14150},"geometry":{"type":"MultiPolygon","coordinates":[[[[-114.05851,51.1223],[-114.05546,51.12598],[-114.04887,51.12615],[-114.04533,51.12264],[-114.04839,51.11897],[-114.05498,51.11879],[-114.05851,51.1223]]]]}},{"type":"Feature","properties":{"id":1527,"name":"Huntington Hills","structure":"1960s/1970s","special":false,"revenue":1432284,"m2_sampled":26553,"m2_local":7435,"m2_shared":15555},"geometry":{"type":"MultiPolygon","coordinates":[[[[-114.05804,51.11512],[-114.05498,51.11879],[-114.04839,51.11897],[-114.04486,51.11546],[-114.04792,51.11178],[-114.05451,51.11161],[-114.05804,51.11512]]]]}},{"type":"Feature","properties":{"id":1528,"name":"Thorncliffe","structure":"1950s","special":false,"revenue":1120801,"m2_sampled":16369,"m2_local":1730,"m2_shared":14017},"geometry":{"type":"MultiPolygon","coordinates":[[[[-114.05757,51.10793],[-114.05451,51.11161],[-114.04792,51.11178],[-114.04439,51.10828],[-114.04745,51.1046],[-114.05403,51.10443],[-114.05757,51.10793]]]]}},{"type":"Feature","properties":{"id":1529,"name":"Skyline West","structure":"EMPLOYMENT","special":false,"revenue":2809519,"m2_sampled":6401,"m2_local":1151,"m2_shared":0},"geometry":{"type":"MultiPolygon","coordinates":[[[[-114.05709,51.10075],[-114.05403,51.10443],[-114.04745,51.1046],[-114.04392,51.10109],[-114.04697,51.09742],[-114.05356,51.09724],[-114.05709,51.10075]]]]}},{"type":"Feature","properties":{"id":1530,"name":"Greenview Industrial Park","structure":"EMPLOYMENT","special":false,"revenue":3335200,"m2_sampled":6223,"m2_local":1454,"m2_shared":32919},"geometry":{"type":"MultiPolygon","coordinates":[[[[-114.05662,51.09357],[-114.05356,51.09724],[-114.04697,51.09742],[-114.04344,51.09391],[-114.0465,51.09023],[-114.05309,51.09006],[-114.05662,51.09357]]]]}},{"type":"Feature","properties":{"id":1531,"name":"Greenview Industrial Park","structure":"EMPLOYMENT","special":false,"revenue":3319766,"m2_sampled":5362,"m2_local":8646,"m2_shared":33035},"geometry":{"type":"MultiPolygon","coordinates":[[[[-114.05614,51.08638],[-114.05309,51.09006],[-114.0465,51.09023],[-114.04297,51.08673],[-114.04603,51.08305],[-114.05261,51.08288],[-114.05614,51.08638]]]]}},{"type":"Feature","properties":{"id":1532,"name":"Winston Heights/Mountview","structure":"1950s","special":false,"revenue":1048284,"m2_sampled":25041,"m2_local":12957,"m2_shared":1614},"geometry":{"type":"MultiPolygon","coordinates":[[[[-114.05567,51.0792],[-114.05261,51.08288],[-114.04603,51.08305],[-114.0425,51.07954],[-114.04556,51.07586],[-114.05214,51.07569],[-114.05567,51.0792]]]]}},{"type":"Feature","properties":{"id":1533,"name":"Winston Heights/Mountview","structure":"1950s","special":false,"revenue":1822322,"m2_sampled":54493,"m2_local":8807,"m2_shared":0},"geometry":{"type":"MultiPolygon","coordinates":[[[[-114.0552,51.07201],[-114.05214,51.07569],[-114.04556,51.07586],[-114.04203,51.07236],[-114.04508,51.06868],[-114.05167,51.06851],[-114.0552,51.07201]]]]}},{"type":"Feature","properties":{"id":1534,"name":"Renfrew","structure":"INNER CITY","special":false,"revenue":1988828,"m2_sampled":46102,"m2_local":16557,"m2_shared":14792},"geometry":{"type":"MultiPolygon","coordinates":[[[[-114.05472,51.06483],[-114.05167,51.06851],[-114.04508,51.06868],[-114.04156,51.06517],[-114.04461,51.0615],[-114.05119,51.06133],[-114.05472,51.06483]]]]}},{"type":"Feature","properties":{"id":1535,"name":"Renfrew","structure":"INNER CITY","special":false,"revenue":3639796,"m2_sampled":70503,"m2_local":10033,"m2_shared":1685},"geometry":{"type":"MultiPolygon","coordinates":[[[[-114.05425,51.05765],[-114.05119,51.06133],[-114.04461,51.0615],[-114.04109,51.05799],[-114.04414,51.05431],[-114.05072,51.05414],[-114.05425,51.05765]]]]}},{"type":"Feature","properties":{"id":1536,"name":"Bridgeland/Riverside","structure":"INNER CITY","special":false,"revenue":5566739,"m2_sampled":38938,"m2_local":9323,"m2_shared":43317},"geometry":{"type":"MultiPolygon","coordinates":[[[[-114.05378,51.05046],[-114.05072,51.05414],[-114.04414,51.05431],[-114.04062,51.05081],[-114.04367,51.04713],[-114.05025,51.04696],[-114.05378,51.05046]]]]}},{"type":"Feature","properties":{"id":1537,"name":"Beltline","structure":"CENTRE CITY","special":false,"revenue":6778935,"m2_sampled":16145,"m2_local":3649,"m2_shared":10331},"geometry":{"type":"MultiPolygon","coordinates":[[[[-114.0533,51.04328],[-114.05025,51.04696],[-114.04367,51.04713],[-114.04014,51.04362],[-114.0432,51.03995],[-114.04978,51.03977],[-114.0533,51.04328]]]]}},{"type":"Feature","properties":{"id":1538,"name":"Ramsay","structure":"INNER CITY","special":false,"revenue":2188443,"m2_sampled":41404,"m2_local":374,"m2_shared":0},"geometry":{"type":"MultiPolygon","coordinates":[[[[-114.05283,51.0361],[-114.04978,51.03977],[-114.0432,51.03995],[-114.03967,51.03644],[-114.04273,51.03276],[-114.04931,51.03259],[-114.05283,51.0361]]]]}},{"type":"Feature","properties":{"id":1539,"name":"Alyth/Bonnybrook","structure":"EMPLOYMENT","special":false,"revenue":1768545,"m2_sampled":7176,"m2_local":27835,"m2_shared":7884},"geometry":{"type":"MultiPolygon","coordinates":[[[[-114.05236,51.02891],[-114.04931,51.03259],[-114.04273,51.03276],[-114.0392,51.02926],[-114.04226,51.02558],[-114.04883,51.02541],[-114.05236,51.02891]]]]}},{"type":"Feature","properties":{"id":1540,"name":"Highfield","structure":"EMPLOYMENT","special":false,"revenue":3572568,"m2_sampled":2883,"m2_local":7983,"m2_shared":21076},"geometry":{"type":"MultiPolygon","coordinates":[[[[-114.05189,51.02173],[-114.04883,51.02541],[-114.04226,51.02558],[-114.03873,51.02207],[-114.04179,51.01839],[-114.04836,51.01822],[-114.05189,51.02173]]]]}},{"type":"Feature","properties":{"id":1541,"name":"Highfield","structure":"EMPLOYMENT","special":false,"revenue":4300276,"m2_sampled":0,"m2_local":15628,"m2_shared":25026},"geometry":{"type":"MultiPolygon","coordinates":[[[[-114.05141,51.01455],[-114.04836,51.01822],[-114.04179,51.01839],[-114.03826,51.01489],[-114.04132,51.01121],[-114.04789,51.01104],[-114.05141,51.01455]]]]}},{"type":"Feature","properties":{"id":1542,"name":"Burns Industrial","structure":"EMPLOYMENT","special":false,"revenue":2575896,"m2_sampled":0,"m2_local":0,"m2_shared":12071},"geometry":{"type":"MultiPolygon","coordinates":[[[[-114.05094,51.00736],[-114.04789,51.01104],[-114.04132,51.01121],[-114.03779,51.0077],[-114.04085,51.00403],[-114.04742,51.00386],[-114.05094,51.00736]]]]}},{"type":"Feature","properties":{"id":1543,"name":"Burns Industrial","structure":"EMPLOYMENT","special":false,"revenue":2883868,"m2_sampled":0,"m2_local":15682,"m2_shared":15172},"geometry":{"type":"MultiPolygon","coordinates":[[[[-114.05047,51.00018],[-114.04742,51.00386],[-114.04085,51.00403],[-114.03732,51.00052],[-114.04038,50.99684],[-114.04695,50.99667],[-114.05047,51.00018]]]]}},{"type":"Feature","properties":{"id":1544,"name":"East Fairview Industrial","structure":"EMPLOYMENT","special":false,"revenue":3395630,"m2_sampled":0,"m2_local":6804,"m2_shared":24502},"geometry":{"type":"MultiPolygon","coordinates":[[[[-114.05,50.99299],[-114.04695,50.99667],[-114.04038,50.99684],[-114.03686,50.99334],[-114.03991,50.98966],[-114.04648,50.98949],[-114.05,50.99299]]]]}},{"type":"Feature","properties":{"id":1545,"name":"East Fairview Industrial","structure":"EMPLOYMENT","special":false,"revenue":4857863,"m2_sampled":0,"m2_local":35326,"m2_shared":20758},"geometry":{"type":"MultiPolygon","coordinates":[[[[-114.04953,50.98581],[-114.04648,50.98949],[-114.03991,50.98966],[-114.03639,50.98615],[-114.03944,50.98248],[-114.04601,50.9823],[-114.04953,50.98581]]]]}},{"type":"Feature","properties":{"id":1546,"name":"East Fairview Industrial","structure":"EMPLOYMENT","special":false,"revenue":3544740,"m2_sampled":0,"m2_local":14669,"m2_shared":6569},"geometry":{"type":"MultiPolygon","coordinates":[[[[-114.04906,50.97863],[-114.04601,50.9823],[-114.03944,50.98248],[-114.03592,50.97897],[-114.03897,50.97529],[-114.04554,50.97512],[-114.04906,50.97863]]]]}},{"type":"Feature","properties":{"id":1547,"name":"Acadia","structure":"1960s/1970s","special":false,"revenue":1071832,"m2_sampled":19954,"m2_local":0,"m2_shared":20445},"geometry":{"type":"MultiPolygon","coordinates":[[[[-114.04859,50.97144],[-114.04554,50.97512],[-114.03897,50.97529],[-114.03545,50.97178],[-114.0385,50.96811],[-114.04507,50.96794],[-114.04859,50.97144]]]]}},{"type":"Feature","properties":{"id":1548,"name":"Maple Ridge","structure":"1960s/1970s","special":false,"revenue":1160355,"m2_sampled":44546,"m2_local":0,"m2_shared":27926},"geometry":{"type":"MultiPolygon","coordinates":[[[[-114.04812,50.96426],[-114.04507,50.96794],[-114.0385,50.96811],[-114.03498,50.9646],[-114.03803,50.96092],[-114.0446,50.96075],[-114.04812,50.96426]]]]}},{"type":"Feature","properties":{"id":1549,"name":"Maple Ridge","structure":"1960s/1970s","special":false,"revenue":1669337,"m2_sampled":49490,"m2_local":10641,"m2_shared":0},"geometry":{"type":"MultiPolygon","coordinates":[[[[-114.04765,50.95707],[-114.0446,50.96075],[-114.03803,50.96092],[-114.03451,50.95742],[-114.03756,50.95374],[-114.04413,50.95357],[-114.04765,50.95707]]]]}},{"type":"Feature","properties":{"id":1550,"name":"Maple Ridge","structure":"1960s/1970s","special":false,"revenue":627966,"m2_sampled":33337,"m2_local":14596,"m2_shared":26315},"geometry":{"type":"MultiPolygon","coordinates":[[[[-114.04717,50.94989],[-114.04413,50.95357],[-114.03756,50.95374],[-114.03404,50.95023],[-114.03709,50.94656],[-114.04366,50.94638],[-114.04717,50.94989]]]]}},{"type":"Feature","properties":{"id":1551,"name":"Lake Bonavista","structure":"1960s/1970s","special":false,"revenue":1690427,"m2_sampled":45941,"m2_local":22860,"m2_shared":0},"geometry":{"type":"MultiPolygon","coordinates":[[[[-114.0467,50.94271],[-114.04366,50.94638],[-114.03709,50.94656],[-114.03357,50.94305],[-114.03662,50.93937],[-114.04319,50.9392],[-114.0467,50.94271]]]]}},{"type":"Feature","properties":{"id":1552,"name":"Lake Bonavista","structure":"1960s/1970s","special":false,"revenue":1731139,"m2_sampled":45600,"m2_local":14341,"m2_shared":0},"geometry":{"type":"MultiPolygon","coordinates":[[[[-114.04623,50.93552],[-114.04319,50.9392],[-114.03662,50.93937],[-114.03311,50.93587],[-114.03615,50.93219],[-114.04272,50.93202],[-114.04623,50.93552]]]]}},{"type":"Feature","properties":{"id":1553,"name":"Parkland","structure":"1960s/1970s","special":false,"revenue":1635740,"m2_sampled":57477,"m2_local":11416,"m2_shared":17470},"geometry":{"type":"MultiPolygon","coordinates":[[[[-114.04577,50.92834],[-114.04272,50.93202],[-114.03615,50.93219],[-114.03264,50.92868],[-114.03569,50.925],[-114.04225,50.92483],[-114.04577,50.92834]]]]}},{"type":"Feature","properties":{"id":1554,"name":"Fish Creek Park","structure":"PARKS","special":true,"revenue":408685,"m2_sampled":13622,"m2_local":0,"m2_shared":0},"geometry":{"type":"MultiPolygon","coordinates":[[[[-114.0453,50.92116],[-114.04225,50.92483],[-114.03569,50.925],[-114.03217,50.9215],[-114.03522,50.91782],[-114.04178,50.91765],[-114.0453,50.92116]]]]}},{"type":"Feature","properties":{"id":1555,"name":"Fish Creek Park","structure":"PARKS","special":true,"revenue":207616,"m2_sampled":6993,"m2_local":0,"m2_shared":0},"geometry":{"type":"MultiPolygon","coordinates":[[[[-114.04483,50.91397],[-114.04178,50.91765],[-114.03522,50.91782],[-114.0317,50.91431],[-114.03475,50.91064],[-114.04131,50.91046],[-114.04483,50.91397]]]]}},{"type":"Feature","properties":{"id":1556,"name":"Sundance","structure":"1980s/1990s","special":false,"revenue":1442156,"m2_sampled":54641,"m2_local":0,"m2_shared":19432},"geometry":{"type":"MultiPolygon","coordinates":[[[[-114.04436,50.90679],[-114.04131,50.91046],[-114.03475,50.91064],[-114.03124,50.90713],[-114.03428,50.90345],[-114.04084,50.90328],[-114.04436,50.90679]]]]}},{"type":"Feature","properties":{"id":1557,"name":"Sundance","structure":"1980s/1990s","special":false,"revenue":1850151,"m2_sampled":39092,"m2_local":9791,"m2_shared":0},"geometry":{"type":"MultiPolygon","coordinates":[[[[-114.04389,50.8996],[-114.04084,50.90328],[-114.03428,50.90345],[-114.03077,50.89994],[-114.03382,50.89627],[-114.04037,50.8961],[-114.04389,50.8996]]]]}},{"type":"Feature","properties":{"id":1558,"name":"Chaparral","structure":"2010s","special":false,"revenue":826694,"m2_sampled":27287,"m2_local":0,"m2_shared":0},"geometry":{"type":"MultiPolygon","coordinates":[[[[-114.04342,50.89242],[-114.04037,50.8961],[-114.03382,50.89627],[-114.0303,50.89276],[-114.03335,50.88908],[-114.03991,50.88891],[-114.04342,50.89242]]]]}},{"type":"Feature","properties":{"id":1559,"name":"Chaparral","structure":"2010s","special":false,"revenue":1639733,"m2_sampled":30047,"m2_local":25563,"m2_shared":0},"geometry":{"type":"MultiPolygon","coordinates":[[[[-114.04295,50.88524],[-114.03991,50.88891],[-114.03335,50.88908],[-114.02984,50.88558],[-114.03288,50.8819],[-114.03944,50.88173],[-114.04295,50.88524]]]]}},{"type":"Feature","properties":{"id":1560,"name":"Chaparral","structure":"2010s","special":false,"revenue":3241007,"m2_sampled":51412,"m2_local":22318,"m2_shared":20057},"geometry":{"type":"MultiPolygon","coordinates":[[[[-114.04248,50.87805],[-114.03944,50.88173],[-114.03288,50.8819],[-114.02937,50.87839],[-114.03242,50.87472],[-114.03897,50.87454],[-114.04248,50.87805]]]]}},{"type":"Feature","properties":{"id":1561,"name":"Walden","structure":"BUILDING OUT","special":false,"revenue":2365254,"m2_sampled":46399,"m2_local":24192,"m2_shared":11041},"geometry":{"type":"MultiPolygon","coordinates":[[[[-114.04201,50.87087],[-114.03897,50.87454],[-114.03242,50.87472],[-114.0289,50.87121],[-114.03195,50.86753],[-114.0385,50.86736],[-114.04201,50.87087]]]]}},{"type":"Feature","properties":{"id":1562,"name":"Legacy","structure":"BUILDING OUT","special":false,"revenue":1832332,"m2_sampled":2811,"m2_local":4614,"m2_shared":41201},"geometry":{"type":"MultiPolygon","coordinates":[[[[-114.04155,50.86368],[-114.0385,50.86736],[-114.03195,50.86753],[-114.02844,50.86402],[-114.03148,50.86035],[-114.03804,50.86018],[-114.04155,50.86368]]]]}},{"type":"Feature","properties":{"id":1563,"name":"13m","structure":"UNDEVELOPED","special":true,"revenue":21096,"m2_sampled":0,"m2_local":4457,"m2_shared":13275},"geometry":{"type":"MultiPolygon","coordinates":[[[[-114.04108,50.8565],[-114.03804,50.86018],[-114.03148,50.86035],[-114.02797,50.85684],[-114.03102,50.85316],[-114.03757,50.85299],[-114.04108,50.8565]]]]}},{"type":"Feature","properties":{"id":1564,"name":"13m","structure":"UNDEVELOPED","special":true,"revenue":50534,"m2_sampled":0,"m2_local":0,"m2_shared":0},"geometry":{"type":"MultiPolygon","coordinates":[[[[-114.03029,50.84877],[-114.03047,50.84877],[-114.03279,50.84877],[-114.03452,50.84877],[-114.03625,50.84877],[-114.03625,50.84877],[-114.03669,50.84877],[-114.03911,50.84877],[-114.03939,50.84877],[-114.04007,50.84877],[-114.04061,50.84932],[-114.03757,50.85299],[-114.03102,50.85316],[-114.02751,50.84966],[-114.02824,50.84877],[-114.03029,50.84877]]]]}},{"type":"Feature","properties":{"id":1567,"name":"03w","structure":"OTHER","special":true,"revenue":34494,"m2_sampled":3458,"m2_local":0,"m2_shared":0},"geometry":{"type":"MultiPolygon","coordinates":[[[[-114.05384,51.21239],[-114.04826,51.2124],[-114.04797,51.2124],[-114.04237,51.21241],[-114.04159,51.21241],[-114.04442,51.20902],[-114.05102,51.20885],[-114.05456,51.21235],[-114.05453,51.21239],[-114.05384,51.21239]]]]}},{"type":"Feature","properties":{"id":1568,"name":"03w","structure":"OTHER","special":true,"revenue":10512,"m2_sampled":7158,"m2_local":0,"m2_shared":0},"geometry":{"type":"MultiPolygon","coordinates":[[[[-114.05408,51.20517],[-114.05102,51.20885],[-114.04442,51.20902],[-114.04088,51.20551],[-114.04394,51.20184],[-114.05055,51.20166],[-114.05408,51.20517]]]]}},{"type":"Feature","properties":{"id":1569,"name":"03w","structure":"OTHER","special":true,"revenue":25861,"m2_sampled":7159,"m2_local":0,"m2_shared":0},"geometry":{"type":"MultiPolygon","coordinates":[[[[-114.05361,51.19799],[-114.05055,51.20166],[-114.04394,51.20184],[-114.04041,51.19833],[-114.04347,51.19465],[-114.05007,51.19448],[-114.05361,51.19799]]]]}},{"type":"Feature","properties":{"id":1570,"name":"Lewisburg","structure":"BUILDING OUT","special":false,"revenue":569492,"m2_sampled":25919,"m2_local":0,"m2_shared":0},"geometry":{"type":"MultiPolygon","coordinates":[[[[-114.05313,51.1908],[-114.05007,51.19448],[-114.04347,51.19465],[-114.03993,51.19115],[-114.043,51.18747],[-114.0496,51.1873],[-114.05313,51.1908]]]]}},{"type":"Feature","properties":{"id":1571,"name":"Lewisburg","structure":"BUILDING OUT","special":false,"revenue":658308,"m2_sampled":23404,"m2_local":6871,"m2_shared":4998},"geometry":{"type":"MultiPolygon","coordinates":[[[[-114.05266,51.18362],[-114.0496,51.1873],[-114.043,51.18747],[-114.03946,51.18396],[-114.04252,51.18029],[-114.04912,51.18011],[-114.05266,51.18362]]]]}},{"type":"Feature","properties":{"id":1572,"name":"Lewisburg","structure":"BUILDING OUT","special":false,"revenue":361000,"m2_sampled":7208,"m2_local":0,"m2_shared":0},"geometry":{"type":"MultiPolygon","coordinates":[[[[-114.05218,51.17644],[-114.04912,51.18011],[-114.04252,51.18029],[-114.03899,51.17678],[-114.04205,51.1731],[-114.04865,51.17293],[-114.05218,51.17644]]]]}},{"type":"Feature","properties":{"id":1573,"name":"Coventry Hills","structure":"2000s","special":false,"revenue":2164140,"m2_sampled":54450,"m2_local":12600,"m2_shared":0},"geometry":{"type":"MultiPolygon","coordinates":[[[[-114.05171,51.16925],[-114.04865,51.17293],[-114.04205,51.1731],[-114.03852,51.1696],[-114.04158,51.16592],[-114.04817,51.16575],[-114.05171,51.16925]]]]}},{"type":"Feature","properties":{"id":1574,"name":"Coventry Hills","structure":"2000s","special":false,"revenue":1631870,"m2_sampled":46302,"m2_local":22895,"m2_shared":0},"geometry":{"type":"MultiPolygon","coordinates":[[[[-114.05123,51.16207],[-114.04817,51.16575],[-114.04158,51.16592],[-114.03804,51.16241],[-114.0411,51.15873],[-114.0477,51.15856],[-114.05123,51.16207]]]]}},{"type":"Feature","properties":{"id":1575,"name":"Coventry Hills","structure":"2000s","special":false,"revenue":2027887,"m2_sampled":43318,"m2_local":25798,"m2_shared":20260},"geometry":{"type":"MultiPolygon","coordinates":[[[[-114.05076,51.15489],[-114.0477,51.15856],[-114.0411,51.15873],[-114.03757,51.15523],[-114.04063,51.15155],[-114.04723,51.15138],[-114.05076,51.15489]]]]}},{"type":"Feature","properties":{"id":1576,"name":"Harvest Hills","structure":"1980s/1990s","special":false,"revenue":1355730,"m2_sampled":28966,"m2_local":7877,"m2_shared":0},"geometry":{"type":"MultiPolygon","coordinates":[[[[-114.05029,51.1477],[-114.04723,51.15138],[-114.04063,51.15155],[-114.0371,51.14804],[-114.04016,51.14437],[-114.04675,51.1442],[-114.05029,51.1477]]]]}},{"type":"Feature","properties":{"id":1577,"name":"Stoney 1","structure":"EMPLOYMENT","special":false,"revenue":126687,"m2_sampled":647,"m2_local":0,"m2_shared":18077},"geometry":{"type":"MultiPolygon","coordinates":[[[[-114.04981,51.14052],[-114.04675,51.1442],[-114.04016,51.14437],[-114.03663,51.14086],[-114.03969,51.13718],[-114.04628,51.13701],[-114.04981,51.14052]]]]}},{"type":"Feature","properties":{"id":1578,"name":"Stoney 2","structure":"EMPLOYMENT","special":false,"revenue":19466,"m2_sampled":0,"m2_local":3654,"m2_shared":0},"geometry":{"type":"MultiPolygon","coordinates":[[[[-114.04934,51.13333],[-114.04628,51.13701],[-114.03969,51.13718],[-114.03615,51.13368],[-114.03921,51.13],[-114.04581,51.12983],[-114.04934,51.13333]]]]}},{"type":"Feature","properties":{"id":1579,"name":"Calgary International Airport","structure":"OTHER","special":true,"revenue":131977,"m2_sampled":0,"m2_local":12851,"m2_shared":297},"geometry":{"type":"MultiPolygon","coordinates":[[[[-114.04887,51.12615],[-114.04581,51.12983],[-114.03921,51.13],[-114.03568,51.12649],[-114.03874,51.12282],[-114.04533,51.12264],[-114.04887,51.12615]]]]}},{"type":"Feature","properties":{"id":1580,"name":"Deerfoot Business Centre","structure":"EMPLOYMENT","special":false,"revenue":2873879,"m2_sampled":0,"m2_local":14612,"m2_shared":0},"geometry":{"type":"MultiPolygon","coordinates":[[[[-114.04839,51.11897],[-114.04533,51.12264],[-114.03874,51.12282],[-114.03521,51.11931],[-114.03827,51.11563],[-114.04486,51.11546],[-114.04839,51.11897]]]]}},{"type":"Feature","properties":{"id":1581,"name":"Deerfoot Business Centre","structure":"EMPLOYMENT","special":false,"revenue":3637767,"m2_sampled":0,"m2_local":28724,"m2_shared":2688},"geometry":{"type":"MultiPolygon","coordinates":[[[[-114.04792,51.11178],[-114.04486,51.11546],[-114.03827,51.11563],[-114.03474,51.11213],[-114.0378,51.10845],[-114.04439,51.10828],[-114.04792,51.11178]]]]}},{"type":"Feature","properties":{"id":1582,"name":"Deerfoot Business Centre","structure":"EMPLOYMENT","special":false,"revenue":4706870,"m2_sampled":0,"m2_local":8141,"m2_shared":0},"geometry":{"type":"MultiPolygon","coordinates":[[[[-114.04745,51.1046],[-114.04439,51.10828],[-114.0378,51.10845],[-114.03427,51.10494],[-114.03733,51.10127],[-114.04392,51.10109],[-114.04745,51.1046]]]]}},{"type":"Feature","properties":{"id":1583,"name":"Skyline East","structure":"EMPLOYMENT","special":false,"revenue":2163541,"m2_sampled":0,"m2_local":6863,"m2_shared":16125},"geometry":{"type":"MultiPolygon","coordinates":[[[[-114.04697,51.09742],[-114.04392,51.10109],[-114.03733,51.10127],[-114.0338,51.09776],[-114.03686,51.09408],[-114.04344,51.09391],[-114.04697,51.09742]]]]}},{"type":"Feature","properties":{"id":1584,"name":"Greenview Industrial Park","structure":"EMPLOYMENT","special":false,"revenue":2326180,"m2_sampled":0,"m2_local":0,"m2_shared":0},"geometry":{"type":"MultiPolygon","coordinates":[[[[-114.0465,51.09023],[-114.04344,51.09391],[-114.03686,51.09408],[-114.03333,51.09057],[-114.03639,51.0869],[-114.04297,51.08673],[-114.0465,51.09023]]]]}},{"type":"Feature","properties":{"id":1585,"name":"Greenview Industrial Park","structure":"EMPLOYMENT","special":false,"revenue":879868,"m2_sampled":0,"m2_local":0,"m2_shared":19671},"geometry":{"type":"MultiPolygon","coordinates":[[[[-114.04603,51.08305],[-114.04297,51.08673],[-114.03639,51.0869],[-114.03286,51.08339],[-114.03592,51.07971],[-114.0425,51.07954],[-114.04603,51.08305]]]]}},{"type":"Feature","properties":{"id":1586,"name":"Winston Heights/Mountview","structure":"1950s","special":false,"revenue":71606,"m2_sampled":0,"m2_local":0,"m2_shared":0},"geometry":{"type":"MultiPolygon","coordinates":[[[[-114.04556,51.07586],[-114.0425,51.07954],[-114.03592,51.07971],[-114.03239,51.07621],[-114.03545,51.07253],[-114.04203,51.07236],[-114.04556,51.07586]]]]}},{"type":"Feature","properties":{"id":1587,"name":"Winston Heights/Mountview","structure":"1950s","special":false,"revenue":1062220,"m2_sampled":29613,"m2_local":0,"m2_shared":15087},"geometry":{"type":"MultiPolygon","coordinates":[[[[-114.04508,51.06868],[-114.04203,51.07236],[-114.03545,51.07253],[-114.03192,51.06902],[-114.03498,51.06535],[-114.04156,51.06517],[-114.04508,51.06868]]]]}},{"type":"Feature","properties":{"id":1588,"name":"Renfrew","structure":"INNER CITY","special":false,"revenue":2257127,"m2_sampled":55263,"m2_local":16777,"m2_shared":0},"geometry":{"type":"MultiPolygon","coordinates":[[[[-114.04461,51.0615],[-114.04156,51.06517],[-114.03498,51.06535],[-114.03145,51.06184],[-114.03451,51.05816],[-114.04109,51.05799],[-114.04461,51.0615]]]]}},{"type":"Feature","properties":{"id":1589,"name":"Bridgeland/Riverside","structure":"INNER CITY","special":false,"revenue":4341420,"m2_sampled":71351,"m2_local":18449,"m2_shared":0},"geometry":{"type":"MultiPolygon","coordinates":[[[[-114.04414,51.05431],[-114.04109,51.05799],[-114.03451,51.05816],[-114.03098,51.05466],[-114.03404,51.05098],[-114.04062,51.05081],[-114.04414,51.05431]]]]}},{"type":"Feature","properties":{"id":1590,"name":"Bridgeland/Riverside","structure":"INNER CITY","special":false,"revenue":1460660,"m2_sampled":12703,"m2_local":11832,"m2_shared":29766},"geometry":{"type":"MultiPolygon","coordinates":[[[[-114.04367,51.04713],[-114.04062,51.05081],[-114.03404,51.05098],[-114.03051,51.04747],[-114.03357,51.04379],[-114.04014,51.04362],[-114.04367,51.04713]]]]}},{"type":"Feature","properties":{"id":1591,"name":"Inglewood","structure":"INNER CITY","special":false,"revenue":5884180,"m2_sampled":42011,"m2_local":12543,"m2_shared":8835},"geometry":{"type":"MultiPolygon","coordinates":[[[[-114.0432,51.03995],[-114.04014,51.04362],[-114.03357,51.04379],[-114.03004,51.04029],[-114.0331,51.03661],[-114.03967,51.03644],[-114.0432,51.03995]]]]}},{"type":"Feature","properties":{"id":1592,"name":"Alyth/Bonnybrook","structure":"EMPLOYMENT","special":false,"revenue":3477631,"m2_sampled":16966,"m2_local":17633,"m2_shared":2750},"geometry":{"type":"MultiPolygon","coordinates":[[[[-114.04273,51.03276],[-114.03967,51.03644],[-114.0331,51.03661],[-114.02957,51.0331],[-114.03263,51.02943],[-114.0392,51.02926],[-114.04273,51.03276]]]]}},{"type":"Feature","properties":{"id":1593,"name":"Highfield","structure":"EMPLOYMENT","special":false,"revenue":2822061,"m2_sampled":0,"m2_local":4819,"m2_shared":13486},"geometry":{"type":"MultiPolygon","coordinates":[[[[-114.04226,51.02558],[-114.0392,51.02926],[-114.03263,51.02943],[-114.0291,51.02592],[-114.03216,51.02224],[-114.03873,51.02207],[-114.04226,51.02558]]]]}},{"type":"Feature","properties":{"id":1594,"name":"Highfield","structure":"EMPLOYMENT","special":false,"revenue":2774788,"m2_sampled":0,"m2_local":17178,"m2_shared":0},"geometry":{"type":"MultiPolygon","coordinates":[[[[-114.04179,51.01839],[-114.03873,51.02207],[-114.03216,51.02224],[-114.02864,51.01874],[-114.03169,51.01506],[-114.03826,51.01489],[-114.04179,51.01839]]]]}},{"type":"Feature","properties":{"id":1595,"name":"Highfield","structure":"EMPLOYMENT","special":false,"revenue":4487751,"m2_sampled":0,"m2_local":19324,"m2_shared":0},"geometry":{"type":"MultiPolygon","coordinates":[[[[-114.04132,51.01121],[-114.03826,51.01489],[-114.03169,51.01506],[-114.02817,51.01155],[-114.03122,51.00788],[-114.03779,51.0077],[-114.04132,51.01121]]]]}},{"type":"Feature","properties":{"id":1596,"name":"Burns Industrial","structure":"EMPLOYMENT","special":false,"revenue":2105971,"m2_sampled":0,"m2_local":9808,"m2_shared":0},"geometry":{"type":"MultiPolygon","coordinates":[[[[-114.04085,51.00403],[-114.03779,51.0077],[-114.03122,51.00788],[-114.0277,51.00437],[-114.03075,51.00069],[-114.03732,51.00052],[-114.04085,51.00403]]]]}},{"type":"Feature","properties":{"id":1597,"name":"Burns Industrial","structure":"EMPLOYMENT","special":false,"revenue":2122265,"m2_sampled":0,"m2_local":6509,"m2_shared":2625},"geometry":{"type":"MultiPolygon","coordinates":[[[[-114.04038,50.99684],[-114.03732,51.00052],[-114.03075,51.00069],[-114.02723,50.99718],[-114.03028,50.99351],[-114.03686,50.99334],[-114.04038,50.99684]]]]}},{"type":"Feature","properties":{"id":1598,"name":"Glendeer Business Park","structure":"EMPLOYMENT","special":false,"revenue":2947075,"m2_sampled":0,"m2_local":853,"m2_shared":34603},"geometry":{"type":"MultiPolygon","coordinates":[[[[-114.03991,50.98966],[-114.03686,50.99334],[-114.03028,50.99351],[-114.02676,50.99],[-114.02981,50.98632],[-114.03639,50.98615],[-114.03991,50.98966]]]]}},{"type":"Feature","properties":{"id":1599,"name":"East Fairview Industrial","structure":"EMPLOYMENT","special":false,"revenue":967266,"m2_sampled":2056,"m2_local":6319,"m2_shared":8694},"geometry":{"type":"MultiPolygon","coordinates":[[[[-114.03944,50.98248],[-114.03639,50.98615],[-114.02981,50.98632],[-114.0263,50.98282],[-114.02935,50.97914],[-114.03592,50.97897],[-114.03944,50.98248]]]]}},{"type":"Feature","properties":{"id":1600,"name":"Riverbend","structure":"1980s/1990s","special":false,"revenue":242784,"m2_sampled":8257,"m2_local":0,"m2_shared":0},"geometry":{"type":"MultiPolygon","coordinates":[[[[-114.03897,50.97529],[-114.03592,50.97897],[-114.02935,50.97914],[-114.02583,50.97563],[-114.02888,50.97196],[-114.03545,50.97178],[-114.03897,50.97529]]]]}},{"type":"Feature","properties":{"id":1601,"name":"Acadia","structure":"1960s/1970s","special":false,"revenue":2036,"m2_sampled":0,"m2_local":0,"m2_shared":12448},"geometry":{"type":"MultiPolygon","coordinates":[[[[-114.0385,50.96811],[-114.03545,50.97178],[-114.02888,50.97196],[-114.02536,50.96845],[-114.02841,50.96477],[-114.03498,50.9646],[-114.0385,50.96811]]]]}},{"type":"Feature","properties":{"id":1602,"name":"Maple Ridge","structure":"1960s/1970s","special":false,"revenue":145646,"m2_sampled":3864,"m2_local":0,"m2_shared":0},"geometry":{"type":"MultiPolygon","coordinates":[[[[-114.03803,50.96092],[-114.03498,50.9646],[-114.02841,50.96477],[-114.02489,50.96126],[-114.02794,50.95759],[-114.03451,50.95742],[-114.03803,50.96092]]]]}},{"type":"Feature","properties":{"id":1603,"name":"Maple Ridge","structure":"1960s/1970s","special":false,"revenue":285317,"m2_sampled":10242,"m2_local":0,"m2_shared":513},"geometry":{"type":"MultiPolygon","coordinates":[[[[-114.03756,50.95374],[-114.03451,50.95742],[-114.02794,50.95759],[-114.02443,50.95408],[-114.02748,50.9504],[-114.03404,50.95023],[-114.03756,50.95374]]]]}},{"type":"Feature","properties":{"id":1604,"name":"Bonavista Downs","structure":"1960s/1970s","special":false,"revenue":872219,"m2_sampled":32933,"m2_local":0,"m2_shared":32447},"geometry":{"type":"MultiPolygon","coordinates":[[[[-114.03709,50.94656],[-114.03404,50.95023],[-114.02748,50.9504],[-114.02396,50.9469],[-114.02701,50.94322],[-114.03357,50.94305],[-114.03709,50.94656]]]]}},{"type":"Feature","properties":{"id":1605,"name":"Queensland","structure":"1960s/1970s","special":false,"revenue":1120870,"m2_sampled":51496,"m2_local":8794,"m2_shared":21858},"geometry":{"type":"MultiPolygon","coordinates":[[[[-114.03662,50.93937],[-114.03357,50.94305],[-114.02701,50.94322],[-114.02349,50.93971],[-114.02654,50.93604],[-114.03311,50.93587],[-114.03662,50.93937]]]]}},{"type":"Feature","properties":{"id":1606,"name":"Queensland","structure":"1960s/1970s","special":false,"revenue":2346107,"m2_sampled":25706,"m2_local":26705,"m2_shared":26213},"geometry":{"type":"MultiPolygon","coordinates":[[[[-114.03615,50.93219],[-114.03311,50.93587],[-114.02654,50.93604],[-114.02303,50.93253],[-114.02608,50.92885],[-114.03264,50.92868],[-114.03615,50.93219]]]]}},{"type":"Feature","properties":{"id":1607,"name":"Parkland","structure":"1960s/1970s","special":false,"revenue":1681293,"m2_sampled":33470,"m2_local":27518,"m2_shared":18288},"geometry":{"type":"MultiPolygon","coordinates":[[[[-114.03569,50.925],[-114.03264,50.92868],[-114.02608,50.92885],[-114.02256,50.92534],[-114.02561,50.92167],[-114.03217,50.9215],[-114.03569,50.925]]]]}},{"type":"Feature","properties":{"id":1608,"name":"Parkland","structure":"1960s/1970s","special":false,"revenue":1386949,"m2_sampled":37623,"m2_local":17171,"m2_shared":0},"geometry":{"type":"MultiPolygon","coordinates":[[[[-114.03522,50.91782],[-114.03217,50.9215],[-114.02561,50.92167],[-114.0221,50.91816],[-114.02514,50.91448],[-114.0317,50.91431],[-114.03522,50.91782]]]]}},{"type":"Feature","properties":{"id":1609,"name":"Fish Creek Park","structure":"PARKS","special":true,"revenue":151700,"m2_sampled":6564,"m2_local":0,"m2_shared":0},"geometry":{"type":"MultiPolygon","coordinates":[[[[-114.03475,50.91064],[-114.0317,50.91431],[-114.02514,50.91448],[-114.02163,50.91098],[-114.02468,50.9073],[-114.03124,50.90713],[-114.03475,50.91064]]]]}},{"type":"Feature","properties":{"id":1610,"name":"Sundance","structure":"1980s/1990s","special":false,"revenue":1093354,"m2_sampled":43434,"m2_local":7060,"m2_shared":23276},"geometry":{"type":"MultiPolygon","coordinates":[[[[-114.03428,50.90345],[-114.03124,50.90713],[-114.02468,50.9073],[-114.02116,50.90379],[-114.02421,50.90012],[-114.03077,50.89994],[-114.03428,50.90345]]]]}},{"type":"Feature","properties":{"id":1611,"name":"Sundance","structure":"1980s/1990s","special":false,"revenue":1129310,"m2_sampled":33133,"m2_local":5775,"m2_shared":17721},"geometry":{"type":"MultiPolygon","coordinates":[[[[-114.03382,50.89627],[-114.03077,50.89994],[-114.02421,50.90012],[-114.0207,50.89661],[-114.02375,50.89293],[-114.0303,50.89276],[-114.03382,50.89627]]]]}},{"type":"Feature","properties":{"id":1612,"name":"Chaparral","structure":"2010s","special":false,"revenue":1147392,"m2_sampled":28164,"m2_local":2508,"m2_shared":18573},"geometry":{"type":"MultiPolygon","coordinates":[[[[-114.03335,50.88908],[-114.0303,50.89276],[-114.02375,50.89293],[-114.02023,50.88942],[-114.02328,50.88575],[-114.02984,50.88558],[-114.03335,50.88908]]]]}},{"type":"Feature","properties":{"id":1613,"name":"Chaparral","structure":"2010s","special":false,"revenue":2278325,"m2_sampled":38887,"m2_local":17106,"m2_shared":19784},"geometry":{"type":"MultiPolygon","coordinates":[[[[-114.03288,50.8819],[-114.02984,50.88558],[-114.02328,50.88575],[-114.01977,50.88224],[-114.02282,50.87856],[-114.02937,50.87839],[-114.03288,50.8819]]]]}},{"type":"Feature","properties":{"id":1614,"name":"Walden","structure":"BUILDING OUT","special":false,"revenue":1502259,"m2_sampled":12637,"m2_local":24896,"m2_shared":12121},"geometry":{"type":"MultiPolygon","coordinates":[[[[-114.03242,50.87472],[-114.02937,50.87839],[-114.02282,50.87856],[-114.0193,50.87506],[-114.02235,50.87138],[-114.0289,50.87121],[-114.03242,50.87472]]]]}},{"type":"Feature","properties":{"id":1615,"name":"Walden","structure":"BUILDING OUT","special":false,"revenue":2580542,"m2_sampled":38370,"m2_local":22996,"m2_shared":13378},"geometry":{"type":"MultiPolygon","coordinates":[[[[-114.03195,50.86753],[-114.0289,50.87121],[-114.02235,50.87138],[-114.01884,50.86787],[-114.02188,50.86419],[-114.02844,50.86402],[-114.03195,50.86753]]]]}},{"type":"Feature","properties":{"id":1616,"name":"Legacy","structure":"BUILDING OUT","special":false,"revenue":4012289,"m2_sampled":42064,"m2_local":23858,"m2_shared":9534},"geometry":{"type":"MultiPolygon","coordinates":[[[[-114.03148,50.86035],[-114.02844,50.86402],[-114.02188,50.86419],[-114.01838,50.86069],[-114.02142,50.85701],[-114.02797,50.85684],[-114.03148,50.86035]]]]}},{"type":"Feature","properties":{"id":1617,"name":"Legacy","structure":"BUILDING OUT","special":false,"revenue":405936,"m2_sampled":9711,"m2_local":7289,"m2_shared":15824},"geometry":{"type":"MultiPolygon","coordinates":[[[[-114.03102,50.85316],[-114.02797,50.85684],[-114.02142,50.85701],[-114.01791,50.8535],[-114.02096,50.84983],[-114.02751,50.84966],[-114.03102,50.85316]]]]}},{"type":"Feature","properties":{"id":1618,"name":"Legacy","structure":"BUILDING OUT","special":false,"revenue":11903,"m2_sampled":1691,"m2_local":2694,"m2_shared":4902},"geometry":{"type":"MultiPolygon","coordinates":[[[[-114.02185,50.84854],[-114.02206,50.84854],[-114.0221,50.84854],[-114.02255,50.84854],[-114.02328,50.84855],[-114.0234,50.84855],[-114.02426,50.84855],[-114.02436,50.84855],[-114.02456,50.84855],[-114.02484,50.84855],[-114.02484,50.84873],[-114.02488,50.84873],[-114.02489,50.84878],[-114.02824,50.84877],[-114.02751,50.84966],[-114.02096,50.84983],[-114.01966,50.84853],[-114.02185,50.84854]]]]}},{"type":"Feature","properties":{"id":1622,"name":"03w","structure":"OTHER","special":true,"revenue":3503,"m2_sampled":0,"m2_local":0,"m2_shared":0},"geometry":{"type":"MultiPolygon","coordinates":[[[[-114.03838,51.21241],[-114.0365,51.21241],[-114.03526,51.21242],[-114.03429,51.21242],[-114.03121,51.20936],[-114.03428,51.20569],[-114.04088,51.20551],[-114.04442,51.20902],[-114.04159,51.21241],[-114.03838,51.21241]]]]}},{"type":"Feature","properties":{"id":1623,"name":"03w","structure":"OTHER","special":true,"revenue":15305,"m2_sampled":0,"m2_local":0,"m2_shared":0},"geometry":{"type":"MultiPolygon","coordinates":[[[[-114.04394,51.20184],[-114.04088,51.20551],[-114.03428,51.20569],[-114.03074,51.20218],[-114.03381,51.1985],[-114.04041,51.19833],[-114.04394,51.20184]]]]}},{"type":"Feature","properties":{"id":1624,"name":"Lewisburg","structure":"BUILDING OUT","special":false,"revenue":1738,"m2_sampled":0,"m2_local":0,"m2_shared":0},"geometry":{"type":"MultiPolygon","coordinates":[[[[-114.04347,51.19465],[-114.04041,51.19833],[-114.03381,51.1985],[-114.03027,51.195],[-114.03333,51.19132],[-114.03993,51.19115],[-114.04347,51.19465]]]]}},{"type":"Feature","properties":{"id":1625,"name":"Lewisburg","structure":"BUILDING OUT","special":false,"revenue":192909,"m2_sampled":7460,"m2_local":0,"m2_shared":0},"geometry":{"type":"MultiPolygon","coordinates":[[[[-114.043,51.18747],[-114.03993,51.19115],[-114.03333,51.19132],[-114.0298,51.18781],[-114.03286,51.18413],[-114.03946,51.18396],[-114.043,51.18747]]]]}},{"type":"Feature","properties":{"id":1626,"name":"Keystone Hills","structure":"BUILDING OUT","special":false,"revenue":270455,"m2_sampled":2252,"m2_local":5932,"m2_shared":9107},"geometry":{"type":"MultiPolygon","coordinates":[[[[-114.04252,51.18029],[-114.03946,51.18396],[-114.03286,51.18413],[-114.02933,51.18063],[-114.03239,51.17695],[-114.03899,51.17678],[-114.04252,51.18029]]]]}},{"type":"Feature","properties":{"id":1627,"name":"Stoney 4","structure":"EMPLOYMENT","special":false,"revenue":416562,"m2_sampled":10691,"m2_local":0,"m2_shared":0},"geometry":{"type":"MultiPolygon","coordinates":[[[[-114.04205,51.1731],[-114.03899,51.17678],[-114.03239,51.17695],[-114.02885,51.17344],[-114.03192,51.16977],[-114.03852,51.1696],[-114.04205,51.1731]]]]}},{"type":"Feature","properties":{"id":1628,"name":"Stoney 4","structure":"EMPLOYMENT","special":false,"revenue":436326,"m2_sampled":10271,"m2_local":2171,"m2_shared":0},"geometry":{"type":"MultiPolygon","coordinates":[[[[-114.04158,51.16592],[-114.03852,51.1696],[-114.03192,51.16977],[-114.02838,51.16626],[-114.03145,51.16258],[-114.03804,51.16241],[-114.04158,51.16592]]]]}},{"type":"Feature","properties":{"id":1629,"name":"Stoney 1","structure":"EMPLOYMENT","special":false,"revenue":221356,"m2_sampled":4896,"m2_local":0,"m2_shared":0},"geometry":{"type":"MultiPolygon","coordinates":[[[[-114.0411,51.15873],[-114.03804,51.16241],[-114.03145,51.16258],[-114.02791,51.15908],[-114.03098,51.1554],[-114.03757,51.15523],[-114.0411,51.15873]]]]}},{"type":"Feature","properties":{"id":1630,"name":"Stoney 1","structure":"EMPLOYMENT","special":false,"revenue":1547027,"m2_sampled":0,"m2_local":0,"m2_shared":17661},"geometry":{"type":"MultiPolygon","coordinates":[[[[-114.04063,51.15155],[-114.03757,51.15523],[-114.03098,51.1554],[-114.02744,51.15189],[-114.0305,51.14822],[-114.0371,51.14804],[-114.04063,51.15155]]]]}},{"type":"Feature","properties":{"id":1631,"name":"Stoney 1","structure":"EMPLOYMENT","special":false,"revenue":844641,"m2_sampled":0,"m2_local":0,"m2_shared":5425},"geometry":{"type":"MultiPolygon","coordinates":[[[[-114.04016,51.14437],[-114.0371,51.14804],[-114.0305,51.14822],[-114.02697,51.14471],[-114.03003,51.14103],[-114.03663,51.14086],[-114.04016,51.14437]]]]}},{"type":"Feature","properties":{"id":1632,"name":"Stoney 2","structure":"EMPLOYMENT","special":false,"revenue":0,"m2_sampled":0,"m2_local":9469,"m2_shared":7429},"geometry":{"type":"MultiPolygon","coordinates":[[[[-114.03969,51.13718],[-114.03663,51.14086],[-114.03003,51.14103],[-114.0265,51.13753],[-114.02956,51.13385],[-114.03615,51.13368],[-114.03969,51.13718]]]]}},{"type":"Feature","properties":{"id":1633,"name":"Calgary International Airport","structure":"OTHER","special":true,"revenue":46125,"m2_sampled":0,"m2_local":1877,"m2_shared":0},"geometry":{"type":"MultiPolygon","coordinates":[[[[-114.03921,51.13],[-114.03615,51.13368],[-114.02956,51.13385],[-114.02603,51.13034],[-114.02909,51.12666],[-114.03568,51.12649],[-114.03921,51.13]]]]}},{"type":"Feature","properties":{"id":1634,"name":"Calgary International Airport","structure":"OTHER","special":true,"revenue":53544,"m2_sampled":0,"m2_local":6476,"m2_shared":0},"geometry":{"type":"MultiPolygon","coordinates":[[[[-114.03874,51.12282],[-114.03568,51.12649],[-114.02909,51.12666],[-114.02556,51.12316],[-114.02862,51.11948],[-114.03521,51.11931],[-114.03874,51.12282]]]]}},{"type":"Feature","properties":{"id":1635,"name":"Calgary International Airport","structure":"OTHER","special":true,"revenue":198528,"m2_sampled":0,"m2_local":13664,"m2_shared":0},"geometry":{"type":"MultiPolygon","coordinates":[[[[-114.03827,51.11563],[-114.03521,51.11931],[-114.02862,51.11948],[-114.02509,51.11597],[-114.02815,51.1123],[-114.03474,51.11213],[-114.03827,51.11563]]]]}},{"type":"Feature","properties":{"id":1636,"name":"Calgary International Airport","structure":"OTHER","special":true,"revenue":1065066,"m2_sampled":0,"m2_local":15527,"m2_shared":0},"geometry":{"type":"MultiPolygon","coordinates":[[[[-114.0378,51.10845],[-114.03474,51.11213],[-114.02815,51.1123],[-114.02462,51.10879],[-114.02768,51.10511],[-114.03427,51.10494],[-114.0378,51.10845]]]]}},{"type":"Feature","properties":{"id":1637,"name":"Calgary International Airport","structure":"OTHER","special":true,"revenue":86769,"m2_sampled":0,"m2_local":2319,"m2_shared":0},"geometry":{"type":"MultiPolygon","coordinates":[[[[-114.03733,51.10127],[-114.03427,51.10494],[-114.02768,51.10511],[-114.02415,51.10161],[-114.02721,51.09793],[-114.0338,51.09776],[-114.03733,51.10127]]]]}},{"type":"Feature","properties":{"id":1638,"name":"Mccall","structure":"EMPLOYMENT","special":false,"revenue":3123231,"m2_sampled":0,"m2_local":13958,"m2_shared":28994},"geometry":{"type":"MultiPolygon","coordinates":[[[[-114.03686,51.09408],[-114.0338,51.09776],[-114.02721,51.09793],[-114.02368,51.09442],[-114.02674,51.09075],[-114.03333,51.09057],[-114.03686,51.09408]]]]}},{"type":"Feature","properties":{"id":1639,"name":"Mccall","structure":"EMPLOYMENT","special":false,"revenue":4351972,"m2_sampled":0,"m2_local":9065,"m2_shared":0},"geometry":{"type":"MultiPolygon","coordinates":[[[[-114.03639,51.0869],[-114.03333,51.09057],[-114.02674,51.09075],[-114.02322,51.08724],[-114.02627,51.08356],[-114.03286,51.08339],[-114.03639,51.0869]]]]}},{"type":"Feature","properties":{"id":1640,"name":"South Airways","structure":"EMPLOYMENT","special":false,"revenue":2259853,"m2_sampled":6494,"m2_local":9437,"m2_shared":17227},"geometry":{"type":"MultiPolygon","coordinates":[[[[-114.03592,51.07971],[-114.03286,51.08339],[-114.02627,51.08356],[-114.02275,51.08006],[-114.0258,51.07638],[-114.03239,51.07621],[-114.03592,51.07971]]]]}},{"type":"Feature","properties":{"id":1641,"name":"Winston Heights/Mountview","structure":"1950s","special":false,"revenue":268741,"m2_sampled":774,"m2_local":0,"m2_shared":0},"geometry":{"type":"MultiPolygon","coordinates":[[[[-114.03545,51.07253],[-114.03239,51.07621],[-114.0258,51.07638],[-114.02228,51.07287],[-114.02534,51.06919],[-114.03192,51.06902],[-114.03545,51.07253]]]]}},{"type":"Feature","properties":{"id":1642,"name":"Renfrew","structure":"INNER CITY","special":false,"revenue":203170,"m2_sampled":7337,"m2_local":0,"m2_shared":16322},"geometry":{"type":"MultiPolygon","coordinates":[[[[-114.03498,51.06535],[-114.03192,51.06902],[-114.02534,51.06919],[-114.02181,51.06569],[-114.02487,51.06201],[-114.03145,51.06184],[-114.03498,51.06535]]]]}},{"type":"Feature","properties":{"id":1643,"name":"Renfrew","structure":"INNER CITY","special":false,"revenue":836639,"m2_sampled":23306,"m2_local":17048,"m2_shared":0},"geometry":{"type":"MultiPolygon","coordinates":[[[[-114.03451,51.05816],[-114.03145,51.06184],[-114.02487,51.06201],[-114.02134,51.0585],[-114.0244,51.05483],[-114.03098,51.05466],[-114.03451,51.05816]]]]}},{"type":"Feature","properties":{"id":1644,"name":"Bridgeland/Riverside","structure":"INNER CITY","special":false,"revenue":486064,"m2_sampled":15136,"m2_local":18517,"m2_shared":8656},"geometry":{"type":"MultiPolygon","coordinates":[[[[-114.03404,51.05098],[-114.03098,51.05466],[-114.0244,51.05483],[-114.02087,51.05132],[-114.02393,51.04764],[-114.03051,51.04747],[-114.03404,51.05098]]]]}},{"type":"Feature","properties":{"id":1645,"name":"Bridgeland/Riverside","structure":"INNER CITY","special":false,"revenue":889353,"m2_sampled":15342,"m2_local":2408,"m2_shared":9445},"geometry":{"type":"MultiPolygon","coordinates":[[[[-114.03357,51.04379],[-114.03051,51.04747],[-114.02393,51.04764],[-114.02041,51.04414],[-114.02346,51.04046],[-114.03004,51.04029],[-114.03357,51.04379]]]]}},{"type":"Feature","properties":{"id":1646,"name":"Alyth/Bonnybrook","structure":"EMPLOYMENT","special":false,"revenue":2724886,"m2_sampled":36604,"m2_local":3945,"m2_shared":26258},"geometry":{"type":"MultiPolygon","coordinates":[[[[-114.0331,51.03661],[-114.03004,51.04029],[-114.02346,51.04046],[-114.01994,51.03695],[-114.02299,51.03327],[-114.02957,51.0331],[-114.0331,51.03661]]]]}},{"type":"Feature","properties":{"id":1647,"name":"Alyth/Bonnybrook","structure":"EMPLOYMENT","special":false,"revenue":1565568,"m2_sampled":12161,"m2_local":4830,"m2_shared":18306},"geometry":{"type":"MultiPolygon","coordinates":[[[[-114.03263,51.02943],[-114.02957,51.0331],[-114.02299,51.03327],[-114.01947,51.02977],[-114.02253,51.02609],[-114.0291,51.02592],[-114.03263,51.02943]]]]}},{"type":"Feature","properties":{"id":1648,"name":"Alyth/Bonnybrook","structure":"EMPLOYMENT","special":false,"revenue":2242811,"m2_sampled":0,"m2_local":6274,"m2_shared":0},"geometry":{"type":"MultiPolygon","coordinates":[[[[-114.03216,51.02224],[-114.0291,51.02592],[-114.02253,51.02609],[-114.019,51.02258],[-114.02206,51.01891],[-114.02864,51.01874],[-114.03216,51.02224]]]]}},{"type":"Feature","properties":{"id":1649,"name":"Alyth/Bonnybrook","structure":"EMPLOYMENT","special":false,"revenue":1788624,"m2_sampled":0,"m2_local":15610,"m2_shared":0},"geometry":{"type":"MultiPolygon","coordinates":[[[[-114.03169,51.01506],[-114.02864,51.01874],[-114.02206,51.01891],[-114.01854,51.0154],[-114.02159,51.01172],[-114.02817,51.01155],[-114.03169,51.01506]]]]}},{"type":"Feature","properties":{"id":1650,"name":"Burns Industrial","structure":"EMPLOYMENT","special":false,"revenue":282779,"m2_sampled":0,"m2_local":8475,"m2_shared":0},"geometry":{"type":"MultiPolygon","coordinates":[[[[-114.03122,51.00788],[-114.02817,51.01155],[-114.02159,51.01172],[-114.01807,51.00822],[-114.02112,51.00454],[-114.0277,51.00437],[-114.03122,51.00788]]]]}},{"type":"Feature","properties":{"id":1651,"name":"Ogden","structure":"1950s","special":false,"revenue":407399,"m2_sampled":6261,"m2_local":0,"m2_shared":0},"geometry":{"type":"MultiPolygon","coordinates":[[[[-114.03075,51.00069],[-114.0277,51.00437],[-114.02112,51.00454],[-114.0176,51.00103],[-114.02066,50.99735],[-114.02723,50.99718],[-114.03075,51.00069]]]]}},{"type":"Feature","properties":{"id":1652,"name":"Ogden","structure":"1950s","special":false,"revenue":612420,"m2_sampled":19663,"m2_local":0,"m2_shared":0},"geometry":{"type":"MultiPolygon","coordinates":[[[[-114.03028,50.99351],[-114.02723,50.99718],[-114.02066,50.99735],[-114.01714,50.99385],[-114.02019,50.99017],[-114.02676,50.99],[-114.03028,50.99351]]]]}},{"type":"Feature","properties":{"id":1653,"name":"Ogden","structure":"1950s","special":false,"revenue":680406,"m2_sampled":21756,"m2_local":0,"m2_shared":36228},"geometry":{"type":"MultiPolygon","coordinates":[[[[-114.02981,50.98632],[-114.02676,50.99],[-114.02019,50.99017],[-114.01667,50.98666],[-114.01972,50.98299],[-114.0263,50.98282],[-114.02981,50.98632]]]]}},{"type":"Feature","properties":{"id":1654,"name":"Riverbend","structure":"1980s/1990s","special":false,"revenue":1719100,"m2_sampled":46137,"m2_local":16352,"m2_shared":7483},"geometry":{"type":"MultiPolygon","coordinates":[[[[-114.02935,50.97914],[-114.0263,50.98282],[-114.01972,50.98299],[-114.01621,50.97948],[-114.01926,50.9758],[-114.02583,50.97563],[-114.02935,50.97914]]]]}},{"type":"Feature","properties":{"id":1655,"name":"Riverbend","structure":"1980s/1990s","special":false,"revenue":1247199,"m2_sampled":29337,"m2_local":18145,"m2_shared":362},"geometry":{"type":"MultiPolygon","coordinates":[[[[-114.02888,50.97196],[-114.02583,50.97563],[-114.01926,50.9758],[-114.01574,50.9723],[-114.01879,50.96862],[-114.02536,50.96845],[-114.02888,50.97196]]]]}},{"type":"Feature","properties":{"id":1656,"name":"Douglasdale/Glen","structure":"1980s/1990s","special":false,"revenue":1509022,"m2_sampled":20723,"m2_local":2719,"m2_shared":0},"geometry":{"type":"MultiPolygon","coordinates":[[[[-114.02841,50.96477],[-114.02536,50.96845],[-114.01879,50.96862],[-114.01527,50.96511],[-114.01833,50.96143],[-114.02489,50.96126],[-114.02841,50.96477]]]]}},{"type":"Feature","properties":{"id":1657,"name":"Douglasdale/Glen","structure":"1980s/1990s","special":false,"revenue":875363,"m2_sampled":14437,"m2_local":1038,"m2_shared":0},"geometry":{"type":"MultiPolygon","coordinates":[[[[-114.02794,50.95759],[-114.02489,50.96126],[-114.01833,50.96143],[-114.01481,50.95793],[-114.01786,50.95425],[-114.02443,50.95408],[-114.02794,50.95759]]]]}},{"type":"Feature","properties":{"id":1658,"name":"Douglasdale/Glen","structure":"1980s/1990s","special":false,"revenue":333055,"m2_sampled":7058,"m2_local":0,"m2_shared":4611},"geometry":{"type":"MultiPolygon","coordinates":[[[[-114.02748,50.9504],[-114.02443,50.95408],[-114.01786,50.95425],[-114.01434,50.95074],[-114.01739,50.94707],[-114.02396,50.9469],[-114.02748,50.9504]]]]}},{"type":"Feature","properties":{"id":1659,"name":"Queensland","structure":"1960s/1970s","special":false,"revenue":1203310,"m2_sampled":45514,"m2_local":3346,"m2_shared":340},"geometry":{"type":"MultiPolygon","coordinates":[[[[-114.02701,50.94322],[-114.02396,50.9469],[-114.01739,50.94707],[-114.01388,50.94356],[-114.01693,50.93988],[-114.02349,50.93971],[-114.02701,50.94322]]]]}},{"type":"Feature","properties":{"id":1660,"name":"Queensland","structure":"1960s/1970s","special":false,"revenue":1442397,"m2_sampled":44160,"m2_local":9420,"m2_shared":0},"geometry":{"type":"MultiPolygon","coordinates":[[[[-114.02654,50.93604],[-114.02349,50.93971],[-114.01693,50.93988],[-114.01341,50.93638],[-114.01646,50.9327],[-114.02303,50.93253],[-114.02654,50.93604]]]]}},{"type":"Feature","properties":{"id":1661,"name":"Deer Ridge","structure":"1980s/1990s","special":false,"revenue":1257237,"m2_sampled":48300,"m2_local":22987,"m2_shared":0},"geometry":{"type":"MultiPolygon","coordinates":[[[[-114.02608,50.92885],[-114.02303,50.93253],[-114.01646,50.9327],[-114.01295,50.92919],[-114.016,50.92551],[-114.02256,50.92534],[-114.02608,50.92885]]]]}},{"type":"Feature","properties":{"id":1662,"name":"Deer Ridge","structure":"1980s/1990s","special":false,"revenue":1165795,"m2_sampled":48686,"m2_local":20065,"m2_shared":14945},"geometry":{"type":"MultiPolygon","coordinates":[[[[-114.02561,50.92167],[-114.02256,50.92534],[-114.016,50.92551],[-114.01249,50.92201],[-114.01553,50.91833],[-114.0221,50.91816],[-114.02561,50.92167]]]]}},{"type":"Feature","properties":{"id":1663,"name":"Parkland","structure":"1960s/1970s","special":false,"revenue":1038836,"m2_sampled":37573,"m2_local":20101,"m2_shared":0},"geometry":{"type":"MultiPolygon","coordinates":[[[[-114.02514,50.91448],[-114.0221,50.91816],[-114.01553,50.91833],[-114.01202,50.91482],[-114.01507,50.91115],[-114.02163,50.91098],[-114.02514,50.91448]]]]}},{"type":"Feature","properties":{"id":1664,"name":"Fish Creek Park","structure":"PARKS","special":true,"revenue":5606,"m2_sampled":0,"m2_local":0,"m2_shared":0},"geometry":{"type":"MultiPolygon","coordinates":[[[[-114.02468,50.9073],[-114.02163,50.91098],[-114.01507,50.91115],[-114.01156,50.90764],[-114.0146,50.90396],[-114.02116,50.90379],[-114.02468,50.9073]]]]}},{"type":"Feature","properties":{"id":1665,"name":"Fish Creek Park","structure":"PARKS","special":true,"revenue":0,"m2_sampled":0,"m2_local":0,"m2_shared":0},"geometry":{"type":"MultiPolygon","coordinates":[[[[-114.02421,50.90012],[-114.02116,50.90379],[-114.0146,50.90396],[-114.01109,50.90045],[-114.01414,50.89678],[-114.0207,50.89661],[-114.02421,50.90012]]]]}},{"type":"Feature","properties":{"id":1666,"name":"Fish Creek Park","structure":"PARKS","special":true,"revenue":230728,"m2_sampled":3863,"m2_local":0,"m2_shared":0},"geometry":{"type":"MultiPolygon","coordinates":[[[[-114.02375,50.89293],[-114.0207,50.89661],[-114.01414,50.89678],[-114.01063,50.89327],[-114.01368,50.88959],[-114.02023,50.88942],[-114.02375,50.89293]]]]}},{"type":"Feature","properties":{"id":1667,"name":"Chaparral","structure":"2010s","special":false,"revenue":1773312,"m2_sampled":41621,"m2_local":9549,"m2_shared":0},"geometry":{"type":"MultiPolygon","coordinates":[[[[-114.02328,50.88575],[-114.02023,50.88942],[-114.01368,50.88959],[-114.01017,50.88609],[-114.01321,50.88241],[-114.01977,50.88224],[-114.02328,50.88575]]]]}},{"type":"Feature","properties":{"id":1668,"name":"Chaparral","structure":"2010s","special":false,"revenue":747325,"m2_sampled":14638,"m2_local":31279,"m2_shared":0},"geometry":{"type":"MultiPolygon","coordinates":[[[[-114.02282,50.87856],[-114.01977,50.88224],[-114.01321,50.88241],[-114.0097,50.8789],[-114.01275,50.87523],[-114.0193,50.87506],[-114.02282,50.87856]]]]}},{"type":"Feature","properties":{"id":1669,"name":"Wolf Willow","structure":"BUILDING OUT","special":false,"revenue":70820,"m2_sampled":1513,"m2_local":0,"m2_shared":0},"geometry":{"type":"MultiPolygon","coordinates":[[[[-114.02235,50.87138],[-114.0193,50.87506],[-114.01275,50.87523],[-114.00924,50.87172],[-114.01229,50.86804],[-114.01884,50.86787],[-114.02235,50.87138]]]]}},{"type":"Feature","properties":{"id":1670,"name":"Walden","structure":"BUILDING OUT","special":false,"revenue":3131370,"m2_sampled":62470,"m2_local":13531,"m2_shared":18545},"geometry":{"type":"MultiPolygon","coordinates":[[[[-114.02188,50.86419],[-114.01884,50.86787],[-114.01229,50.86804],[-114.00878,50.86453],[-114.01182,50.86086],[-114.01838,50.86069],[-114.02188,50.86419]]]]}},{"type":"Feature","properties":{"id":1671,"name":"Legacy","structure":"BUILDING OUT","special":false,"revenue":2459728,"m2_sampled":43843,"m2_local":12791,"m2_shared":0},"geometry":{"type":"MultiPolygon","coordinates":[[[[-114.02142,50.85701],[-114.01838,50.86069],[-114.01182,50.86086],[-114.00831,50.85735],[-114.01136,50.85367],[-114.01791,50.8535],[-114.02142,50.85701]]]]}},{"type":"Feature","properties":{"id":1672,"name":"Legacy","structure":"BUILDING OUT","special":false,"revenue":234821,"m2_sampled":9275,"m2_local":0,"m2_shared":0},"geometry":{"type":"MultiPolygon","coordinates":[[[[-114.01319,50.84852],[-114.01535,50.84853],[-114.01838,50.84853],[-114.01966,50.84853],[-114.02096,50.84983],[-114.01791,50.8535],[-114.01136,50.85367],[-114.00785,50.85016],[-114.00922,50.84851],[-114.01319,50.84852]]]]}},{"type":"Feature","properties":{"id":1675,"name":"03w","structure":"OTHER","special":true,"revenue":445,"m2_sampled":0,"m2_local":2761,"m2_shared":0},"geometry":{"type":"MultiPolygon","coordinates":[[[[-114.03082,51.21242],[-114.02501,51.21243],[-114.02472,51.21243],[-114.0222,51.21243],[-114.02461,51.20953],[-114.03121,51.20936],[-114.03429,51.21242],[-114.03082,51.21242]]]]}},{"type":"Feature","properties":{"id":1676,"name":"03w","structure":"OTHER","special":true,"revenue":1645,"m2_sampled":0,"m2_local":0,"m2_shared":0},"geometry":{"type":"MultiPolygon","coordinates":[[[[-114.03428,51.20569],[-114.03121,51.20936],[-114.02461,51.20953],[-114.02107,51.20603],[-114.02414,51.20235],[-114.03074,51.20218],[-114.03428,51.20569]]]]}},{"type":"Feature","properties":{"id":1677,"name":"03w","structure":"OTHER","special":true,"revenue":3029,"m2_sampled":0,"m2_local":0,"m2_shared":0},"geometry":{"type":"MultiPolygon","coordinates":[[[[-114.03381,51.1985],[-114.03074,51.20218],[-114.02414,51.20235],[-114.0206,51.19884],[-114.02367,51.19517],[-114.03027,51.195],[-114.03381,51.1985]]]]}},{"type":"Feature","properties":{"id":1678,"name":"03w","structure":"OTHER","special":true,"revenue":1338,"m2_sampled":0,"m2_local":0,"m2_shared":0},"geometry":{"type":"MultiPolygon","coordinates":[[[[-114.03333,51.19132],[-114.03027,51.195],[-114.02367,51.19517],[-114.02013,51.19166],[-114.0232,51.18798],[-114.0298,51.18781],[-114.03333,51.19132]]]]}},{"type":"Feature","properties":{"id":1679,"name":"03w","structure":"OTHER","special":true,"revenue":49653,"m2_sampled":0,"m2_local":5611,"m2_shared":0},"geometry":{"type":"MultiPolygon","coordinates":[[[[-114.03286,51.18413],[-114.0298,51.18781],[-114.0232,51.18798],[-114.01966,51.18448],[-114.02273,51.1808],[-114.02933,51.18063],[-114.03286,51.18413]]]]}},{"type":"Feature","properties":{"id":1680,"name":"Keystone Hills","structure":"BUILDING OUT","special":false,"revenue":70057,"m2_sampled":0,"m2_local":0,"m2_shared":0},"geometry":{"type":"MultiPolygon","coordinates":[[[[-114.03239,51.17695],[-114.02933,51.18063],[-114.02273,51.1808],[-114.01919,51.17729],[-114.02226,51.17362],[-114.02885,51.17344],[-114.03239,51.17695]]]]}},{"type":"Feature","properties":{"id":1681,"name":"Stoney 1","structure":"EMPLOYMENT","special":false,"revenue":131365,"m2_sampled":0,"m2_local":5405,"m2_shared":0},"geometry":{"type":"MultiPolygon","coordinates":[[[[-114.03192,51.16977],[-114.02885,51.17344],[-114.02226,51.17362],[-114.01872,51.17011],[-114.02179,51.16643],[-114.02838,51.16626],[-114.03192,51.16977]]]]}},{"type":"Feature","properties":{"id":1682,"name":"Stoney 1","structure":"EMPLOYMENT","special":false,"revenue":1847484,"m2_sampled":0,"m2_local":13750,"m2_shared":0},"geometry":{"type":"MultiPolygon","coordinates":[[[[-114.03145,51.16258],[-114.02838,51.16626],[-114.02179,51.16643],[-114.01825,51.16293],[-114.02132,51.15925],[-114.02791,51.15908],[-114.03145,51.16258]]]]}},{"type":"Feature","properties":{"id":1683,"name":"Stoney 1","structure":"EMPLOYMENT","special":false,"revenue":2166678,"m2_sampled":0,"m2_local":14003,"m2_shared":22786},"geometry":{"type":"MultiPolygon","coordinates":[[[[-114.03098,51.1554],[-114.02791,51.15908],[-114.02132,51.15925],[-114.01778,51.15574],[-114.02085,51.15206],[-114.02744,51.15189],[-114.03098,51.1554]]]]}},{"type":"Feature","properties":{"id":1684,"name":"Stoney 2","structure":"EMPLOYMENT","special":false,"revenue":2172873,"m2_sampled":0,"m2_local":6437,"m2_shared":0},"geometry":{"type":"MultiPolygon","coordinates":[[[[-114.0305,51.14822],[-114.02744,51.15189],[-114.02085,51.15206],[-114.01732,51.14856],[-114.02038,51.14488],[-114.02697,51.14471],[-114.0305,51.14822]]]]}},{"type":"Feature","properties":{"id":1685,"name":"Stoney 2","structure":"EMPLOYMENT","special":false,"revenue":2604867,"m2_sampled":0,"m2_local":7429,"m2_shared":23598},"geometry":{"type":"MultiPolygon","coordinates":[[[[-114.03003,51.14103],[-114.02697,51.14471],[-114.02038,51.14488],[-114.01685,51.14137],[-114.01991,51.1377],[-114.0265,51.13753],[-114.03003,51.14103]]]]}},{"type":"Feature","properties":{"id":1686,"name":"Calgary International Airport","structure":"OTHER","special":true,"revenue":40481,"m2_sampled":0,"m2_local":2451,"m2_shared":0},"geometry":{"type":"MultiPolygon","coordinates":[[[[-114.02956,51.13385],[-114.0265,51.13753],[-114.01991,51.1377],[-114.01638,51.13419],[-114.01944,51.13051],[-114.02603,51.13034],[-114.02956,51.13385]]]]}},{"type":"Feature","properties":{"id":1687,"name":"Calgary International Airport","structure":"OTHER","special":true,"revenue":53544,"m2_sampled":0,"m2_local":0,"m2_shared":0},"geometry":{"type":"MultiPolygon","coordinates":[[[[-114.02909,51.12666],[-114.02603,51.13034],[-114.01944,51.13051],[-114.01591,51.12701],[-114.01897,51.12333],[-114.02556,51.12316],[-114.02909,51.12666]]]]}},{"type":"Feature","properties":{"id":1688,"name":"Calgary International Airport","structure":"OTHER","special":true,"revenue":53544,"m2_sampled":0,"m2_local":0,"m2_shared":0},"geometry":{"type":"MultiPolygon","coordinates":[[[[-114.02862,51.11948],[-114.02556,51.12316],[-114.01897,51.12333],[-114.01544,51.11982],[-114.0185,51.11614],[-114.02509,51.11597],[-114.02862,51.11948]]]]}},{"type":"Feature","properties":{"id":1689,"name":"Calgary International Airport","structure":"OTHER","special":true,"revenue":53544,"m2_sampled":0,"m2_local":0,"m2_shared":0},"geometry":{"type":"MultiPolygon","coordinates":[[[[-114.02815,51.1123],[-114.02509,51.11597],[-114.0185,51.11614],[-114.01497,51.11264],[-114.01803,51.10896],[-114.02462,51.10879],[-114.02815,51.1123]]]]}},{"type":"Feature","properties":{"id":1690,"name":"Calgary International Airport","structure":"OTHER","special":true,"revenue":53544,"m2_sampled":0,"m2_local":0,"m2_shared":0},"geometry":{"type":"MultiPolygon","coordinates":[[[[-114.02768,51.10511],[-114.02462,51.10879],[-114.01803,51.10896],[-114.01451,51.10545],[-114.01757,51.10178],[-114.02415,51.10161],[-114.02768,51.10511]]]]}},{"type":"Feature","properties":{"id":1691,"name":"Calgary International Airport","structure":"OTHER","special":true,"revenue":78081,"m2_sampled":0,"m2_local":0,"m2_shared":0},"geometry":{"type":"MultiPolygon","coordinates":[[[[-114.02721,51.09793],[-114.02415,51.10161],[-114.01757,51.10178],[-114.01404,51.09827],[-114.0171,51.09459],[-114.02368,51.09442],[-114.02721,51.09793]]]]}},{"type":"Feature","properties":{"id":1692,"name":"Mccall","structure":"EMPLOYMENT","special":false,"revenue":23715,"m2_sampled":0,"m2_local":0,"m2_shared":14649},"geometry":{"type":"MultiPolygon","coordinates":[[[[-114.02674,51.09075],[-114.02368,51.09442],[-114.0171,51.09459],[-114.01357,51.09109],[-114.01663,51.08741],[-114.02322,51.08724],[-114.02674,51.09075]]]]}},{"type":"Feature","properties":{"id":1693,"name":"Mccall","structure":"EMPLOYMENT","special":false,"revenue":649671,"m2_sampled":0,"m2_local":0,"m2_shared":13989},"geometry":{"type":"MultiPolygon","coordinates":[[[[-114.02627,51.08356],[-114.02322,51.08724],[-114.01663,51.08741],[-114.0131,51.0839],[-114.01616,51.08023],[-114.02275,51.08006],[-114.02627,51.08356]]]]}},{"type":"Feature","properties":{"id":1694,"name":"Vista Heights","structure":"1960s/1970s","special":false,"revenue":3503911,"m2_sampled":10726,"m2_local":9750,"m2_shared":0},"geometry":{"type":"MultiPolygon","coordinates":[[[[-114.0258,51.07638],[-114.02275,51.08006],[-114.01616,51.08023],[-114.01264,51.07672],[-114.0157,51.07304],[-114.02228,51.07287],[-114.0258,51.07638]]]]}},{"type":"Feature","properties":{"id":1695,"name":"Vista Heights","structure":"1960s/1970s","special":false,"revenue":1511664,"m2_sampled":32437,"m2_local":2799,"m2_shared":13566},"geometry":{"type":"MultiPolygon","coordinates":[[[[-114.02534,51.06919],[-114.02228,51.07287],[-114.0157,51.07304],[-114.01217,51.06953],[-114.01523,51.06586],[-114.02181,51.06569],[-114.02534,51.06919]]]]}},{"type":"Feature","properties":{"id":1696,"name":"Mayland Heights","structure":"1960s/1970s","special":false,"revenue":1477431,"m2_sampled":45178,"m2_local":10783,"m2_shared":0},"geometry":{"type":"MultiPolygon","coordinates":[[[[-114.02487,51.06201],[-114.02181,51.06569],[-114.01523,51.06586],[-114.0117,51.06235],[-114.01476,51.05867],[-114.02134,51.0585],[-114.02487,51.06201]]]]}},{"type":"Feature","properties":{"id":1697,"name":"Mayland","structure":"EMPLOYMENT","special":false,"revenue":2168205,"m2_sampled":16753,"m2_local":0,"m2_shared":0},"geometry":{"type":"MultiPolygon","coordinates":[[[[-114.0244,51.05483],[-114.02134,51.0585],[-114.01476,51.05867],[-114.01124,51.05517],[-114.01429,51.05149],[-114.02087,51.05132],[-114.0244,51.05483]]]]}},{"type":"Feature","properties":{"id":1698,"name":"Bridgeland/Riverside","structure":"INNER CITY","special":false,"revenue":593567,"m2_sampled":0,"m2_local":0,"m2_shared":20217},"geometry":{"type":"MultiPolygon","coordinates":[[[[-114.02393,51.04764],[-114.02087,51.05132],[-114.01429,51.05149],[-114.01077,51.04798],[-114.01383,51.04431],[-114.02041,51.04414],[-114.02393,51.04764]]]]}},{"type":"Feature","properties":{"id":1699,"name":"Inglewood","structure":"INNER CITY","special":false,"revenue":1048736,"m2_sampled":23114,"m2_local":0,"m2_shared":17291},"geometry":{"type":"MultiPolygon","coordinates":[[[[-114.02346,51.04046],[-114.02041,51.04414],[-114.01383,51.04431],[-114.0103,51.0408],[-114.01336,51.03712],[-114.01994,51.03695],[-114.02346,51.04046]]]]}},{"type":"Feature","properties":{"id":1700,"name":"Inglewood","structure":"INNER CITY","special":false,"revenue":1543848,"m2_sampled":34539,"m2_local":0,"m2_shared":3479},"geometry":{"type":"MultiPolygon","coordinates":[[[[-114.02299,51.03327],[-114.01994,51.03695],[-114.01336,51.03712],[-114.00984,51.03361],[-114.01289,51.02994],[-114.01947,51.02977],[-114.02299,51.03327]]]]}},{"type":"Feature","properties":{"id":1701,"name":"Alyth/Bonnybrook","structure":"EMPLOYMENT","special":false,"revenue":480124,"m2_sampled":4269,"m2_local":0,"m2_shared":0},"geometry":{"type":"MultiPolygon","coordinates":[[[[-114.02253,51.02609],[-114.01947,51.02977],[-114.01289,51.02994],[-114.00937,51.02643],[-114.01243,51.02275],[-114.019,51.02258],[-114.02253,51.02609]]]]}},{"type":"Feature","properties":{"id":1702,"name":"Alyth/Bonnybrook","structure":"EMPLOYMENT","special":false,"revenue":1769737,"m2_sampled":0,"m2_local":14739,"m2_shared":0},"geometry":{"type":"MultiPolygon","coordinates":[[[[-114.02206,51.01891],[-114.019,51.02258],[-114.01243,51.02275],[-114.00891,51.01925],[-114.01196,51.01557],[-114.01854,51.0154],[-114.02206,51.01891]]]]}},{"type":"Feature","properties":{"id":1703,"name":"Alyth/Bonnybrook","structure":"EMPLOYMENT","special":false,"revenue":201787,"m2_sampled":0,"m2_local":21644,"m2_shared":0},"geometry":{"type":"MultiPolygon","coordinates":[[[[-114.02159,51.01172],[-114.01854,51.0154],[-114.01196,51.01557],[-114.00844,51.01206],[-114.0115,51.00839],[-114.01807,51.00822],[-114.02159,51.01172]]]]}},{"type":"Feature","properties":{"id":1704,"name":"09h","structure":"UNDEVELOPED","special":true,"revenue":342364,"m2_sampled":2360,"m2_local":22260,"m2_shared":0},"geometry":{"type":"MultiPolygon","coordinates":[[[[-114.02112,51.00454],[-114.01807,51.00822],[-114.0115,51.00839],[-114.00798,51.00488],[-114.01103,51.0012],[-114.0176,51.00103],[-114.02112,51.00454]]]]}},{"type":"Feature","properties":{"id":1705,"name":"Ogden","structure":"1950s","special":false,"revenue":965749,"m2_sampled":48787,"m2_local":5598,"m2_shared":0},"geometry":{"type":"MultiPolygon","coordinates":[[[[-114.02066,50.99735],[-114.0176,51.00103],[-114.01103,51.0012],[-114.00751,50.99769],[-114.01057,50.99402],[-114.01714,50.99385],[-114.02066,50.99735]]]]}},{"type":"Feature","properties":{"id":1706,"name":"Ogden","structure":"1950s","special":false,"revenue":996090,"m2_sampled":48640,"m2_local":8842,"m2_shared":0},"geometry":{"type":"MultiPolygon","coordinates":[[[[-114.02019,50.99017],[-114.01714,50.99385],[-114.01057,50.99402],[-114.00705,50.99051],[-114.0101,50.98683],[-114.01667,50.98666],[-114.02019,50.99017]]]]}},{"type":"Feature","properties":{"id":1707,"name":"Ogden","structure":"1950s","special":false,"revenue":1200634,"m2_sampled":38269,"m2_local":18292,"m2_shared":41554},"geometry":{"type":"MultiPolygon","coordinates":[[[[-114.01972,50.98299],[-114.01667,50.98666],[-114.0101,50.98683],[-114.00658,50.98333],[-114.00964,50.97965],[-114.01621,50.97948],[-114.01972,50.98299]]]]}},{"type":"Feature","properties":{"id":1708,"name":"Riverbend","structure":"1980s/1990s","special":false,"revenue":2221318,"m2_sampled":42723,"m2_local":25890,"m2_shared":32789},"geometry":{"type":"MultiPolygon","coordinates":[[[[-114.01926,50.9758],[-114.01621,50.97948],[-114.00964,50.97965],[-114.00612,50.97614],[-114.00917,50.97247],[-114.01574,50.9723],[-114.01926,50.9758]]]]}},{"type":"Feature","properties":{"id":1709,"name":"Riverbend","structure":"1980s/1990s","special":false,"revenue":1839797,"m2_sampled":63923,"m2_local":0,"m2_shared":20122},"geometry":{"type":"MultiPolygon","coordinates":[[[[-114.01879,50.96862],[-114.01574,50.9723],[-114.00917,50.97247],[-114.00565,50.96896],[-114.00871,50.96528],[-114.01527,50.96511],[-114.01879,50.96862]]]]}},{"type":"Feature","properties":{"id":1710,"name":"Douglasdale/Glen","structure":"1980s/1990s","special":false,"revenue":7283247,"m2_sampled":7881,"m2_local":18184,"m2_shared":28909},"geometry":{"type":"MultiPolygon","coordinates":[[[[-114.01833,50.96143],[-114.01527,50.96511],[-114.00871,50.96528],[-114.00519,50.96177],[-114.00824,50.9581],[-114.01481,50.95793],[-114.01833,50.96143]]]]}},{"type":"Feature","properties":{"id":1711,"name":"Douglasdale/Glen","structure":"1980s/1990s","special":false,"revenue":1861966,"m2_sampled":55164,"m2_local":10646,"m2_shared":3382},"geometry":{"type":"MultiPolygon","coordinates":[[[[-114.01786,50.95425],[-114.01481,50.95793],[-114.00824,50.9581],[-114.00473,50.95459],[-114.00778,50.95091],[-114.01434,50.95074],[-114.01786,50.95425]]]]}},{"type":"Feature","properties":{"id":1712,"name":"Douglasdale/Glen","structure":"1980s/1990s","special":false,"revenue":1136901,"m2_sampled":34248,"m2_local":4191,"m2_shared":323},"geometry":{"type":"MultiPolygon","coordinates":[[[[-114.01739,50.94707],[-114.01434,50.95074],[-114.00778,50.95091],[-114.00426,50.94741],[-114.00731,50.94373],[-114.01388,50.94356],[-114.01739,50.94707]]]]}},{"type":"Feature","properties":{"id":1713,"name":"Douglasdale/Glen","structure":"1980s/1990s","special":false,"revenue":560853,"m2_sampled":16274,"m2_local":0,"m2_shared":0},"geometry":{"type":"MultiPolygon","coordinates":[[[[-114.01693,50.93988],[-114.01388,50.94356],[-114.00731,50.94373],[-114.0038,50.94022],[-114.00685,50.93654],[-114.01341,50.93638],[-114.01693,50.93988]]]]}},{"type":"Feature","properties":{"id":1714,"name":"Deer Run","structure":"1980s/1990s","special":false,"revenue":1007095,"m2_sampled":22990,"m2_local":16485,"m2_shared":0},"geometry":{"type":"MultiPolygon","coordinates":[[[[-114.01646,50.9327],[-114.01341,50.93638],[-114.00685,50.93654],[-114.00334,50.93304],[-114.00639,50.92936],[-114.01295,50.92919],[-114.01646,50.9327]]]]}},{"type":"Feature","properties":{"id":1715,"name":"Deer Run","structure":"1980s/1990s","special":false,"revenue":1151480,"m2_sampled":32406,"m2_local":17524,"m2_shared":0},"geometry":{"type":"MultiPolygon","coordinates":[[[[-114.016,50.92551],[-114.01295,50.92919],[-114.00639,50.92936],[-114.00287,50.92585],[-114.00592,50.92218],[-114.01249,50.92201],[-114.016,50.92551]]]]}},{"type":"Feature","properties":{"id":1716,"name":"Deer Run","structure":"1980s/1990s","special":false,"revenue":1177519,"m2_sampled":35570,"m2_local":15346,"m2_shared":0},"geometry":{"type":"MultiPolygon","coordinates":[[[[-114.01553,50.91833],[-114.01249,50.92201],[-114.00592,50.92218],[-114.00241,50.91867],[-114.00546,50.91499],[-114.01202,50.91482],[-114.01553,50.91833]]]]}},{"type":"Feature","properties":{"id":1717,"name":"Deer Run","structure":"1980s/1990s","special":false,"revenue":85286,"m2_sampled":0,"m2_local":0,"m2_shared":0},"geometry":{"type":"MultiPolygon","coordinates":[[[[-114.01507,50.91115],[-114.01202,50.91482],[-114.00546,50.91499],[-114.00195,50.91148],[-114.005,50.90781],[-114.01156,50.90764],[-114.01507,50.91115]]]]}},{"type":"Feature","properties":{"id":1718,"name":"Fish Creek Park","structure":"PARKS","special":true,"revenue":29870,"m2_sampled":0,"m2_local":0,"m2_shared":0},"geometry":{"type":"MultiPolygon","coordinates":[[[[-114.0146,50.90396],[-114.01156,50.90764],[-114.005,50.90781],[-114.00149,50.9043],[-114.00453,50.90062],[-114.01109,50.90045],[-114.0146,50.90396]]]]}},{"type":"Feature","properties":{"id":1719,"name":"Fish Creek Park","structure":"PARKS","special":true,"revenue":126736,"m2_sampled":4173,"m2_local":0,"m2_shared":0},"geometry":{"type":"MultiPolygon","coordinates":[[[[-114.01414,50.89678],[-114.01109,50.90045],[-114.00453,50.90062],[-114.00102,50.89712],[-114.00407,50.89344],[-114.01063,50.89327],[-114.01414,50.89678]]]]}},{"type":"Feature","properties":{"id":1720,"name":"Fish Creek Park","structure":"PARKS","special":true,"revenue":178986,"m2_sampled":142,"m2_local":0,"m2_shared":0},"geometry":{"type":"MultiPolygon","coordinates":[[[[-114.01368,50.88959],[-114.01063,50.89327],[-114.00407,50.89344],[-114.00056,50.88993],[-114.00361,50.88626],[-114.01017,50.88609],[-114.01368,50.88959]]]]}},{"type":"Feature","properties":{"id":1721,"name":"Chaparral","structure":"2010s","special":false,"revenue":21383,"m2_sampled":0,"m2_local":0,"m2_shared":0},"geometry":{"type":"MultiPolygon","coordinates":[[[[-114.01321,50.88241],[-114.01017,50.88609],[-114.00361,50.88626],[-114.0001,50.88275],[-114.00315,50.87907],[-114.0097,50.8789],[-114.01321,50.88241]]]]}},{"type":"Feature","properties":{"id":1722,"name":"Wolf Willow","structure":"BUILDING OUT","special":false,"revenue":2066871,"m2_sampled":49361,"m2_local":26889,"m2_shared":0},"geometry":{"type":"MultiPolygon","coordinates":[[[[-114.01275,50.87523],[-114.0097,50.8789],[-114.00315,50.87907],[-113.99964,50.87556],[-114.00268,50.87189],[-114.00924,50.87172],[-114.01275,50.87523]]]]}},{"type":"Feature","properties":{"id":1723,"name":"Wolf Willow","structure":"BUILDING OUT","special":false,"revenue":411883,"m2_sampled":9140,"m2_local":0,"m2_shared":0},"geometry":{"type":"MultiPolygon","coordinates":[[[[-114.01229,50.86804],[-114.00924,50.87172],[-114.00268,50.87189],[-113.99918,50.86838],[-114.00222,50.8647],[-114.00878,50.86453],[-114.01229,50.86804]]]]}},{"type":"Feature","properties":{"id":1724,"name":"Legacy","structure":"BUILDING OUT","special":false,"revenue":2022820,"m2_sampled":36222,"m2_local":23892,"m2_shared":2006},"geometry":{"type":"MultiPolygon","coordinates":[[[[-114.01182,50.86086],[-114.00878,50.86453],[-114.00222,50.8647],[-113.99871,50.86119],[-114.00176,50.85752],[-114.00831,50.85735],[-114.01182,50.86086]]]]}},{"type":"Feature","properties":{"id":1725,"name":"Legacy","structure":"BUILDING OUT","special":false,"revenue":1892373,"m2_sampled":43762,"m2_local":10806,"m2_shared":0},"geometry":{"type":"MultiPolygon","coordinates":[[[[-114.01136,50.85367],[-114.00831,50.85735],[-114.00176,50.85752],[-113.99825,50.85401],[-114.0013,50.85033],[-114.00785,50.85016],[-114.01136,50.85367]]]]}},{"type":"Feature","properties":{"id":1726,"name":"Legacy","structure":"BUILDING OUT","special":false,"revenue":13298,"m2_sampled":0,"m2_local":0,"m2_shared":0},"geometry":{"type":"MultiPolygon","coordinates":[[[[-114.00153,50.84849],[-114.00182,50.84849],[-114.0058,50.8485],[-114.00922,50.84851],[-114.00785,50.85016],[-114.0013,50.85033],[-113.99941,50.84845],[-114.00153,50.84849]]]]}},{"type":"Feature","properties":{"id":1730,"name":"03w","structure":"OTHER","special":true,"revenue":494,"m2_sampled":0,"m2_local":0,"m2_shared":0},"geometry":{"type":"MultiPolygon","coordinates":[[[[-114.02017,51.21243],[-114.01398,51.21243],[-114.0133,51.21175],[-114.01329,51.20761],[-114.01447,51.2062],[-114.02107,51.20603],[-114.02461,51.20953],[-114.0222,51.21243],[-114.02017,51.21243]]]]}},{"type":"Feature","properties":{"id":1731,"name":"03w","structure":"OTHER","special":true,"revenue":4218,"m2_sampled":0,"m2_local":0,"m2_shared":0},"geometry":{"type":"MultiPolygon","coordinates":[[[[-114.02414,51.20235],[-114.02107,51.20603],[-114.01447,51.2062],[-114.01093,51.20269],[-114.014,51.19901],[-114.0206,51.19884],[-114.02414,51.20235]]]]}},{"type":"Feature","properties":{"id":1732,"name":"03w","structure":"OTHER","special":true,"revenue":3930,"m2_sampled":0,"m2_local":0,"m2_shared":0},"geometry":{"type":"MultiPolygon","coordinates":[[[[-114.02367,51.19517],[-114.0206,51.19884],[-114.014,51.19901],[-114.01047,51.19551],[-114.01353,51.19183],[-114.02013,51.19166],[-114.02367,51.19517]]]]}},{"type":"Feature","properties":{"id":1733,"name":"03w","structure":"OTHER","special":true,"revenue":4562,"m2_sampled":0,"m2_local":0,"m2_shared":0},"geometry":{"type":"MultiPolygon","coordinates":[[[[-114.0232,51.18798],[-114.02013,51.19166],[-114.01353,51.19183],[-114.01,51.18832],[-114.01306,51.18465],[-114.01966,51.18448],[-114.0232,51.18798]]]]}},{"type":"Feature","properties":{"id":1734,"name":"Keystone Hills","structure":"BUILDING OUT","special":false,"revenue":42243,"m2_sampled":0,"m2_local":0,"m2_shared":0},"geometry":{"type":"MultiPolygon","coordinates":[[[[-114.02273,51.1808],[-114.01966,51.18448],[-114.01306,51.18465],[-114.00953,51.18114],[-114.01259,51.17746],[-114.01919,51.17729],[-114.02273,51.1808]]]]}},{"type":"Feature","properties":{"id":1735,"name":"Stoney 1","structure":"EMPLOYMENT","special":false,"revenue":69879,"m2_sampled":0,"m2_local":0,"m2_shared":0},"geometry":{"type":"MultiPolygon","coordinates":[[[[-114.02226,51.17362],[-114.01919,51.17729],[-114.01259,51.17746],[-114.00906,51.17396],[-114.01213,51.17028],[-114.01872,51.17011],[-114.02226,51.17362]]]]}},{"type":"Feature","properties":{"id":1736,"name":"Stoney 1","structure":"EMPLOYMENT","special":false,"revenue":955198,"m2_sampled":0,"m2_local":0,"m2_shared":0},"geometry":{"type":"MultiPolygon","coordinates":[[[[-114.02179,51.16643],[-114.01872,51.17011],[-114.01213,51.17028],[-114.00859,51.16677],[-114.01166,51.1631],[-114.01825,51.16293],[-114.02179,51.16643]]]]}},{"type":"Feature","properties":{"id":1737,"name":"Stoney 1","structure":"EMPLOYMENT","special":false,"revenue":3535506,"m2_sampled":0,"m2_local":0,"m2_shared":0},"geometry":{"type":"MultiPolygon","coordinates":[[[[-114.02132,51.15925],[-114.01825,51.16293],[-114.01166,51.1631],[-114.00813,51.15959],[-114.01119,51.15591],[-114.01778,51.15574],[-114.02132,51.15925]]]]}},{"type":"Feature","properties":{"id":1738,"name":"Stoney 2","structure":"EMPLOYMENT","special":false,"revenue":2616262,"m2_sampled":0,"m2_local":17213,"m2_shared":14389},"geometry":{"type":"MultiPolygon","coordinates":[[[[-114.02085,51.15206],[-114.01778,51.15574],[-114.01119,51.15591],[-114.00766,51.1524],[-114.01072,51.14873],[-114.01732,51.14856],[-114.02085,51.15206]]]]}},{"type":"Feature","properties":{"id":1739,"name":"Stoney 2","structure":"EMPLOYMENT","special":false,"revenue":2921131,"m2_sampled":0,"m2_local":26753,"m2_shared":972},"geometry":{"type":"MultiPolygon","coordinates":[[[[-114.02038,51.14488],[-114.01732,51.14856],[-114.01072,51.14873],[-114.00719,51.14522],[-114.01025,51.14154],[-114.01685,51.14137],[-114.02038,51.14488]]]]}},{"type":"Feature","properties":{"id":1740,"name":"Calgary International Airport","structure":"OTHER","special":true,"revenue":166971,"m2_sampled":0,"m2_local":21753,"m2_shared":36453},"geometry":{"type":"MultiPolygon","coordinates":[[[[-114.01991,51.1377],[-114.01685,51.14137],[-114.01025,51.14154],[-114.00672,51.13804],[-114.00979,51.13436],[-114.01638,51.13419],[-114.01991,51.1377]]]]}},{"type":"Feature","properties":{"id":1741,"name":"Calgary International Airport","structure":"OTHER","special":true,"revenue":53544,"m2_sampled":0,"m2_local":0,"m2_shared":15689},"geometry":{"type":"MultiPolygon","coordinates":[[[[-114.01944,51.13051],[-114.01638,51.13419],[-114.00979,51.13436],[-114.00626,51.13085],[-114.00932,51.12718],[-114.01591,51.12701],[-114.01944,51.13051]]]]}},{"type":"Feature","properties":{"id":1742,"name":"Calgary International Airport","structure":"OTHER","special":true,"revenue":53544,"m2_sampled":0,"m2_local":0,"m2_shared":0},"geometry":{"type":"MultiPolygon","coordinates":[[[[-114.01897,51.12333],[-114.01591,51.12701],[-114.00932,51.12718],[-114.00579,51.12367],[-114.00885,51.11999],[-114.01544,51.11982],[-114.01897,51.12333]]]]}},{"type":"Feature","properties":{"id":1743,"name":"Calgary International Airport","structure":"OTHER","special":true,"revenue":53544,"m2_sampled":0,"m2_local":0,"m2_shared":0},"geometry":{"type":"MultiPolygon","coordinates":[[[[-114.0185,51.11614],[-114.01544,51.11982],[-114.00885,51.11999],[-114.00532,51.11648],[-114.00838,51.11281],[-114.01497,51.11264],[-114.0185,51.11614]]]]}},{"type":"Feature","properties":{"id":1744,"name":"Calgary International Airport","structure":"OTHER","special":true,"revenue":53544,"m2_sampled":0,"m2_local":0,"m2_shared":0},"geometry":{"type":"MultiPolygon","coordinates":[[[[-114.01803,51.10896],[-114.01497,51.11264],[-114.00838,51.11281],[-114.00486,51.1093],[-114.00792,51.10562],[-114.01451,51.10545],[-114.01803,51.10896]]]]}},{"type":"Feature","properties":{"id":1745,"name":"Calgary International Airport","structure":"OTHER","special":true,"revenue":46919,"m2_sampled":0,"m2_local":0,"m2_shared":0},"geometry":{"type":"MultiPolygon","coordinates":[[[[-114.01757,51.10178],[-114.01451,51.10545],[-114.00792,51.10562],[-114.00439,51.10212],[-114.00745,51.09844],[-114.01404,51.09827],[-114.01757,51.10178]]]]}},{"type":"Feature","properties":{"id":1746,"name":"Pegasus","structure":"EMPLOYMENT","special":false,"revenue":2097585,"m2_sampled":0,"m2_local":9542,"m2_shared":25341},"geometry":{"type":"MultiPolygon","coordinates":[[[[-114.0171,51.09459],[-114.01404,51.09827],[-114.00745,51.09844],[-114.00392,51.09493],[-114.00698,51.09126],[-114.01357,51.09109],[-114.0171,51.09459]]]]}},{"type":"Feature","properties":{"id":1747,"name":"North Airways","structure":"EMPLOYMENT","special":false,"revenue":4243999,"m2_sampled":0,"m2_local":11032,"m2_shared":0},"geometry":{"type":"MultiPolygon","coordinates":[[[[-114.01663,51.08741],[-114.01357,51.09109],[-114.00698,51.09126],[-114.00346,51.08775],[-114.00652,51.08407],[-114.0131,51.0839],[-114.01663,51.08741]]]]}},{"type":"Feature","properties":{"id":1748,"name":"South Airways","structure":"EMPLOYMENT","special":false,"revenue":4834024,"m2_sampled":0,"m2_local":23142,"m2_shared":21313},"geometry":{"type":"MultiPolygon","coordinates":[[[[-114.01616,51.08023],[-114.0131,51.0839],[-114.00652,51.08407],[-114.00299,51.08056],[-114.00605,51.07689],[-114.01264,51.07672],[-114.01616,51.08023]]]]}},{"type":"Feature","properties":{"id":1749,"name":"Vista Heights","structure":"1960s/1970s","special":false,"revenue":3170505,"m2_sampled":18661,"m2_local":7602,"m2_shared":15},"geometry":{"type":"MultiPolygon","coordinates":[[[[-114.0157,51.07304],[-114.01264,51.07672],[-114.00605,51.07689],[-114.00253,51.07338],[-114.00559,51.0697],[-114.01217,51.06953],[-114.0157,51.07304]]]]}},{"type":"Feature","properties":{"id":1750,"name":"Mayland Heights","structure":"1960s/1970s","special":false,"revenue":2100433,"m2_sampled":35192,"m2_local":14037,"m2_shared":38138},"geometry":{"type":"MultiPolygon","coordinates":[[[[-114.01523,51.06586],[-114.01217,51.06953],[-114.00559,51.0697],[-114.00206,51.0662],[-114.00512,51.06252],[-114.0117,51.06235],[-114.01523,51.06586]]]]}},{"type":"Feature","properties":{"id":1751,"name":"Mayland Heights","structure":"1960s/1970s","special":false,"revenue":1637903,"m2_sampled":59079,"m2_local":7558,"m2_shared":778},"geometry":{"type":"MultiPolygon","coordinates":[[[[-114.01476,51.05867],[-114.0117,51.06235],[-114.00512,51.06252],[-114.0016,51.05901],[-114.00466,51.05534],[-114.01124,51.05517],[-114.01476,51.05867]]]]}},{"type":"Feature","properties":{"id":1752,"name":"Mayland","structure":"EMPLOYMENT","special":false,"revenue":3497363,"m2_sampled":13576,"m2_local":15033,"m2_shared":2886},"geometry":{"type":"MultiPolygon","coordinates":[[[[-114.01429,51.05149],[-114.01124,51.05517],[-114.00466,51.05534],[-114.00113,51.05183],[-114.00419,51.04815],[-114.01077,51.04798],[-114.01429,51.05149]]]]}},{"type":"Feature","properties":{"id":1753,"name":"Albert Park/Radisson Heights","structure":"1950s","special":false,"revenue":610253,"m2_sampled":5955,"m2_local":3304,"m2_shared":32046},"geometry":{"type":"MultiPolygon","coordinates":[[[[-114.01383,51.04431],[-114.01077,51.04798],[-114.00419,51.04815],[-114.00067,51.04464],[-114.00373,51.04097],[-114.0103,51.0408],[-114.01383,51.04431]]]]}},{"type":"Feature","properties":{"id":1754,"name":"Albert Park/Radisson Heights","structure":"1950s","special":false,"revenue":51169,"m2_sampled":0,"m2_local":0,"m2_shared":19602},"geometry":{"type":"MultiPolygon","coordinates":[[[[-114.01336,51.03712],[-114.0103,51.0408],[-114.00373,51.04097],[-114.0002,51.03746],[-114.00326,51.03378],[-114.00984,51.03361],[-114.01336,51.03712]]]]}},{"type":"Feature","properties":{"id":1755,"name":"Inglewood","structure":"INNER CITY","special":false,"revenue":132540,"m2_sampled":3244,"m2_local":0,"m2_shared":0},"geometry":{"type":"MultiPolygon","coordinates":[[[[-114.01289,51.02994],[-114.00984,51.03361],[-114.00326,51.03378],[-113.99974,51.03028],[-114.0028,51.0266],[-114.00937,51.02643],[-114.01289,51.02994]]]]}},{"type":"Feature","properties":{"id":1756,"name":"Dover","structure":"1960s/1970s","special":false,"revenue":19409,"m2_sampled":0,"m2_local":0,"m2_shared":0},"geometry":{"type":"MultiPolygon","coordinates":[[[[-114.01243,51.02275],[-114.00937,51.02643],[-114.0028,51.0266],[-113.99928,51.02309],[-114.00233,51.01942],[-114.00891,51.01925],[-114.01243,51.02275]]]]}},{"type":"Feature","properties":{"id":1757,"name":"Dover","structure":"1960s/1970s","special":false,"revenue":316318,"m2_sampled":2520,"m2_local":1780,"m2_shared":13447},"geometry":{"type":"MultiPolygon","coordinates":[[[[-114.01196,51.01557],[-114.00891,51.01925],[-114.00233,51.01942],[-113.99881,51.01591],[-114.00187,51.01223],[-114.00844,51.01206],[-114.01196,51.01557]]]]}},{"type":"Feature","properties":{"id":1758,"name":"Valleyfield","structure":"EMPLOYMENT","special":false,"revenue":2381408,"m2_sampled":2213,"m2_local":17800,"m2_shared":15887},"geometry":{"type":"MultiPolygon","coordinates":[[[[-114.0115,51.00839],[-114.00844,51.01206],[-114.00187,51.01223],[-113.99835,51.00872],[-114.0014,51.00505],[-114.00798,51.00488],[-114.0115,51.00839]]]]}},{"type":"Feature","properties":{"id":1759,"name":"Ogden Shops","structure":"EMPLOYMENT","special":false,"revenue":1671060,"m2_sampled":0,"m2_local":0,"m2_shared":0},"geometry":{"type":"MultiPolygon","coordinates":[[[[-114.01103,51.0012],[-114.00798,51.00488],[-114.0014,51.00505],[-113.99788,51.00154],[-114.00094,50.99786],[-114.00751,50.99769],[-114.01103,51.0012]]]]}},{"type":"Feature","properties":{"id":1760,"name":"Ogden","structure":"1950s","special":false,"revenue":2925465,"m2_sampled":21541,"m2_local":9649,"m2_shared":0},"geometry":{"type":"MultiPolygon","coordinates":[[[[-114.01057,50.99402],[-114.00751,50.99769],[-114.00094,50.99786],[-113.99742,50.99436],[-114.00048,50.99068],[-114.00705,50.99051],[-114.01057,50.99402]]]]}},{"type":"Feature","properties":{"id":1761,"name":"Ogden","structure":"1950s","special":false,"revenue":1487754,"m2_sampled":55315,"m2_local":14947,"m2_shared":0},"geometry":{"type":"MultiPolygon","coordinates":[[[[-114.0101,50.98683],[-114.00705,50.99051],[-114.00048,50.99068],[-113.99696,50.98717],[-114.00001,50.9835],[-114.00658,50.98333],[-114.0101,50.98683]]]]}},{"type":"Feature","properties":{"id":1762,"name":"Ogden","structure":"1950s","special":false,"revenue":1368779,"m2_sampled":47979,"m2_local":8484,"m2_shared":43024},"geometry":{"type":"MultiPolygon","coordinates":[[[[-114.00964,50.97965],[-114.00658,50.98333],[-114.00001,50.9835],[-113.9965,50.97999],[-113.99955,50.97631],[-114.00612,50.97614],[-114.00964,50.97965]]]]}},{"type":"Feature","properties":{"id":1763,"name":"Riverbend","structure":"1980s/1990s","special":false,"revenue":1817514,"m2_sampled":20614,"m2_local":4609,"m2_shared":19477},"geometry":{"type":"MultiPolygon","coordinates":[[[[-114.00917,50.97247],[-114.00612,50.97614],[-113.99955,50.97631],[-113.99603,50.9728],[-113.99909,50.96913],[-114.00565,50.96896],[-114.00917,50.97247]]]]}},{"type":"Feature","properties":{"id":1764,"name":"Riverbend","structure":"1980s/1990s","special":false,"revenue":1996072,"m2_sampled":6963,"m2_local":0,"m2_shared":26803},"geometry":{"type":"MultiPolygon","coordinates":[[[[-114.00871,50.96528],[-114.00565,50.96896],[-113.99909,50.96913],[-113.99557,50.96562],[-113.99862,50.96194],[-114.00519,50.96177],[-114.00871,50.96528]]]]}},{"type":"Feature","properties":{"id":1765,"name":"Douglasdale/Glen","structure":"1980s/1990s","special":false,"revenue":2194893,"m2_sampled":8091,"m2_local":0,"m2_shared":31537},"geometry":{"type":"MultiPolygon","coordinates":[[[[-114.00824,50.9581],[-114.00519,50.96177],[-113.99862,50.96194],[-113.99511,50.95843],[-113.99816,50.95476],[-114.00473,50.95459],[-114.00824,50.9581]]]]}},{"type":"Feature","properties":{"id":1766,"name":"Shepard Industrial","structure":"EMPLOYMENT","special":false,"revenue":2716595,"m2_sampled":13839,"m2_local":27374,"m2_shared":22890},"geometry":{"type":"MultiPolygon","coordinates":[[[[-114.00778,50.95091],[-114.00473,50.95459],[-113.99816,50.95476],[-113.99465,50.95125],[-113.9977,50.94757],[-114.00426,50.94741],[-114.00778,50.95091]]]]}},{"type":"Feature","properties":{"id":1767,"name":"Douglasdale/Glen","structure":"1980s/1990s","special":false,"revenue":1264340,"m2_sampled":36624,"m2_local":23633,"m2_shared":0},"geometry":{"type":"MultiPolygon","coordinates":[[[[-114.00731,50.94373],[-114.00426,50.94741],[-113.9977,50.94757],[-113.99418,50.94407],[-113.99723,50.94039],[-114.0038,50.94022],[-114.00731,50.94373]]]]}},{"type":"Feature","properties":{"id":1768,"name":"Fish Creek Park","structure":"PARKS","special":true,"revenue":414778,"m2_sampled":12355,"m2_local":0,"m2_shared":0},"geometry":{"type":"MultiPolygon","coordinates":[[[[-114.00685,50.93654],[-114.0038,50.94022],[-113.99723,50.94039],[-113.99372,50.93688],[-113.99677,50.93321],[-114.00334,50.93304],[-114.00685,50.93654]]]]}},{"type":"Feature","properties":{"id":1769,"name":"Fish Creek Park","structure":"PARKS","special":true,"revenue":17585,"m2_sampled":0,"m2_local":0,"m2_shared":0},"geometry":{"type":"MultiPolygon","coordinates":[[[[-114.00639,50.92936],[-114.00334,50.93304],[-113.99677,50.93321],[-113.99326,50.9297],[-113.99631,50.92602],[-114.00287,50.92585],[-114.00639,50.92936]]]]}},{"type":"Feature","properties":{"id":1770,"name":"Fish Creek Park","structure":"PARKS","special":true,"revenue":813836,"m2_sampled":18753,"m2_local":8332,"m2_shared":0},"geometry":{"type":"MultiPolygon","coordinates":[[[[-114.00592,50.92218],[-114.00287,50.92585],[-113.99631,50.92602],[-113.9928,50.92251],[-113.99585,50.91884],[-114.00241,50.91867],[-114.00592,50.92218]]]]}},{"type":"Feature","properties":{"id":1771,"name":"Fish Creek Park","structure":"PARKS","special":true,"revenue":364944,"m2_sampled":9201,"m2_local":2992,"m2_shared":0},"geometry":{"type":"MultiPolygon","coordinates":[[[[-114.00546,50.91499],[-114.00241,50.91867],[-113.99585,50.91884],[-113.99234,50.91533],[-113.99539,50.91165],[-114.00195,50.91148],[-114.00546,50.91499]]]]}},{"type":"Feature","properties":{"id":1772,"name":"Mckenzie Lake","structure":"1980s/1990s","special":false,"revenue":1308897,"m2_sampled":32237,"m2_local":15762,"m2_shared":0},"geometry":{"type":"MultiPolygon","coordinates":[[[[-114.005,50.90781],[-114.00195,50.91148],[-113.99539,50.91165],[-113.99188,50.90815],[-113.99493,50.90447],[-114.00149,50.9043],[-114.005,50.90781]]]]}},{"type":"Feature","properties":{"id":1773,"name":"Mckenzie Lake","structure":"1980s/1990s","special":false,"revenue":1203741,"m2_sampled":33096,"m2_local":7176,"m2_shared":3954},"geometry":{"type":"MultiPolygon","coordinates":[[[[-114.00453,50.90062],[-114.00149,50.9043],[-113.99493,50.90447],[-113.99142,50.90096],[-113.99446,50.89728],[-114.00102,50.89712],[-114.00453,50.90062]]]]}},{"type":"Feature","properties":{"id":1774,"name":"Cranston","structure":"BUILDING OUT","special":false,"revenue":798106,"m2_sampled":20445,"m2_local":0,"m2_shared":0},"geometry":{"type":"MultiPolygon","coordinates":[[[[-114.00407,50.89344],[-114.00102,50.89712],[-113.99446,50.89728],[-113.99095,50.89378],[-113.994,50.8901],[-114.00056,50.88993],[-114.00407,50.89344]]]]}},{"type":"Feature","properties":{"id":1775,"name":"Fish Creek Park","structure":"PARKS","special":true,"revenue":388688,"m2_sampled":6795,"m2_local":0,"m2_shared":0},"geometry":{"type":"MultiPolygon","coordinates":[[[[-114.00361,50.88626],[-114.00056,50.88993],[-113.994,50.8901],[-113.99049,50.88659],[-113.99354,50.88292],[-114.0001,50.88275],[-114.00361,50.88626]]]]}},{"type":"Feature","properties":{"id":1776,"name":"Fish Creek Park","structure":"PARKS","special":true,"revenue":293908,"m2_sampled":7519,"m2_local":0,"m2_shared":0},"geometry":{"type":"MultiPolygon","coordinates":[[[[-114.00315,50.87907],[-114.0001,50.88275],[-113.99354,50.88292],[-113.99003,50.87941],[-113.99308,50.87573],[-113.99964,50.87556],[-114.00315,50.87907]]]]}},{"type":"Feature","properties":{"id":1777,"name":"Wolf Willow","structure":"BUILDING OUT","special":false,"revenue":550005,"m2_sampled":28522,"m2_local":10925,"m2_shared":0},"geometry":{"type":"MultiPolygon","coordinates":[[[[-114.00268,50.87189],[-113.99964,50.87556],[-113.99308,50.87573],[-113.98957,50.87222],[-113.99262,50.86855],[-113.99918,50.86838],[-114.00268,50.87189]]]]}},{"type":"Feature","properties":{"id":1778,"name":"Wolf Willow","structure":"BUILDING OUT","special":false,"revenue":88923,"m2_sampled":0,"m2_local":27594,"m2_shared":0},"geometry":{"type":"MultiPolygon","coordinates":[[[[-114.00222,50.8647],[-113.99918,50.86838],[-113.99262,50.86855],[-113.98911,50.86504],[-113.99216,50.86136],[-113.99871,50.86119],[-114.00222,50.8647]]]]}},{"type":"Feature","properties":{"id":1779,"name":"Legacy","structure":"BUILDING OUT","special":false,"revenue":1083361,"m2_sampled":23535,"m2_local":6769,"m2_shared":0},"geometry":{"type":"MultiPolygon","coordinates":[[[[-114.00176,50.85752],[-113.99871,50.86119],[-113.99216,50.86136],[-113.98865,50.85785],[-113.9917,50.85418],[-113.99825,50.85401],[-114.00176,50.85752]]]]}},{"type":"Feature","properties":{"id":1780,"name":"Legacy","structure":"BUILDING OUT","special":false,"revenue":364307,"m2_sampled":7026,"m2_local":3250,"m2_shared":0},"geometry":{"type":"MultiPolygon","coordinates":[[[[-113.99822,50.84843],[-113.99851,50.84843],[-113.99941,50.84845],[-114.0013,50.85033],[-113.99825,50.85401],[-113.9917,50.85418],[-113.98819,50.85067],[-113.99003,50.84846],[-113.99822,50.84843]]]]}},{"type":"Feature","properties":{"id":1783,"name":"03w","structure":"OTHER","special":true,"revenue":0,"m2_sampled":0,"m2_local":0,"m2_shared":0},"geometry":{"type":"MultiPolygon","coordinates":[[[[-114.0133,51.21243],[-114.0133,51.21175],[-114.01398,51.21243],[-114.0133,51.21243]]]]}},{"type":"Feature","properties":{"id":1784,"name":"03w","structure":"OTHER","special":true,"revenue":1611,"m2_sampled":0,"m2_local":0,"m2_shared":0},"geometry":{"type":"MultiPolygon","coordinates":[[[[-114.01328,51.20525],[-114.0083,51.20525],[-114.00787,51.20525],[-114.00267,51.20525],[-114.00267,51.20485],[-114.00433,51.20286],[-114.01093,51.20269],[-114.01447,51.2062],[-114.01329,51.20761],[-114.01328,51.20525]]]]}},{"type":"Feature","properties":{"id":1785,"name":"03w","structure":"OTHER","special":true,"revenue":2458,"m2_sampled":0,"m2_local":0,"m2_shared":0},"geometry":{"type":"MultiPolygon","coordinates":[[[[-114.00267,51.19802],[-114.00267,51.19711],[-114.00386,51.19568],[-114.01047,51.19551],[-114.014,51.19901],[-114.01093,51.20269],[-114.00433,51.20286],[-114.00267,51.20121],[-114.00267,51.19802]]]]}},{"type":"Feature","properties":{"id":1786,"name":"03w","structure":"OTHER","special":true,"revenue":3612,"m2_sampled":0,"m2_local":0,"m2_shared":0},"geometry":{"type":"MultiPolygon","coordinates":[[[[-114.00267,51.19182],[-114.00267,51.19078],[-114.00267,51.18937],[-114.0034,51.18849],[-114.01,51.18832],[-114.01353,51.19183],[-114.01047,51.19551],[-114.00386,51.19568],[-114.00267,51.19449],[-114.00267,51.19182]]]]}},{"type":"Feature","properties":{"id":1787,"name":"03w","structure":"OTHER","special":true,"revenue":31125,"m2_sampled":0,"m2_local":0,"m2_shared":0},"geometry":{"type":"MultiPolygon","coordinates":[[[[-114.00183,51.18336],[-114.00183,51.18354],[-114.0014,51.18354],[-114.00107,51.18354],[-114.00183,51.18263],[-114.00183,51.18336]]],[[[-114.00267,51.18463],[-114.00267,51.18436],[-114.00267,51.18354],[-114.00267,51.18336],[-114.00267,51.18162],[-114.00293,51.18131],[-114.00953,51.18114],[-114.01306,51.18465],[-114.01,51.18832],[-114.0034,51.18849],[-114.00267,51.18777],[-114.00267,51.18463]]]]}},{"type":"Feature","properties":{"id":1788,"name":"Stoney 4","structure":"EMPLOYMENT","special":false,"revenue":66188,"m2_sampled":0,"m2_local":0,"m2_shared":0},"geometry":{"type":"MultiPolygon","coordinates":[[[[-114.00267,51.17976],[-114.00226,51.17976],[-114.00226,51.17612],[-114.00183,51.17612],[-114.00183,51.18022],[-113.9994,51.1778],[-114.00246,51.17413],[-114.00906,51.17396],[-114.01259,51.17746],[-114.00953,51.18114],[-114.00293,51.18131],[-114.00267,51.18105],[-114.00267,51.17976]]]]}},{"type":"Feature","properties":{"id":1789,"name":"Stoney 1","structure":"EMPLOYMENT","special":false,"revenue":109133,"m2_sampled":0,"m2_local":0,"m2_shared":0},"geometry":{"type":"MultiPolygon","coordinates":[[[[-114.01213,51.17028],[-114.00906,51.17396],[-114.00246,51.17413],[-113.99893,51.17062],[-114.002,51.16694],[-114.00859,51.16677],[-114.01213,51.17028]]]]}},{"type":"Feature","properties":{"id":1790,"name":"Stoney 1","structure":"EMPLOYMENT","special":false,"revenue":1639755,"m2_sampled":0,"m2_local":0,"m2_shared":0},"geometry":{"type":"MultiPolygon","coordinates":[[[[-114.01166,51.1631],[-114.00859,51.16677],[-114.002,51.16694],[-113.99846,51.16343],[-114.00153,51.15976],[-114.00813,51.15959],[-114.01166,51.1631]]]]}},{"type":"Feature","properties":{"id":1791,"name":"Stonegate Landing","structure":"EMPLOYMENT","special":false,"revenue":5115722,"m2_sampled":0,"m2_local":0,"m2_shared":56191},"geometry":{"type":"MultiPolygon","coordinates":[[[[-114.01119,51.15591],[-114.00813,51.15959],[-114.00153,51.15976],[-113.998,51.15625],[-114.00106,51.15257],[-114.00766,51.1524],[-114.01119,51.15591]]]]}},{"type":"Feature","properties":{"id":1792,"name":"Stoney 2","structure":"EMPLOYMENT","special":false,"revenue":2313590,"m2_sampled":0,"m2_local":13034,"m2_shared":23875},"geometry":{"type":"MultiPolygon","coordinates":[[[[-114.01072,51.14873],[-114.00766,51.1524],[-114.00106,51.15257],[-113.99753,51.14907],[-114.0006,51.14539],[-114.00719,51.14522],[-114.01072,51.14873]]]]}},{"type":"Feature","properties":{"id":1793,"name":"Stoney 2","structure":"EMPLOYMENT","special":false,"revenue":830068,"m2_sampled":0,"m2_local":7882,"m2_shared":63762},"geometry":{"type":"MultiPolygon","coordinates":[[[[-114.01025,51.14154],[-114.00719,51.14522],[-114.0006,51.14539],[-113.99707,51.14188],[-114.00013,51.13821],[-114.00672,51.13804],[-114.01025,51.14154]]]]}},{"type":"Feature","properties":{"id":1794,"name":"Calgary International Airport","structure":"OTHER","special":true,"revenue":53544,"m2_sampled":0,"m2_local":9765,"m2_shared":35550},"geometry":{"type":"MultiPolygon","coordinates":[[[[-114.00979,51.13436],[-114.00672,51.13804],[-114.00013,51.13821],[-113.9966,51.1347],[-113.99966,51.13102],[-114.00626,51.13085],[-114.00979,51.13436]]]]}},{"type":"Feature","properties":{"id":1795,"name":"Calgary International Airport","structure":"OTHER","special":true,"revenue":53544,"m2_sampled":0,"m2_local":0,"m2_shared":0},"geometry":{"type":"MultiPolygon","coordinates":[[[[-114.00932,51.12718],[-114.00626,51.13085],[-113.99966,51.13102],[-113.99614,51.12751],[-113.9992,51.12384],[-114.00579,51.12367],[-114.00932,51.12718]]]]}},{"type":"Feature","properties":{"id":1796,"name":"Calgary International Airport","structure":"OTHER","special":true,"revenue":53544,"m2_sampled":0,"m2_local":0,"m2_shared":0},"geometry":{"type":"MultiPolygon","coordinates":[[[[-114.00885,51.11999],[-114.00579,51.12367],[-113.9992,51.12384],[-113.99567,51.12033],[-113.99873,51.11665],[-114.00532,51.11648],[-114.00885,51.11999]]]]}},{"type":"Feature","properties":{"id":1797,"name":"Calgary International Airport","structure":"OTHER","special":true,"revenue":53544,"m2_sampled":0,"m2_local":0,"m2_shared":0},"geometry":{"type":"MultiPolygon","coordinates":[[[[-114.00838,51.11281],[-114.00532,51.11648],[-113.99873,51.11665],[-113.99521,51.11315],[-113.99827,51.10947],[-114.00486,51.1093],[-114.00838,51.11281]]]]}},{"type":"Feature","properties":{"id":1798,"name":"Calgary International Airport","structure":"OTHER","special":true,"revenue":53544,"m2_sampled":0,"m2_local":1353,"m2_shared":0},"geometry":{"type":"MultiPolygon","coordinates":[[[[-114.00792,51.10562],[-114.00486,51.1093],[-113.99827,51.10947],[-113.99474,51.10596],[-113.9978,51.10229],[-114.00439,51.10212],[-114.00792,51.10562]]]]}},{"type":"Feature","properties":{"id":1799,"name":"Calgary International Airport","structure":"OTHER","special":true,"revenue":1155435,"m2_sampled":1020,"m2_local":38218,"m2_shared":0},"geometry":{"type":"MultiPolygon","coordinates":[[[[-114.00745,51.09844],[-114.00439,51.10212],[-113.9978,51.10229],[-113.99428,51.09878],[-113.99734,51.0951],[-114.00392,51.09493],[-114.00745,51.09844]]]]}},{"type":"Feature","properties":{"id":1800,"name":"Horizon","structure":"EMPLOYMENT","special":false,"revenue":3280266,"m2_sampled":497,"m2_local":10616,"m2_shared":47801},"geometry":{"type":"MultiPolygon","coordinates":[[[[-114.00698,51.09126],[-114.00392,51.09493],[-113.99734,51.0951],[-113.99381,51.09159],[-113.99687,51.08792],[-114.00346,51.08775],[-114.00698,51.09126]]]]}},{"type":"Feature","properties":{"id":1801,"name":"Horizon","structure":"EMPLOYMENT","special":false,"revenue":4519500,"m2_sampled":0,"m2_local":9138,"m2_shared":36882},"geometry":{"type":"MultiPolygon","coordinates":[[[[-114.00652,51.08407],[-114.00346,51.08775],[-113.99687,51.08792],[-113.99335,51.08441],[-113.99641,51.08073],[-114.00299,51.08056],[-114.00652,51.08407]]]]}},{"type":"Feature","properties":{"id":1802,"name":"Sunridge","structure":"EMPLOYMENT","special":false,"revenue":4016887,"m2_sampled":1853,"m2_local":27099,"m2_shared":21859},"geometry":{"type":"MultiPolygon","coordinates":[[[[-114.00605,51.07689],[-114.00299,51.08056],[-113.99641,51.08073],[-113.99288,51.07723],[-113.99594,51.07355],[-114.00253,51.07338],[-114.00605,51.07689]]]]}},{"type":"Feature","properties":{"id":1803,"name":"Sunridge","structure":"EMPLOYMENT","special":false,"revenue":3693286,"m2_sampled":0,"m2_local":16318,"m2_shared":53719},"geometry":{"type":"MultiPolygon","coordinates":[[[[-114.00559,51.0697],[-114.00253,51.07338],[-113.99594,51.07355],[-113.99242,51.07004],[-113.99548,51.06637],[-114.00206,51.0662],[-114.00559,51.0697]]]]}},{"type":"Feature","properties":{"id":1804,"name":"Meridian","structure":"EMPLOYMENT","special":false,"revenue":3022251,"m2_sampled":9564,"m2_local":3589,"m2_shared":29712},"geometry":{"type":"MultiPolygon","coordinates":[[[[-114.00512,51.06252],[-114.00206,51.0662],[-113.99548,51.06637],[-113.99196,51.06286],[-113.99502,51.05918],[-114.0016,51.05901],[-114.00512,51.06252]]]]}},{"type":"Feature","properties":{"id":1805,"name":"Meridian","structure":"EMPLOYMENT","special":false,"revenue":3752371,"m2_sampled":5440,"m2_local":11854,"m2_shared":16613},"geometry":{"type":"MultiPolygon","coordinates":[[[[-114.00466,51.05534],[-114.0016,51.05901],[-113.99502,51.05918],[-113.99149,51.05567],[-113.99455,51.052],[-114.00113,51.05183],[-114.00466,51.05534]]]]}},{"type":"Feature","properties":{"id":1806,"name":"Meridian","structure":"EMPLOYMENT","special":false,"revenue":3133464,"m2_sampled":3581,"m2_local":1388,"m2_shared":45336},"geometry":{"type":"MultiPolygon","coordinates":[[[[-114.00419,51.04815],[-114.00113,51.05183],[-113.99455,51.052],[-113.99103,51.04849],[-113.99409,51.04481],[-114.00067,51.04464],[-114.00419,51.04815]]]]}},{"type":"Feature","properties":{"id":1807,"name":"Albert Park/Radisson Heights","structure":"1950s","special":false,"revenue":1865516,"m2_sampled":58664,"m2_local":22716,"m2_shared":3071},"geometry":{"type":"MultiPolygon","coordinates":[[[[-114.00373,51.04097],[-114.00067,51.04464],[-113.99409,51.04481],[-113.99057,51.04131],[-113.99363,51.03763],[-114.0002,51.03746],[-114.00373,51.04097]]]]}},{"type":"Feature","properties":{"id":1808,"name":"Southview","structure":"1950s","special":false,"revenue":373768,"m2_sampled":17027,"m2_local":11855,"m2_shared":8521},"geometry":{"type":"MultiPolygon","coordinates":[[[[-114.00326,51.03378],[-114.0002,51.03746],[-113.99363,51.03763],[-113.9901,51.03412],[-113.99316,51.03045],[-113.99974,51.03028],[-114.00326,51.03378]]]]}},{"type":"Feature","properties":{"id":1809,"name":"Dover","structure":"1960s/1970s","special":false,"revenue":782402,"m2_sampled":16159,"m2_local":11325,"m2_shared":0},"geometry":{"type":"MultiPolygon","coordinates":[[[[-114.0028,51.0266],[-113.99974,51.03028],[-113.99316,51.03045],[-113.98964,51.02694],[-113.9927,51.02326],[-113.99928,51.02309],[-114.0028,51.0266]]]]}},{"type":"Feature","properties":{"id":1810,"name":"Dover","structure":"1960s/1970s","special":false,"revenue":1411467,"m2_sampled":47600,"m2_local":20411,"m2_shared":0},"geometry":{"type":"MultiPolygon","coordinates":[[[[-114.00233,51.01942],[-113.99928,51.02309],[-113.9927,51.02326],[-113.98918,51.01975],[-113.99224,51.01608],[-113.99881,51.01591],[-114.00233,51.01942]]]]}},{"type":"Feature","properties":{"id":1811,"name":"Valleyfield","structure":"EMPLOYMENT","special":false,"revenue":3502526,"m2_sampled":14517,"m2_local":19513,"m2_shared":9427},"geometry":{"type":"MultiPolygon","coordinates":[[[[-114.00187,51.01223],[-113.99881,51.01591],[-113.99224,51.01608],[-113.98872,51.01257],[-113.99177,51.00889],[-113.99835,51.00872],[-114.00187,51.01223]]]]}},{"type":"Feature","properties":{"id":1812,"name":"Foothills","structure":"EMPLOYMENT","special":false,"revenue":2664358,"m2_sampled":0,"m2_local":8788,"m2_shared":22183},"geometry":{"type":"MultiPolygon","coordinates":[[[[-114.0014,51.00505],[-113.99835,51.00872],[-113.99177,51.00889],[-113.98825,51.00538],[-113.99131,51.00171],[-113.99788,51.00154],[-114.0014,51.00505]]]]}},{"type":"Feature","properties":{"id":1813,"name":"Ogden Shops","structure":"EMPLOYMENT","special":false,"revenue":1757711,"m2_sampled":0,"m2_local":0,"m2_shared":0},"geometry":{"type":"MultiPolygon","coordinates":[[[[-114.00094,50.99786],[-113.99788,51.00154],[-113.99131,51.00171],[-113.98779,50.9982],[-113.99085,50.99452],[-113.99742,50.99436],[-114.00094,50.99786]]]]}},{"type":"Feature","properties":{"id":1814,"name":"Ogden Shops","structure":"EMPLOYMENT","special":false,"revenue":630952,"m2_sampled":0,"m2_local":0,"m2_shared":0},"geometry":{"type":"MultiPolygon","coordinates":[[[[-114.00048,50.99068],[-113.99742,50.99436],[-113.99085,50.99452],[-113.98733,50.99102],[-113.99039,50.98734],[-113.99696,50.98717],[-114.00048,50.99068]]]]}},{"type":"Feature","properties":{"id":1815,"name":"Ogden Shops","structure":"EMPLOYMENT","special":false,"revenue":1600989,"m2_sampled":12192,"m2_local":3254,"m2_shared":0},"geometry":{"type":"MultiPolygon","coordinates":[[[[-114.00001,50.9835],[-113.99696,50.98717],[-113.99039,50.98734],[-113.98687,50.98383],[-113.98992,50.98016],[-113.9965,50.97999],[-114.00001,50.9835]]]]}},{"type":"Feature","properties":{"id":1816,"name":"South Foothills","structure":"EMPLOYMENT","special":false,"revenue":955556,"m2_sampled":0,"m2_local":16064,"m2_shared":23095},"geometry":{"type":"MultiPolygon","coordinates":[[[[-113.99955,50.97631],[-113.9965,50.97999],[-113.98992,50.98016],[-113.98641,50.97665],[-113.98946,50.97297],[-113.99603,50.9728],[-113.99955,50.97631]]]]}},{"type":"Feature","properties":{"id":1817,"name":"Shepard Industrial","structure":"EMPLOYMENT","special":false,"revenue":693654,"m2_sampled":2177,"m2_local":6516,"m2_shared":0},"geometry":{"type":"MultiPolygon","coordinates":[[[[-113.99909,50.96913],[-113.99603,50.9728],[-113.98946,50.97297],[-113.98595,50.96946],[-113.989,50.96579],[-113.99557,50.96562],[-113.99909,50.96913]]]]}},{"type":"Feature","properties":{"id":1818,"name":"Shepard Industrial","structure":"EMPLOYMENT","special":false,"revenue":186993,"m2_sampled":0,"m2_local":0,"m2_shared":0},"geometry":{"type":"MultiPolygon","coordinates":[[[[-113.99862,50.96194],[-113.99557,50.96562],[-113.989,50.96579],[-113.98549,50.96228],[-113.98854,50.9586],[-113.99511,50.95843],[-113.99862,50.96194]]]]}},{"type":"Feature","properties":{"id":1819,"name":"Shepard Industrial","structure":"EMPLOYMENT","special":false,"revenue":1661478,"m2_sampled":0,"m2_local":0,"m2_shared":0},"geometry":{"type":"MultiPolygon","coordinates":[[[[-113.99816,50.95476],[-113.99511,50.95843],[-113.98854,50.9586],[-113.98503,50.9551],[-113.98808,50.95142],[-113.99465,50.95125],[-113.99816,50.95476]]]]}},{"type":"Feature","properties":{"id":1820,"name":"Shepard Industrial","structure":"EMPLOYMENT","special":false,"revenue":3170289,"m2_sampled":19417,"m2_local":9725,"m2_shared":0},"geometry":{"type":"MultiPolygon","coordinates":[[[[-113.9977,50.94757],[-113.99465,50.95125],[-113.98808,50.95142],[-113.98457,50.94791],[-113.98762,50.94423],[-113.99418,50.94407],[-113.9977,50.94757]]]]}},{"type":"Feature","properties":{"id":1821,"name":"Douglasdale/Glen","structure":"1980s/1990s","special":false,"revenue":1589749,"m2_sampled":48340,"m2_local":18168,"m2_shared":0},"geometry":{"type":"MultiPolygon","coordinates":[[[[-113.99723,50.94039],[-113.99418,50.94407],[-113.98762,50.94423],[-113.9841,50.94073],[-113.98716,50.93705],[-113.99372,50.93688],[-113.99723,50.94039]]]]}},{"type":"Feature","properties":{"id":1822,"name":"Douglasdale/Glen","structure":"1980s/1990s","special":false,"revenue":956991,"m2_sampled":27772,"m2_local":4167,"m2_shared":0},"geometry":{"type":"MultiPolygon","coordinates":[[[[-113.99677,50.93321],[-113.99372,50.93688],[-113.98716,50.93705],[-113.98364,50.93354],[-113.9867,50.92987],[-113.99326,50.9297],[-113.99677,50.93321]]]]}},{"type":"Feature","properties":{"id":1823,"name":"Mckenzie Lake","structure":"1980s/1990s","special":false,"revenue":495820,"m2_sampled":8666,"m2_local":0,"m2_shared":0},"geometry":{"type":"MultiPolygon","coordinates":[[[[-113.99631,50.92602],[-113.99326,50.9297],[-113.9867,50.92987],[-113.98318,50.92636],[-113.98624,50.92268],[-113.9928,50.92251],[-113.99631,50.92602]]]]}},{"type":"Feature","properties":{"id":1824,"name":"Mckenzie Lake","structure":"1980s/1990s","special":false,"revenue":1018561,"m2_sampled":24449,"m2_local":0,"m2_shared":0},"geometry":{"type":"MultiPolygon","coordinates":[[[[-113.99585,50.91884],[-113.9928,50.92251],[-113.98624,50.92268],[-113.98272,50.91917],[-113.98578,50.9155],[-113.99234,50.91533],[-113.99585,50.91884]]]]}},{"type":"Feature","properties":{"id":1825,"name":"Mckenzie Lake","structure":"1980s/1990s","special":false,"revenue":1670213,"m2_sampled":40373,"m2_local":21707,"m2_shared":18620},"geometry":{"type":"MultiPolygon","coordinates":[[[[-113.99539,50.91165],[-113.99234,50.91533],[-113.98578,50.9155],[-113.98227,50.91199],[-113.98532,50.90831],[-113.99188,50.90815],[-113.99539,50.91165]]]]}},{"type":"Feature","properties":{"id":1826,"name":"Mckenzie Lake","structure":"1980s/1990s","special":false,"revenue":1469402,"m2_sampled":43538,"m2_local":15199,"m2_shared":21685},"geometry":{"type":"MultiPolygon","coordinates":[[[[-113.99493,50.90447],[-113.99188,50.90815],[-113.98532,50.90831],[-113.98181,50.9048],[-113.98486,50.90113],[-113.99142,50.90096],[-113.99493,50.90447]]]]}},{"type":"Feature","properties":{"id":1827,"name":"Cranston","structure":"BUILDING OUT","special":false,"revenue":801552,"m2_sampled":20768,"m2_local":7648,"m2_shared":9447},"geometry":{"type":"MultiPolygon","coordinates":[[[[-113.99446,50.89728],[-113.99142,50.90096],[-113.98486,50.90113],[-113.98135,50.89762],[-113.9844,50.89394],[-113.99095,50.89378],[-113.99446,50.89728]]]]}},{"type":"Feature","properties":{"id":1828,"name":"Cranston","structure":"BUILDING OUT","special":false,"revenue":2220398,"m2_sampled":58097,"m2_local":26662,"m2_shared":0},"geometry":{"type":"MultiPolygon","coordinates":[[[[-113.994,50.8901],[-113.99095,50.89378],[-113.9844,50.89394],[-113.98089,50.89044],[-113.98394,50.88676],[-113.99049,50.88659],[-113.994,50.8901]]]]}},{"type":"Feature","properties":{"id":1829,"name":"Cranston","structure":"BUILDING OUT","special":false,"revenue":1702903,"m2_sampled":29225,"m2_local":17589,"m2_shared":0},"geometry":{"type":"MultiPolygon","coordinates":[[[[-113.99354,50.88292],[-113.99049,50.88659],[-113.98394,50.88676],[-113.98043,50.88325],[-113.98348,50.87958],[-113.99003,50.87941],[-113.99354,50.88292]]]]}},{"type":"Feature","properties":{"id":1830,"name":"Cranston","structure":"BUILDING OUT","special":false,"revenue":1430941,"m2_sampled":24024,"m2_local":12597,"m2_shared":0},"geometry":{"type":"MultiPolygon","coordinates":[[[[-113.99308,50.87573],[-113.99003,50.87941],[-113.98348,50.87958],[-113.97997,50.87607],[-113.98302,50.87239],[-113.98957,50.87222],[-113.99308,50.87573]]]]}},{"type":"Feature","properties":{"id":1831,"name":"Cranston","structure":"BUILDING OUT","special":false,"revenue":1288240,"m2_sampled":21868,"m2_local":12349,"m2_shared":0},"geometry":{"type":"MultiPolygon","coordinates":[[[[-113.99262,50.86855],[-113.98957,50.87222],[-113.98302,50.87239],[-113.97951,50.86888],[-113.98256,50.86521],[-113.98911,50.86504],[-113.99262,50.86855]]]]}},{"type":"Feature","properties":{"id":1832,"name":"Cranston","structure":"BUILDING OUT","special":false,"revenue":250916,"m2_sampled":3059,"m2_local":0,"m2_shared":0},"geometry":{"type":"MultiPolygon","coordinates":[[[[-113.99216,50.86136],[-113.98911,50.86504],[-113.98256,50.86521],[-113.97905,50.8617],[-113.9821,50.85802],[-113.98865,50.85785],[-113.99216,50.86136]]]]}},{"type":"Feature","properties":{"id":1833,"name":"Legacy","structure":"BUILDING OUT","special":false,"revenue":3455,"m2_sampled":0,"m2_local":0,"m2_shared":0},"geometry":{"type":"MultiPolygon","coordinates":[[[[-113.9917,50.85418],[-113.98865,50.85785],[-113.9821,50.85802],[-113.97859,50.85451],[-113.98164,50.85084],[-113.98819,50.85067],[-113.9917,50.85418]]]]}},{"type":"Feature","properties":{"id":1834,"name":"Legacy","structure":"BUILDING OUT","special":false,"revenue":10004,"m2_sampled":0,"m2_local":0,"m2_shared":0},"geometry":{"type":"MultiPolygon","coordinates":[[[[-113.98178,50.84849],[-113.9819,50.84849],[-113.98244,50.84849],[-113.98684,50.84847],[-113.99003,50.84846],[-113.98819,50.85067],[-113.98164,50.85084],[-113.9793,50.84849],[-113.98178,50.84849]]]]}},{"type":"Feature","properties":{"id":1839,"name":"03w","structure":"OTHER","special":true,"revenue":210,"m2_sampled":0,"m2_local":0,"m2_shared":0},"geometry":{"type":"MultiPolygon","coordinates":[[[[-114.00267,51.20228],[-114.00267,51.20121],[-114.00433,51.20286],[-114.00267,51.20485],[-114.00267,51.20228]]]]}},{"type":"Feature","properties":{"id":1840,"name":"03w","structure":"OTHER","special":true,"revenue":18,"m2_sampled":0,"m2_local":0,"m2_shared":0},"geometry":{"type":"MultiPolygon","coordinates":[[[[-114.00267,51.19478],[-114.00267,51.19449],[-114.00386,51.19568],[-114.00267,51.19711],[-114.00267,51.19478]]]]}},{"type":"Feature","properties":{"id":1841,"name":"03w","structure":"OTHER","special":true,"revenue":30,"m2_sampled":0,"m2_local":0,"m2_shared":0},"geometry":{"type":"MultiPolygon","coordinates":[[[[-114.00267,51.18777],[-114.0034,51.18849],[-114.00267,51.18937],[-114.00267,51.18777]]]]}},{"type":"Feature","properties":{"id":1842,"name":"Stoney 4","structure":"EMPLOYMENT","special":false,"revenue":109903,"m2_sampled":6000,"m2_local":0,"m2_shared":0},"geometry":{"type":"MultiPolygon","coordinates":[[[[-114.00071,51.18354],[-113.99164,51.18354],[-113.98973,51.18165],[-113.9928,51.17797],[-113.9994,51.1778],[-114.00183,51.18022],[-114.00183,51.18263],[-114.00107,51.18354],[-114.00071,51.18354]]],[[[-114.00267,51.18105],[-114.00293,51.18131],[-114.00267,51.18162],[-114.00267,51.18105]]]]}},{"type":"Feature","properties":{"id":1843,"name":"Stoney 4","structure":"EMPLOYMENT","special":false,"revenue":155704,"m2_sampled":0,"m2_local":0,"m2_shared":0},"geometry":{"type":"MultiPolygon","coordinates":[[[[-114.00246,51.17413],[-113.9994,51.1778],[-113.9928,51.17797],[-113.98927,51.17446],[-113.99233,51.17079],[-113.99893,51.17062],[-114.00246,51.17413]]]]}},{"type":"Feature","properties":{"id":1844,"name":"Stonegate Landing","structure":"EMPLOYMENT","special":false,"revenue":1206125,"m2_sampled":0,"m2_local":0,"m2_shared":22035},"geometry":{"type":"MultiPolygon","coordinates":[[[[-114.002,51.16694],[-113.99893,51.17062],[-113.99233,51.17079],[-113.9888,51.16728],[-113.99187,51.1636],[-113.99846,51.16343],[-114.002,51.16694]]]]}},{"type":"Feature","properties":{"id":1845,"name":"Stonegate Landing","structure":"EMPLOYMENT","special":false,"revenue":3469038,"m2_sampled":0,"m2_local":0,"m2_shared":16895},"geometry":{"type":"MultiPolygon","coordinates":[[[[-114.00153,51.15976],[-113.99846,51.16343],[-113.99187,51.1636],[-113.98834,51.1601],[-113.9914,51.15642],[-113.998,51.15625],[-114.00153,51.15976]]]]}},{"type":"Feature","properties":{"id":1846,"name":"Calgary International Airport","structure":"OTHER","special":true,"revenue":885074,"m2_sampled":0,"m2_local":0,"m2_shared":18955},"geometry":{"type":"MultiPolygon","coordinates":[[[[-114.00106,51.15257],[-113.998,51.15625],[-113.9914,51.15642],[-113.98787,51.15291],[-113.99094,51.14924],[-113.99753,51.14907],[-114.00106,51.15257]]]]}},{"type":"Feature","properties":{"id":1847,"name":"Calgary International Airport","structure":"OTHER","special":true,"revenue":53544,"m2_sampled":0,"m2_local":0,"m2_shared":0},"geometry":{"type":"MultiPolygon","coordinates":[[[[-114.0006,51.14539],[-113.99753,51.14907],[-113.99094,51.14924],[-113.98741,51.14573],[-113.99047,51.14205],[-113.99707,51.14188],[-114.0006,51.14539]]]]}},{"type":"Feature","properties":{"id":1848,"name":"Calgary International Airport","structure":"OTHER","special":true,"revenue":53544,"m2_sampled":0,"m2_local":0,"m2_shared":20271},"geometry":{"type":"MultiPolygon","coordinates":[[[[-114.00013,51.13821],[-113.99707,51.14188],[-113.99047,51.14205],[-113.98694,51.13854],[-113.99001,51.13487],[-113.9966,51.1347],[-114.00013,51.13821]]]]}},{"type":"Feature","properties":{"id":1849,"name":"Calgary International Airport","structure":"OTHER","special":true,"revenue":33346,"m2_sampled":0,"m2_local":0,"m2_shared":0},"geometry":{"type":"MultiPolygon","coordinates":[[[[-113.99966,51.13102],[-113.9966,51.1347],[-113.99001,51.13487],[-113.98648,51.13136],[-113.98954,51.12768],[-113.99614,51.12751],[-113.99966,51.13102]]]]}},{"type":"Feature","properties":{"id":1850,"name":"Calgary International Airport","structure":"OTHER","special":true,"revenue":43979,"m2_sampled":0,"m2_local":0,"m2_shared":0},"geometry":{"type":"MultiPolygon","coordinates":[[[[-113.9992,51.12384],[-113.99614,51.12751],[-113.98954,51.12768],[-113.98602,51.12418],[-113.98908,51.1205],[-113.99567,51.12033],[-113.9992,51.12384]]]]}},{"type":"Feature","properties":{"id":1851,"name":"Calgary International Airport","structure":"OTHER","special":true,"revenue":53544,"m2_sampled":0,"m2_local":0,"m2_shared":0},"geometry":{"type":"MultiPolygon","coordinates":[[[[-113.99873,51.11665],[-113.99567,51.12033],[-113.98908,51.1205],[-113.98555,51.11699],[-113.98862,51.11332],[-113.99521,51.11315],[-113.99873,51.11665]]]]}},{"type":"Feature","properties":{"id":1852,"name":"Calgary International Airport","structure":"OTHER","special":true,"revenue":53544,"m2_sampled":0,"m2_local":0,"m2_shared":0},"geometry":{"type":"MultiPolygon","coordinates":[[[[-113.99827,51.10947],[-113.99521,51.11315],[-113.98862,51.11332],[-113.98509,51.10981],[-113.98815,51.10613],[-113.99474,51.10596],[-113.99827,51.10947]]]]}},{"type":"Feature","properties":{"id":1853,"name":"Calgary International Airport","structure":"OTHER","special":true,"revenue":53544,"m2_sampled":0,"m2_local":0,"m2_shared":0},"geometry":{"type":"MultiPolygon","coordinates":[[[[-113.9978,51.10229],[-113.99474,51.10596],[-113.98815,51.10613],[-113.98463,51.10262],[-113.98769,51.09895],[-113.99428,51.09878],[-113.9978,51.10229]]]]}},{"type":"Feature","properties":{"id":1854,"name":"Horizon","structure":"EMPLOYMENT","special":false,"revenue":1918959,"m2_sampled":0,"m2_local":10969,"m2_shared":32712},"geometry":{"type":"MultiPolygon","coordinates":[[[[-113.99734,51.0951],[-113.99428,51.09878],[-113.98769,51.09895],[-113.98416,51.09544],[-113.98723,51.09176],[-113.99381,51.09159],[-113.99734,51.0951]]]]}},{"type":"Feature","properties":{"id":1855,"name":"Horizon","structure":"EMPLOYMENT","special":false,"revenue":4191342,"m2_sampled":0,"m2_local":16852,"m2_shared":0},"geometry":{"type":"MultiPolygon","coordinates":[[[[-113.99687,51.08792],[-113.99381,51.09159],[-113.98723,51.09176],[-113.9837,51.08826],[-113.98676,51.08458],[-113.99335,51.08441],[-113.99687,51.08792]]]]}},{"type":"Feature","properties":{"id":1856,"name":"Sunridge","structure":"EMPLOYMENT","special":false,"revenue":5362323,"m2_sampled":0,"m2_local":10933,"m2_shared":22528},"geometry":{"type":"MultiPolygon","coordinates":[[[[-113.99641,51.08073],[-113.99335,51.08441],[-113.98676,51.08458],[-113.98324,51.08107],[-113.9863,51.07739],[-113.99288,51.07723],[-113.99641,51.08073]]]]}},{"type":"Feature","properties":{"id":1857,"name":"Sunridge","structure":"EMPLOYMENT","special":false,"revenue":5956672,"m2_sampled":0,"m2_local":19479,"m2_shared":0},"geometry":{"type":"MultiPolygon","coordinates":[[[[-113.99594,51.07355],[-113.99288,51.07723],[-113.9863,51.07739],[-113.98278,51.07389],[-113.98584,51.07021],[-113.99242,51.07004],[-113.99594,51.07355]]]]}},{"type":"Feature","properties":{"id":1858,"name":"Franklin","structure":"EMPLOYMENT","special":false,"revenue":4030665,"m2_sampled":0,"m2_local":18820,"m2_shared":31490},"geometry":{"type":"MultiPolygon","coordinates":[[[[-113.99548,51.06637],[-113.99242,51.07004],[-113.98584,51.07021],[-113.98231,51.0667],[-113.98537,51.06303],[-113.99196,51.06286],[-113.99548,51.06637]]]]}},{"type":"Feature","properties":{"id":1859,"name":"Franklin","structure":"EMPLOYMENT","special":false,"revenue":5098192,"m2_sampled":4684,"m2_local":17031,"m2_shared":240},"geometry":{"type":"MultiPolygon","coordinates":[[[[-113.99502,51.05918],[-113.99196,51.06286],[-113.98537,51.06303],[-113.98185,51.05952],[-113.98491,51.05584],[-113.99149,51.05567],[-113.99502,51.05918]]]]}},{"type":"Feature","properties":{"id":1860,"name":"Franklin","structure":"EMPLOYMENT","special":false,"revenue":3206444,"m2_sampled":6020,"m2_local":20128,"m2_shared":30350},"geometry":{"type":"MultiPolygon","coordinates":[[[[-113.99455,51.052],[-113.99149,51.05567],[-113.98491,51.05584],[-113.98139,51.05233],[-113.98445,51.04866],[-113.99103,51.04849],[-113.99455,51.052]]]]}},{"type":"Feature","properties":{"id":1861,"name":"Albert Park/Radisson Heights","structure":"1950s","special":false,"revenue":1064611,"m2_sampled":41786,"m2_local":15731,"m2_shared":2747},"geometry":{"type":"MultiPolygon","coordinates":[[[[-113.99409,51.04481],[-113.99103,51.04849],[-113.98445,51.04866],[-113.98093,51.04515],[-113.98399,51.04147],[-113.99057,51.04131],[-113.99409,51.04481]]]]}},{"type":"Feature","properties":{"id":1862,"name":"Southview","structure":"1950s","special":false,"revenue":3159896,"m2_sampled":53314,"m2_local":658,"m2_shared":26083},"geometry":{"type":"MultiPolygon","coordinates":[[[[-113.99363,51.03763],[-113.99057,51.04131],[-113.98399,51.04147],[-113.98047,51.03797],[-113.98353,51.03429],[-113.9901,51.03412],[-113.99363,51.03763]]]]}},{"type":"Feature","properties":{"id":1863,"name":"Southview","structure":"1950s","special":false,"revenue":1236830,"m2_sampled":52569,"m2_local":9792,"m2_shared":7786},"geometry":{"type":"MultiPolygon","coordinates":[[[[-113.99316,51.03045],[-113.9901,51.03412],[-113.98353,51.03429],[-113.98001,51.03078],[-113.98306,51.02711],[-113.98964,51.02694],[-113.99316,51.03045]]]]}},{"type":"Feature","properties":{"id":1864,"name":"Dover","structure":"1960s/1970s","special":false,"revenue":1322226,"m2_sampled":61554,"m2_local":9816,"m2_shared":11170},"geometry":{"type":"MultiPolygon","coordinates":[[[[-113.9927,51.02326],[-113.98964,51.02694],[-113.98306,51.02711],[-113.97955,51.0236],[-113.9826,51.01992],[-113.98918,51.01975],[-113.9927,51.02326]]]]}},{"type":"Feature","properties":{"id":1865,"name":"Dover","structure":"1960s/1970s","special":false,"revenue":2044833,"m2_sampled":38434,"m2_local":0,"m2_shared":11286},"geometry":{"type":"MultiPolygon","coordinates":[[[[-113.99224,51.01608],[-113.98918,51.01975],[-113.9826,51.01992],[-113.97908,51.01641],[-113.98214,51.01274],[-113.98872,51.01257],[-113.99224,51.01608]]]]}},{"type":"Feature","properties":{"id":1866,"name":"Golden Triangle","structure":"EMPLOYMENT","special":false,"revenue":2714192,"m2_sampled":27300,"m2_local":9753,"m2_shared":0},"geometry":{"type":"MultiPolygon","coordinates":[[[[-113.99177,51.00889],[-113.98872,51.01257],[-113.98214,51.01274],[-113.97862,51.00923],[-113.98168,51.00555],[-113.98825,51.00538],[-113.99177,51.00889]]]]}},{"type":"Feature","properties":{"id":1867,"name":"Foothills","structure":"EMPLOYMENT","special":false,"revenue":3777847,"m2_sampled":0,"m2_local":5718,"m2_shared":26244},"geometry":{"type":"MultiPolygon","coordinates":[[[[-113.99131,51.00171],[-113.98825,51.00538],[-113.98168,51.00555],[-113.97816,51.00204],[-113.98122,50.99837],[-113.98779,50.9982],[-113.99131,51.00171]]]]}},{"type":"Feature","properties":{"id":1868,"name":"Foothills","structure":"EMPLOYMENT","special":false,"revenue":3288150,"m2_sampled":0,"m2_local":0,"m2_shared":24344},"geometry":{"type":"MultiPolygon","coordinates":[[[[-113.99085,50.99452],[-113.98779,50.9982],[-113.98122,50.99837],[-113.9777,50.99486],[-113.98076,50.99118],[-113.98733,50.99102],[-113.99085,50.99452]]]]}},{"type":"Feature","properties":{"id":1869,"name":"Foothills","structure":"EMPLOYMENT","special":false,"revenue":3294900,"m2_sampled":0,"m2_local":4341,"m2_shared":34409},"geometry":{"type":"MultiPolygon","coordinates":[[[[-113.99039,50.98734],[-113.98733,50.99102],[-113.98076,50.99118],[-113.97724,50.98768],[-113.9803,50.984],[-113.98687,50.98383],[-113.99039,50.98734]]]]}},{"type":"Feature","properties":{"id":1870,"name":"Foothills","structure":"EMPLOYMENT","special":false,"revenue":2488030,"m2_sampled":0,"m2_local":793,"m2_shared":54022},"geometry":{"type":"MultiPolygon","coordinates":[[[[-113.98992,50.98016],[-113.98687,50.98383],[-113.9803,50.984],[-113.97678,50.98049],[-113.97984,50.97682],[-113.98641,50.97665],[-113.98992,50.98016]]]]}},{"type":"Feature","properties":{"id":1871,"name":"South Foothills","structure":"EMPLOYMENT","special":false,"revenue":1485431,"m2_sampled":3758,"m2_local":0,"m2_shared":27257},"geometry":{"type":"MultiPolygon","coordinates":[[[[-113.98946,50.97297],[-113.98641,50.97665],[-113.97984,50.97682],[-113.97632,50.97331],[-113.97938,50.96963],[-113.98595,50.96946],[-113.98946,50.97297]]]]}},{"type":"Feature","properties":{"id":1872,"name":"South Foothills","structure":"EMPLOYMENT","special":false,"revenue":1095673,"m2_sampled":924,"m2_local":6195,"m2_shared":27645},"geometry":{"type":"MultiPolygon","coordinates":[[[[-113.989,50.96579],[-113.98595,50.96946],[-113.97938,50.96963],[-113.97586,50.96612],[-113.97892,50.96245],[-113.98549,50.96228],[-113.989,50.96579]]]]}},{"type":"Feature","properties":{"id":1873,"name":"Shepard Industrial","structure":"EMPLOYMENT","special":false,"revenue":2058041,"m2_sampled":0,"m2_local":0,"m2_shared":26588},"geometry":{"type":"MultiPolygon","coordinates":[[[[-113.98854,50.9586],[-113.98549,50.96228],[-113.97892,50.96245],[-113.9754,50.95894],[-113.97846,50.95526],[-113.98503,50.9551],[-113.98854,50.9586]]]]}},{"type":"Feature","properties":{"id":1874,"name":"Shepard Industrial","structure":"EMPLOYMENT","special":false,"revenue":2294010,"m2_sampled":0,"m2_local":16333,"m2_shared":28729},"geometry":{"type":"MultiPolygon","coordinates":[[[[-113.98808,50.95142],[-113.98503,50.9551],[-113.97846,50.95526],[-113.97495,50.95175],[-113.978,50.94808],[-113.98457,50.94791],[-113.98808,50.95142]]]]}},{"type":"Feature","properties":{"id":1875,"name":"East Shepard Industrial","structure":"EMPLOYMENT","special":false,"revenue":2514383,"m2_sampled":16854,"m2_local":0,"m2_shared":781},"geometry":{"type":"MultiPolygon","coordinates":[[[[-113.98762,50.94423],[-113.98457,50.94791],[-113.978,50.94808],[-113.97449,50.94457],[-113.97754,50.94089],[-113.9841,50.94073],[-113.98762,50.94423]]]]}},{"type":"Feature","properties":{"id":1876,"name":"Douglasdale/Glen","structure":"1980s/1990s","special":false,"revenue":1765572,"m2_sampled":45486,"m2_local":17720,"m2_shared":0},"geometry":{"type":"MultiPolygon","coordinates":[[[[-113.98716,50.93705],[-113.9841,50.94073],[-113.97754,50.94089],[-113.97403,50.93739],[-113.97708,50.93371],[-113.98364,50.93354],[-113.98716,50.93705]]]]}},{"type":"Feature","properties":{"id":1877,"name":"Mckenzie Lake","structure":"1980s/1990s","special":false,"revenue":1861136,"m2_sampled":42696,"m2_local":31544,"m2_shared":3380},"geometry":{"type":"MultiPolygon","coordinates":[[[[-113.9867,50.92987],[-113.98364,50.93354],[-113.97708,50.93371],[-113.97357,50.9302],[-113.97662,50.92653],[-113.98318,50.92636],[-113.9867,50.92987]]]]}},{"type":"Feature","properties":{"id":1878,"name":"Mckenzie Lake","structure":"1980s/1990s","special":false,"revenue":1835894,"m2_sampled":49260,"m2_local":18289,"m2_shared":0},"geometry":{"type":"MultiPolygon","coordinates":[[[[-113.98624,50.92268],[-113.98318,50.92636],[-113.97662,50.92653],[-113.97311,50.92302],[-113.97616,50.91934],[-113.98272,50.91917],[-113.98624,50.92268]]]]}},{"type":"Feature","properties":{"id":1879,"name":"Mckenzie Lake","structure":"1980s/1990s","special":false,"revenue":1317756,"m2_sampled":30197,"m2_local":18768,"m2_shared":21285},"geometry":{"type":"MultiPolygon","coordinates":[[[[-113.98578,50.9155],[-113.98272,50.91917],[-113.97616,50.91934],[-113.97265,50.91583],[-113.9757,50.91216],[-113.98227,50.91199],[-113.98578,50.9155]]]]}},{"type":"Feature","properties":{"id":1880,"name":"Mckenzie Lake","structure":"1980s/1990s","special":false,"revenue":1363062,"m2_sampled":31490,"m2_local":14421,"m2_shared":0},"geometry":{"type":"MultiPolygon","coordinates":[[[[-113.98532,50.90831],[-113.98227,50.91199],[-113.9757,50.91216],[-113.97219,50.90865],[-113.97525,50.90497],[-113.98181,50.9048],[-113.98532,50.90831]]]]}},{"type":"Feature","properties":{"id":1881,"name":"Mckenzie Lake","structure":"1980s/1990s","special":false,"revenue":643565,"m2_sampled":20490,"m2_local":4422,"m2_shared":0},"geometry":{"type":"MultiPolygon","coordinates":[[[[-113.98486,50.90113],[-113.98181,50.9048],[-113.97525,50.90497],[-113.97174,50.90146],[-113.97479,50.89779],[-113.98135,50.89762],[-113.98486,50.90113]]]]}},{"type":"Feature","properties":{"id":1882,"name":"Cranston","structure":"BUILDING OUT","special":false,"revenue":1513750,"m2_sampled":39641,"m2_local":10757,"m2_shared":0},"geometry":{"type":"MultiPolygon","coordinates":[[[[-113.9844,50.89394],[-113.98135,50.89762],[-113.97479,50.89779],[-113.97128,50.89428],[-113.97433,50.8906],[-113.98089,50.89044],[-113.9844,50.89394]]]]}},{"type":"Feature","properties":{"id":1883,"name":"Cranston","structure":"BUILDING OUT","special":false,"revenue":2119610,"m2_sampled":45901,"m2_local":11281,"m2_shared":0},"geometry":{"type":"MultiPolygon","coordinates":[[[[-113.98394,50.88676],[-113.98089,50.89044],[-113.97433,50.8906],[-113.97082,50.88709],[-113.97387,50.88342],[-113.98043,50.88325],[-113.98394,50.88676]]]]}},{"type":"Feature","properties":{"id":1884,"name":"Cranston","structure":"BUILDING OUT","special":false,"revenue":3035982,"m2_sampled":45846,"m2_local":53867,"m2_shared":0},"geometry":{"type":"MultiPolygon","coordinates":[[[[-113.98348,50.87958],[-113.98043,50.88325],[-113.97387,50.88342],[-113.97036,50.87991],[-113.97341,50.87623],[-113.97997,50.87607],[-113.98348,50.87958]]]]}},{"type":"Feature","properties":{"id":1885,"name":"Cranston","structure":"BUILDING OUT","special":false,"revenue":1655963,"m2_sampled":29218,"m2_local":9924,"m2_shared":0},"geometry":{"type":"MultiPolygon","coordinates":[[[[-113.98302,50.87239],[-113.97997,50.87607],[-113.97341,50.87623],[-113.96991,50.87273],[-113.97296,50.86905],[-113.97951,50.86888],[-113.98302,50.87239]]]]}},{"type":"Feature","properties":{"id":1886,"name":"Cranston","structure":"BUILDING OUT","special":false,"revenue":2200861,"m2_sampled":25214,"m2_local":21028,"m2_shared":0},"geometry":{"type":"MultiPolygon","coordinates":[[[[-113.98256,50.86521],[-113.97951,50.86888],[-113.97296,50.86905],[-113.96945,50.86554],[-113.9725,50.86187],[-113.97905,50.8617],[-113.98256,50.86521]]]]}},{"type":"Feature","properties":{"id":1887,"name":"Cranston","structure":"BUILDING OUT","special":false,"revenue":990502,"m2_sampled":16968,"m2_local":0,"m2_shared":0},"geometry":{"type":"MultiPolygon","coordinates":[[[[-113.97207,50.85492],[-113.97253,50.85506],[-113.97262,50.85509],[-113.97292,50.85517],[-113.9732,50.85525],[-113.97273,50.85466],[-113.97859,50.85451],[-113.9821,50.85802],[-113.97905,50.8617],[-113.9725,50.86187],[-113.96899,50.85836],[-113.97188,50.85488],[-113.97207,50.85492]]]]}},{"type":"Feature","properties":{"id":1888,"name":"Legacy","structure":"BUILDING OUT","special":false,"revenue":0,"m2_sampled":0,"m2_local":0,"m2_shared":0},"geometry":{"type":"MultiPolygon","coordinates":[[[[-113.97211,50.85388],[-113.97212,50.85384],[-113.97224,50.85359],[-113.97262,50.85275],[-113.97263,50.85272],[-113.97264,50.85269],[-113.97264,50.85267],[-113.97264,50.85264],[-113.97263,50.85261],[-113.97263,50.85259],[-113.97261,50.85256],[-113.9726,50.85254],[-113.97258,50.85251],[-113.97256,50.85249],[-113.97253,50.85247],[-113.97251,50.85245],[-113.97248,50.85243],[-113.97244,50.85241],[-113.97241,50.85239],[-113.97237,50.85238],[-113.97233,50.85237],[-113.9723,50.85236],[-113.97225,50.85235],[-113.97371,50.84851],[-113.97515,50.8485],[-113.97543,50.8485],[-113.9793,50.84849],[-113.98164,50.85084],[-113.97859,50.85451],[-113.97273,50.85466],[-113.97211,50.85388]]]]}},{"type":"Feature","properties":{"id":1895,"name":"Stoney 4","structure":"EMPLOYMENT","special":false,"revenue":44026,"m2_sampled":6515,"m2_local":0,"m2_shared":0},"geometry":{"type":"MultiPolygon","coordinates":[[[[-113.98169,51.18355],[-113.98313,51.18182],[-113.98973,51.18165],[-113.99164,51.18354],[-113.98169,51.18355]]]]}},{"type":"Feature","properties":{"id":1896,"name":"Stoney 4","structure":"EMPLOYMENT","special":false,"revenue":108941,"m2_sampled":3379,"m2_local":0,"m2_shared":0},"geometry":{"type":"MultiPolygon","coordinates":[[[[-113.9928,51.17797],[-113.98973,51.18165],[-113.98313,51.18182],[-113.9796,51.17831],[-113.98267,51.17463],[-113.98927,51.17446],[-113.9928,51.17797]]]]}},{"type":"Feature","properties":{"id":1897,"name":"Stonegate Landing","structure":"EMPLOYMENT","special":false,"revenue":959525,"m2_sampled":0,"m2_local":0,"m2_shared":17506},"geometry":{"type":"MultiPolygon","coordinates":[[[[-113.99233,51.17079],[-113.98927,51.17446],[-113.98267,51.17463],[-113.97914,51.17112],[-113.9822,51.16745],[-113.9888,51.16728],[-113.99233,51.17079]]]]}},{"type":"Feature","properties":{"id":1898,"name":"Stonegate Landing","structure":"EMPLOYMENT","special":false,"revenue":133950,"m2_sampled":0,"m2_local":0,"m2_shared":4846},"geometry":{"type":"MultiPolygon","coordinates":[[[[-113.99187,51.1636],[-113.9888,51.16728],[-113.9822,51.16745],[-113.97867,51.16394],[-113.98174,51.16026],[-113.98834,51.1601],[-113.99187,51.1636]]]]}},{"type":"Feature","properties":{"id":1899,"name":"Stonegate Landing","structure":"EMPLOYMENT","special":false,"revenue":127647,"m2_sampled":0,"m2_local":3274,"m2_shared":13637},"geometry":{"type":"MultiPolygon","coordinates":[[[[-113.9914,51.15642],[-113.98834,51.1601],[-113.98174,51.16026],[-113.97821,51.15676],[-113.98128,51.15308],[-113.98787,51.15291],[-113.9914,51.15642]]]]}},{"type":"Feature","properties":{"id":1900,"name":"Calgary International Airport","structure":"OTHER","special":true,"revenue":1018738,"m2_sampled":0,"m2_local":22500,"m2_shared":762},"geometry":{"type":"MultiPolygon","coordinates":[[[[-113.99094,51.14924],[-113.98787,51.15291],[-113.98128,51.15308],[-113.97775,51.14957],[-113.98081,51.1459],[-113.98741,51.14573],[-113.99094,51.14924]]]]}},{"type":"Feature","properties":{"id":1901,"name":"Calgary International Airport","structure":"OTHER","special":true,"revenue":134843,"m2_sampled":0,"m2_local":21433,"m2_shared":26808},"geometry":{"type":"MultiPolygon","coordinates":[[[[-113.99047,51.14205],[-113.98741,51.14573],[-113.98081,51.1459],[-113.97729,51.14239],[-113.98035,51.13871],[-113.98694,51.13854],[-113.99047,51.14205]]]]}},{"type":"Feature","properties":{"id":1902,"name":"Calgary International Airport","structure":"OTHER","special":true,"revenue":157558,"m2_sampled":0,"m2_local":23744,"m2_shared":96},"geometry":{"type":"MultiPolygon","coordinates":[[[[-113.99001,51.13487],[-113.98694,51.13854],[-113.98035,51.13871],[-113.97682,51.1352],[-113.97989,51.13153],[-113.98648,51.13136],[-113.99001,51.13487]]]]}},{"type":"Feature","properties":{"id":1903,"name":"Calgary International Airport","structure":"OTHER","special":true,"revenue":952853,"m2_sampled":0,"m2_local":24950,"m2_shared":0},"geometry":{"type":"MultiPolygon","coordinates":[[[[-113.98954,51.12768],[-113.98648,51.13136],[-113.97989,51.13153],[-113.97636,51.12802],[-113.97943,51.12434],[-113.98602,51.12418],[-113.98954,51.12768]]]]}},{"type":"Feature","properties":{"id":1904,"name":"Calgary International Airport","structure":"OTHER","special":true,"revenue":450673,"m2_sampled":0,"m2_local":9114,"m2_shared":0},"geometry":{"type":"MultiPolygon","coordinates":[[[[-113.98908,51.1205],[-113.98602,51.12418],[-113.97943,51.12434],[-113.9759,51.12084],[-113.97896,51.11716],[-113.98555,51.11699],[-113.98908,51.1205]]]]}},{"type":"Feature","properties":{"id":1905,"name":"Calgary International Airport","structure":"OTHER","special":true,"revenue":1664860,"m2_sampled":597,"m2_local":14609,"m2_shared":0},"geometry":{"type":"MultiPolygon","coordinates":[[[[-113.98862,51.11332],[-113.98555,51.11699],[-113.97896,51.11716],[-113.97544,51.11365],[-113.9785,51.10998],[-113.98509,51.10981],[-113.98862,51.11332]]]]}},{"type":"Feature","properties":{"id":1906,"name":"Westwinds","structure":"EMPLOYMENT","special":false,"revenue":850662,"m2_sampled":2795,"m2_local":10869,"m2_shared":16637},"geometry":{"type":"MultiPolygon","coordinates":[[[[-113.98815,51.10613],[-113.98509,51.10981],[-113.9785,51.10998],[-113.97498,51.10647],[-113.97804,51.10279],[-113.98463,51.10262],[-113.98815,51.10613]]]]}},{"type":"Feature","properties":{"id":1907,"name":"Westwinds","structure":"EMPLOYMENT","special":false,"revenue":1395195,"m2_sampled":0,"m2_local":8368,"m2_shared":64653},"geometry":{"type":"MultiPolygon","coordinates":[[[[-113.98769,51.09895],[-113.98463,51.10262],[-113.97804,51.10279],[-113.97451,51.09928],[-113.97758,51.09561],[-113.98416,51.09544],[-113.98769,51.09895]]]]}},{"type":"Feature","properties":{"id":1908,"name":"Whitehorn","structure":"1960s/1970s","special":false,"revenue":1958738,"m2_sampled":34874,"m2_local":13087,"m2_shared":27638},"geometry":{"type":"MultiPolygon","coordinates":[[[[-113.98723,51.09176],[-113.98416,51.09544],[-113.97758,51.09561],[-113.97405,51.0921],[-113.97712,51.08842],[-113.9837,51.08826],[-113.98723,51.09176]]]]}},{"type":"Feature","properties":{"id":1909,"name":"Whitehorn","structure":"1960s/1970s","special":false,"revenue":2132885,"m2_sampled":29517,"m2_local":11269,"m2_shared":33865},"geometry":{"type":"MultiPolygon","coordinates":[[[[-113.98676,51.08458],[-113.9837,51.08826],[-113.97712,51.08842],[-113.97359,51.08491],[-113.97665,51.08124],[-113.98324,51.08107],[-113.98676,51.08458]]]]}},{"type":"Feature","properties":{"id":1910,"name":"Rundle","structure":"1960s/1970s","special":false,"revenue":2237761,"m2_sampled":22905,"m2_local":18952,"m2_shared":20847},"geometry":{"type":"MultiPolygon","coordinates":[[[[-113.9863,51.07739],[-113.98324,51.08107],[-113.97665,51.08124],[-113.97313,51.07773],[-113.97619,51.07405],[-113.98278,51.07389],[-113.9863,51.07739]]]]}},{"type":"Feature","properties":{"id":1911,"name":"Rundle","structure":"1960s/1970s","special":false,"revenue":2195173,"m2_sampled":30971,"m2_local":18165,"m2_shared":47533},"geometry":{"type":"MultiPolygon","coordinates":[[[[-113.98584,51.07021],[-113.98278,51.07389],[-113.97619,51.07405],[-113.97267,51.07055],[-113.97573,51.06687],[-113.98231,51.0667],[-113.98584,51.07021]]]]}},{"type":"Feature","properties":{"id":1912,"name":"Marlborough","structure":"1960s/1970s","special":false,"revenue":2149989,"m2_sampled":32872,"m2_local":10485,"m2_shared":34409},"geometry":{"type":"MultiPolygon","coordinates":[[[[-113.98537,51.06303],[-113.98231,51.0667],[-113.97573,51.06687],[-113.97221,51.06336],[-113.97527,51.05969],[-113.98185,51.05952],[-113.98537,51.06303]]]]}},{"type":"Feature","properties":{"id":1913,"name":"Marlborough","structure":"1960s/1970s","special":false,"revenue":2252512,"m2_sampled":13351,"m2_local":15543,"m2_shared":30735},"geometry":{"type":"MultiPolygon","coordinates":[[[[-113.98491,51.05584],[-113.98185,51.05952],[-113.97527,51.05969],[-113.97175,51.05618],[-113.97481,51.0525],[-113.98139,51.05233],[-113.98491,51.05584]]]]}},{"type":"Feature","properties":{"id":1914,"name":"Forest Heights","structure":"1960s/1970s","special":false,"revenue":1421762,"m2_sampled":45129,"m2_local":1860,"m2_shared":24006},"geometry":{"type":"MultiPolygon","coordinates":[[[[-113.98445,51.04866],[-113.98139,51.05233],[-113.97481,51.0525],[-113.97129,51.04899],[-113.97435,51.04532],[-113.98093,51.04515],[-113.98445,51.04866]]]]}},{"type":"Feature","properties":{"id":1915,"name":"Forest Lawn","structure":"1950s","special":false,"revenue":1550612,"m2_sampled":62987,"m2_local":5199,"m2_shared":7040},"geometry":{"type":"MultiPolygon","coordinates":[[[[-113.98399,51.04147],[-113.98093,51.04515],[-113.97435,51.04532],[-113.97083,51.04181],[-113.97389,51.03813],[-113.98047,51.03797],[-113.98399,51.04147]]]]}},{"type":"Feature","properties":{"id":1916,"name":"Forest Lawn","structure":"1950s","special":false,"revenue":1733123,"m2_sampled":65914,"m2_local":0,"m2_shared":16373},"geometry":{"type":"MultiPolygon","coordinates":[[[[-113.98353,51.03429],[-113.98047,51.03797],[-113.97389,51.03813],[-113.97037,51.03463],[-113.97343,51.03095],[-113.98001,51.03078],[-113.98353,51.03429]]]]}},{"type":"Feature","properties":{"id":1917,"name":"Dover","structure":"1960s/1970s","special":false,"revenue":1135337,"m2_sampled":53608,"m2_local":5571,"m2_shared":8686},"geometry":{"type":"MultiPolygon","coordinates":[[[[-113.98306,51.02711],[-113.98001,51.03078],[-113.97343,51.03095],[-113.96991,51.02744],[-113.97297,51.02377],[-113.97955,51.0236],[-113.98306,51.02711]]]]}},{"type":"Feature","properties":{"id":1918,"name":"Erin Woods","structure":"1980s/1990s","special":false,"revenue":1470245,"m2_sampled":46564,"m2_local":18613,"m2_shared":14789},"geometry":{"type":"MultiPolygon","coordinates":[[[[-113.9826,51.01992],[-113.97955,51.0236],[-113.97297,51.02377],[-113.96945,51.02026],[-113.97251,51.01658],[-113.97908,51.01641],[-113.9826,51.01992]]]]}},{"type":"Feature","properties":{"id":1919,"name":"Eastfield","structure":"EMPLOYMENT","special":false,"revenue":2973119,"m2_sampled":26766,"m2_local":15080,"m2_shared":18180},"geometry":{"type":"MultiPolygon","coordinates":[[[[-113.98214,51.01274],[-113.97908,51.01641],[-113.97251,51.01658],[-113.96899,51.01307],[-113.97205,51.0094],[-113.97862,51.00923],[-113.98214,51.01274]]]]}},{"type":"Feature","properties":{"id":1920,"name":"Foothills","structure":"EMPLOYMENT","special":false,"revenue":2488171,"m2_sampled":0,"m2_local":8124,"m2_shared":0},"geometry":{"type":"MultiPolygon","coordinates":[[[[-113.98168,51.00555],[-113.97862,51.00923],[-113.97205,51.0094],[-113.96853,51.00589],[-113.97159,51.00221],[-113.97816,51.00204],[-113.98168,51.00555]]]]}},{"type":"Feature","properties":{"id":1921,"name":"Foothills","structure":"EMPLOYMENT","special":false,"revenue":4746041,"m2_sampled":0,"m2_local":9516,"m2_shared":0},"geometry":{"type":"MultiPolygon","coordinates":[[[[-113.98122,50.99837],[-113.97816,51.00204],[-113.97159,51.00221],[-113.96807,50.9987],[-113.97113,50.99503],[-113.9777,50.99486],[-113.98122,50.99837]]]]}},{"type":"Feature","properties":{"id":1922,"name":"Foothills","structure":"EMPLOYMENT","special":false,"revenue":4844025,"m2_sampled":0,"m2_local":8673,"m2_shared":0},"geometry":{"type":"MultiPolygon","coordinates":[[[[-113.98076,50.99118],[-113.9777,50.99486],[-113.97113,50.99503],[-113.96761,50.99152],[-113.97067,50.98784],[-113.97724,50.98768],[-113.98076,50.99118]]]]}},{"type":"Feature","properties":{"id":1923,"name":"Foothills","structure":"EMPLOYMENT","special":false,"revenue":3608272,"m2_sampled":0,"m2_local":0,"m2_shared":0},"geometry":{"type":"MultiPolygon","coordinates":[[[[-113.9803,50.984],[-113.97724,50.98768],[-113.97067,50.98784],[-113.96716,50.98434],[-113.97021,50.98066],[-113.97678,50.98049],[-113.9803,50.984]]]]}},{"type":"Feature","properties":{"id":1924,"name":"South Foothills","structure":"EMPLOYMENT","special":false,"revenue":2276868,"m2_sampled":0,"m2_local":0,"m2_shared":13126},"geometry":{"type":"MultiPolygon","coordinates":[[[[-113.97984,50.97682],[-113.97678,50.98049],[-113.97021,50.98066],[-113.9667,50.97715],[-113.96975,50.97347],[-113.97632,50.97331],[-113.97984,50.97682]]]]}},{"type":"Feature","properties":{"id":1925,"name":"South Foothills","structure":"EMPLOYMENT","special":false,"revenue":2236462,"m2_sampled":0,"m2_local":0,"m2_shared":0},"geometry":{"type":"MultiPolygon","coordinates":[[[[-113.97938,50.96963],[-113.97632,50.97331],[-113.96975,50.97347],[-113.96624,50.96997],[-113.9693,50.96629],[-113.97586,50.96612],[-113.97938,50.96963]]]]}},{"type":"Feature","properties":{"id":1926,"name":"East Shepard Industrial","structure":"EMPLOYMENT","special":false,"revenue":3499509,"m2_sampled":0,"m2_local":0,"m2_shared":0},"geometry":{"type":"MultiPolygon","coordinates":[[[[-113.97892,50.96245],[-113.97586,50.96612],[-113.9693,50.96629],[-113.96578,50.96278],[-113.96884,50.95911],[-113.9754,50.95894],[-113.97892,50.96245]]]]}},{"type":"Feature","properties":{"id":1927,"name":"East Shepard Industrial","structure":"EMPLOYMENT","special":false,"revenue":4715846,"m2_sampled":0,"m2_local":0,"m2_shared":0},"geometry":{"type":"MultiPolygon","coordinates":[[[[-113.97846,50.95526],[-113.9754,50.95894],[-113.96884,50.95911],[-113.96532,50.9556],[-113.96838,50.95192],[-113.97495,50.95175],[-113.97846,50.95526]]]]}},{"type":"Feature","properties":{"id":1928,"name":"East Shepard Industrial","structure":"EMPLOYMENT","special":false,"revenue":2976579,"m2_sampled":0,"m2_local":16922,"m2_shared":0},"geometry":{"type":"MultiPolygon","coordinates":[[[[-113.978,50.94808],[-113.97495,50.95175],[-113.96838,50.95192],[-113.96487,50.94841],[-113.96792,50.94474],[-113.97449,50.94457],[-113.978,50.94808]]]]}},{"type":"Feature","properties":{"id":1929,"name":"East Shepard Industrial","structure":"EMPLOYMENT","special":false,"revenue":2631746,"m2_sampled":0,"m2_local":0,"m2_shared":0},"geometry":{"type":"MultiPolygon","coordinates":[[[[-113.97754,50.94089],[-113.97449,50.94457],[-113.96792,50.94474],[-113.96441,50.94123],[-113.96746,50.93755],[-113.97403,50.93739],[-113.97754,50.94089]]]]}},{"type":"Feature","properties":{"id":1930,"name":"East Shepard Industrial","structure":"EMPLOYMENT","special":false,"revenue":3246312,"m2_sampled":0,"m2_local":5386,"m2_shared":19416},"geometry":{"type":"MultiPolygon","coordinates":[[[[-113.97708,50.93371],[-113.97403,50.93739],[-113.96746,50.93755],[-113.96395,50.93404],[-113.96701,50.93037],[-113.97357,50.9302],[-113.97708,50.93371]]]]}},{"type":"Feature","properties":{"id":1931,"name":"Mckenzie Towne","structure":"2010s","special":false,"revenue":3191985,"m2_sampled":39718,"m2_local":10669,"m2_shared":0},"geometry":{"type":"MultiPolygon","coordinates":[[[[-113.97662,50.92653],[-113.97357,50.9302],[-113.96701,50.93037],[-113.9635,50.92686],[-113.96655,50.92318],[-113.97311,50.92302],[-113.97662,50.92653]]]]}},{"type":"Feature","properties":{"id":1932,"name":"Mckenzie Towne","structure":"2010s","special":false,"revenue":1876098,"m2_sampled":43679,"m2_local":15406,"m2_shared":11752},"geometry":{"type":"MultiPolygon","coordinates":[[[[-113.97616,50.91934],[-113.97311,50.92302],[-113.96655,50.92318],[-113.96304,50.91968],[-113.96609,50.916],[-113.97265,50.91583],[-113.97616,50.91934]]]]}},{"type":"Feature","properties":{"id":1933,"name":"Mckenzie Towne","structure":"2010s","special":false,"revenue":1844310,"m2_sampled":58185,"m2_local":17097,"m2_shared":0},"geometry":{"type":"MultiPolygon","coordinates":[[[[-113.9757,50.91216],[-113.97265,50.91583],[-113.96609,50.916],[-113.96258,50.91249],[-113.96563,50.90882],[-113.97219,50.90865],[-113.9757,50.91216]]]]}},{"type":"Feature","properties":{"id":1934,"name":"Mckenzie Towne","structure":"2010s","special":false,"revenue":2121373,"m2_sampled":49058,"m2_local":7194,"m2_shared":0},"geometry":{"type":"MultiPolygon","coordinates":[[[[-113.97525,50.90497],[-113.97219,50.90865],[-113.96563,50.90882],[-113.96213,50.90531],[-113.96518,50.90163],[-113.97174,50.90146],[-113.97525,50.90497]]]]}},{"type":"Feature","properties":{"id":1935,"name":"Auburn Bay","structure":"2000s","special":false,"revenue":1308448,"m2_sampled":25691,"m2_local":15159,"m2_shared":0},"geometry":{"type":"MultiPolygon","coordinates":[[[[-113.97479,50.89779],[-113.97174,50.90146],[-113.96518,50.90163],[-113.96167,50.89812],[-113.96472,50.89445],[-113.97128,50.89428],[-113.97479,50.89779]]]]}},{"type":"Feature","properties":{"id":1936,"name":"Auburn Bay","structure":"2000s","special":false,"revenue":2119056,"m2_sampled":40462,"m2_local":19392,"m2_shared":0},"geometry":{"type":"MultiPolygon","coordinates":[[[[-113.97433,50.8906],[-113.97128,50.89428],[-113.96472,50.89445],[-113.96121,50.89094],[-113.96426,50.88726],[-113.97082,50.88709],[-113.97433,50.8906]]]]}},{"type":"Feature","properties":{"id":1937,"name":"Auburn Bay","structure":"2000s","special":false,"revenue":1484495,"m2_sampled":32708,"m2_local":9722,"m2_shared":7890},"geometry":{"type":"MultiPolygon","coordinates":[[[[-113.97387,50.88342],[-113.97082,50.88709],[-113.96426,50.88726],[-113.96076,50.88375],[-113.96381,50.88008],[-113.97036,50.87991],[-113.97387,50.88342]]]]}},{"type":"Feature","properties":{"id":1938,"name":"Cranston","structure":"BUILDING OUT","special":false,"revenue":1899102,"m2_sampled":19849,"m2_local":15616,"m2_shared":1014},"geometry":{"type":"MultiPolygon","coordinates":[[[[-113.97341,50.87623],[-113.97036,50.87991],[-113.96381,50.88008],[-113.9603,50.87657],[-113.96335,50.87289],[-113.96991,50.87273],[-113.97341,50.87623]]]]}},{"type":"Feature","properties":{"id":1939,"name":"Cranston","structure":"BUILDING OUT","special":false,"revenue":2320003,"m2_sampled":37829,"m2_local":24410,"m2_shared":4120},"geometry":{"type":"MultiPolygon","coordinates":[[[[-113.97296,50.86905],[-113.96991,50.87273],[-113.96335,50.87289],[-113.95985,50.86938],[-113.9629,50.86571],[-113.96945,50.86554],[-113.97296,50.86905]]]]}},{"type":"Feature","properties":{"id":1940,"name":"Cranston","structure":"BUILDING OUT","special":false,"revenue":321963,"m2_sampled":3884,"m2_local":8678,"m2_shared":0},"geometry":{"type":"MultiPolygon","coordinates":[[[[-113.9725,50.86187],[-113.96945,50.86554],[-113.9629,50.86571],[-113.95939,50.8622],[-113.96244,50.85852],[-113.96899,50.85836],[-113.9725,50.86187]]]]}},{"type":"Feature","properties":{"id":1941,"name":"Ricardo Ranch","structure":"BUILDING OUT","special":false,"revenue":314,"m2_sampled":0,"m2_local":0,"m2_shared":0},"geometry":{"type":"MultiPolygon","coordinates":[[[[-113.96131,50.85219],[-113.96134,50.85222],[-113.96136,50.85225],[-113.96138,50.85228],[-113.96143,50.85232],[-113.96146,50.85235],[-113.9615,50.85239],[-113.96153,50.85242],[-113.96155,50.85244],[-113.96158,50.85247],[-113.96162,50.8525],[-113.96166,50.85253],[-113.9617,50.85256],[-113.96174,50.8526],[-113.96177,50.85262],[-113.96181,50.85266],[-113.96185,50.85269],[-113.96189,50.85273],[-113.96194,50.85276],[-113.96199,50.85279],[-113.96204,50.85282],[-113.96209,50.85285],[-113.96215,50.85289],[-113.9622,50.85292],[-113.96223,50.85295],[-113.96227,50.85298],[-113.96232,50.853],[-113.96237,50.85303],[-113.9624,50.85306],[-113.96242,50.85309],[-113.96245,50.85312],[-113.96247,50.85316],[-113.96249,50.85319],[-113.96251,50.85322],[-113.96253,50.85325],[-113.96254,50.85328],[-113.96255,50.85331],[-113.96257,50.85334],[-113.96259,50.85337],[-113.9626,50.8534],[-113.96262,50.85343],[-113.96263,50.85346],[-113.96265,50.8535],[-113.96266,50.85352],[-113.96268,50.85355],[-113.96269,50.85357],[-113.96271,50.8536],[-113.96274,50.85363],[-113.96278,50.85367],[-113.96281,50.8537],[-113.96284,50.85372],[-113.96289,50.85376],[-113.96292,50.85379],[-113.96295,50.85382],[-113.963,50.85385],[-113.96305,50.85388],[-113.96309,50.85389],[-113.96311,50.8539],[-113.96315,50.85392],[-113.9632,50.85394],[-113.96325,50.85396],[-113.9633,50.85398],[-113.96334,50.854],[-113.96339,50.85401],[-113.96343,50.85403],[-113.96347,50.85404],[-113.96351,50.85405],[-113.96356,50.85406],[-113.9636,50.85408],[-113.96365,50.8541],[-113.9637,50.85411],[-113.96374,50.85413],[-113.96375,50.85413],[-113.96379,50.85415],[-113.96384,50.85416],[-113.96388,50.85418],[-113.96393,50.8542],[-113.96398,50.85423],[-113.96402,50.85426],[-113.96405,50.85429],[-113.96407,50.85432],[-113.96409,50.85435],[-113.96411,50.85438],[-113.96411,50.85442],[-113.9641,50.85445],[-113.96408,50.85447],[-113.96406,50.8545],[-113.96405,50.85454],[-113.96404,50.85457],[-113.96403,50.85459],[-113.96403,50.85463],[-113.96404,50.85466],[-113.96407,50.85469],[-113.96411,50.85471],[-113.96415,50.85474],[-113.96419,50.85478],[-113.96424,50.85481],[-113.96429,50.85484],[-113.96435,50.85486],[-113.96439,50.85489],[-113.96444,50.85492],[-113.96449,50.85493],[-113.96454,50.85495],[-113.96459,50.85497],[-113.96464,50.85498],[-113.96469,50.855],[-113.96475,50.85502],[-113.96479,50.85504],[-113.96489,50.85506],[-113.96506,50.85511],[-113.96522,50.85516],[-113.96541,50.85522],[-113.96555,50.85525],[-113.96575,50.8553],[-113.96602,50.85536],[-113.96631,50.85541],[-113.9665,50.85544],[-113.96674,50.85549],[-113.96697,50.85553],[-113.96723,50.85558],[-113.96746,50.85562],[-113.96763,50.85564],[-113.96772,50.85565],[-113.96782,50.85565],[-113.96791,50.85563],[-113.96798,50.85558],[-113.96804,50.85551],[-113.96806,50.85542],[-113.96804,50.85527],[-113.96806,50.85521],[-113.96818,50.85508],[-113.96832,50.855],[-113.96839,50.85497],[-113.96879,50.85477],[-113.96902,50.85467],[-113.96909,50.85462],[-113.96922,50.85456],[-113.9693,50.85452],[-113.96943,50.8545],[-113.96962,50.85448],[-113.96986,50.85445],[-113.97009,50.85442],[-113.97018,50.85443],[-113.97026,50.85444],[-113.97068,50.85456],[-113.97079,50.85458],[-113.97089,50.85462],[-113.9713,50.85473],[-113.97147,50.85477],[-113.97158,50.8548],[-113.97188,50.85488],[-113.96899,50.85836],[-113.96244,50.85852],[-113.95894,50.85501],[-113.96129,50.85217],[-113.96131,50.85219]]]]}},{"type":"Feature","properties":{"id":1950,"name":"Stoney 4","structure":"EMPLOYMENT","special":false,"revenue":55536,"m2_sampled":10409,"m2_local":0,"m2_shared":4143},"geometry":{"type":"MultiPolygon","coordinates":[[[[-113.98151,51.18355],[-113.97811,51.18355],[-113.97134,51.18355],[-113.96993,51.18215],[-113.973,51.17848],[-113.9796,51.17831],[-113.98313,51.18182],[-113.98169,51.18355],[-113.98151,51.18355]]]]}},{"type":"Feature","properties":{"id":1951,"name":"Stoney 4","structure":"EMPLOYMENT","special":false,"revenue":105358,"m2_sampled":0,"m2_local":0,"m2_shared":0},"geometry":{"type":"MultiPolygon","coordinates":[[[[-113.98267,51.17463],[-113.9796,51.17831],[-113.973,51.17848],[-113.96947,51.17497],[-113.97254,51.17129],[-113.97914,51.17112],[-113.98267,51.17463]]]]}},{"type":"Feature","properties":{"id":1952,"name":"Stonegate Landing","structure":"EMPLOYMENT","special":false,"revenue":811447,"m2_sampled":0,"m2_local":0,"m2_shared":34065},"geometry":{"type":"MultiPolygon","coordinates":[[[[-113.9822,51.16745],[-113.97914,51.17112],[-113.97254,51.17129],[-113.96901,51.16778],[-113.97208,51.16411],[-113.97867,51.16394],[-113.9822,51.16745]]]]}},{"type":"Feature","properties":{"id":1953,"name":"Stonegate Landing","structure":"EMPLOYMENT","special":false,"revenue":32804,"m2_sampled":1450,"m2_local":0,"m2_shared":7903},"geometry":{"type":"MultiPolygon","coordinates":[[[[-113.98174,51.16026],[-113.97867,51.16394],[-113.97208,51.16411],[-113.96855,51.1606],[-113.97162,51.15692],[-113.97821,51.15676],[-113.98174,51.16026]]]]}},{"type":"Feature","properties":{"id":1954,"name":"Stoney 3","structure":"EMPLOYMENT","special":false,"revenue":4341248,"m2_sampled":0,"m2_local":0,"m2_shared":48926},"geometry":{"type":"MultiPolygon","coordinates":[[[[-113.98128,51.15308],[-113.97821,51.15676],[-113.97162,51.15692],[-113.96809,51.15342],[-113.97115,51.14974],[-113.97775,51.14957],[-113.98128,51.15308]]]]}},{"type":"Feature","properties":{"id":1955,"name":"Stoney 3","structure":"EMPLOYMENT","special":false,"revenue":2486744,"m2_sampled":1039,"m2_local":14438,"m2_shared":22291},"geometry":{"type":"MultiPolygon","coordinates":[[[[-113.98081,51.1459],[-113.97775,51.14957],[-113.97115,51.14974],[-113.96763,51.14623],[-113.97069,51.14256],[-113.97729,51.14239],[-113.98081,51.1459]]]]}},{"type":"Feature","properties":{"id":1956,"name":"Saddle Ridge Industrial","structure":"EMPLOYMENT","special":false,"revenue":267994,"m2_sampled":2427,"m2_local":0,"m2_shared":61025},"geometry":{"type":"MultiPolygon","coordinates":[[[[-113.98035,51.13871],[-113.97729,51.14239],[-113.97069,51.14256],[-113.96717,51.13905],[-113.97023,51.13537],[-113.97682,51.1352],[-113.98035,51.13871]]]]}},{"type":"Feature","properties":{"id":1957,"name":"Saddle Ridge Industrial","structure":"EMPLOYMENT","special":false,"revenue":683011,"m2_sampled":3523,"m2_local":20798,"m2_shared":20334},"geometry":{"type":"MultiPolygon","coordinates":[[[[-113.97989,51.13153],[-113.97682,51.1352],[-113.97023,51.13537],[-113.9667,51.13186],[-113.96977,51.12819],[-113.97636,51.12802],[-113.97989,51.13153]]]]}},{"type":"Feature","properties":{"id":1958,"name":"Saddle Ridge Industrial","structure":"EMPLOYMENT","special":false,"revenue":780669,"m2_sampled":10088,"m2_local":17140,"m2_shared":42642},"geometry":{"type":"MultiPolygon","coordinates":[[[[-113.97943,51.12434],[-113.97636,51.12802],[-113.96977,51.12819],[-113.96624,51.12468],[-113.96931,51.121],[-113.9759,51.12084],[-113.97943,51.12434]]]]}},{"type":"Feature","properties":{"id":1959,"name":"Saddle Ridge Industrial","structure":"EMPLOYMENT","special":false,"revenue":1010346,"m2_sampled":13489,"m2_local":12962,"m2_shared":18799},"geometry":{"type":"MultiPolygon","coordinates":[[[[-113.97896,51.11716],[-113.9759,51.12084],[-113.96931,51.121],[-113.96578,51.1175],[-113.96885,51.11382],[-113.97544,51.11365],[-113.97896,51.11716]]]]}},{"type":"Feature","properties":{"id":1960,"name":"Westwinds","structure":"EMPLOYMENT","special":false,"revenue":3248946,"m2_sampled":14972,"m2_local":15521,"m2_shared":49526},"geometry":{"type":"MultiPolygon","coordinates":[[[[-113.9785,51.10998],[-113.97544,51.11365],[-113.96885,51.11382],[-113.96532,51.11031],[-113.96839,51.10664],[-113.97498,51.10647],[-113.9785,51.10998]]]]}},{"type":"Feature","properties":{"id":1961,"name":"Westwinds","structure":"EMPLOYMENT","special":false,"revenue":2791618,"m2_sampled":11701,"m2_local":18713,"m2_shared":0},"geometry":{"type":"MultiPolygon","coordinates":[[[[-113.97804,51.10279],[-113.97498,51.10647],[-113.96839,51.10664],[-113.96486,51.10313],[-113.96793,51.09945],[-113.97451,51.09928],[-113.97804,51.10279]]]]}},{"type":"Feature","properties":{"id":1962,"name":"Whitehorn","structure":"1960s/1970s","special":false,"revenue":784425,"m2_sampled":29517,"m2_local":9537,"m2_shared":27510},"geometry":{"type":"MultiPolygon","coordinates":[[[[-113.97758,51.09561],[-113.97451,51.09928],[-113.96793,51.09945],[-113.9644,51.09594],[-113.96747,51.09227],[-113.97405,51.0921],[-113.97758,51.09561]]]]}},{"type":"Feature","properties":{"id":1963,"name":"Whitehorn","structure":"1960s/1970s","special":false,"revenue":1237415,"m2_sampled":47098,"m2_local":8243,"m2_shared":0},"geometry":{"type":"MultiPolygon","coordinates":[[[[-113.97712,51.08842],[-113.97405,51.0921],[-113.96747,51.09227],[-113.96394,51.08876],[-113.96701,51.08508],[-113.97359,51.08491],[-113.97712,51.08842]]]]}},{"type":"Feature","properties":{"id":1964,"name":"Rundle","structure":"1960s/1970s","special":false,"revenue":1318028,"m2_sampled":55964,"m2_local":10047,"m2_shared":21073},"geometry":{"type":"MultiPolygon","coordinates":[[[[-113.97665,51.08124],[-113.97359,51.08491],[-113.96701,51.08508],[-113.96348,51.08157],[-113.96655,51.0779],[-113.97313,51.07773],[-113.97665,51.08124]]]]}},{"type":"Feature","properties":{"id":1965,"name":"Rundle","structure":"1960s/1970s","special":false,"revenue":1184350,"m2_sampled":49403,"m2_local":4021,"m2_shared":0},"geometry":{"type":"MultiPolygon","coordinates":[[[[-113.97619,51.07405],[-113.97313,51.07773],[-113.96655,51.0779],[-113.96302,51.07439],[-113.96609,51.07071],[-113.97267,51.07055],[-113.97619,51.07405]]]]}},{"type":"Feature","properties":{"id":1966,"name":"Rundle","structure":"1960s/1970s","special":false,"revenue":1251316,"m2_sampled":55148,"m2_local":6485,"m2_shared":23773},"geometry":{"type":"MultiPolygon","coordinates":[[[[-113.97573,51.06687],[-113.97267,51.07055],[-113.96609,51.07071],[-113.96257,51.06721],[-113.96563,51.06353],[-113.97221,51.06336],[-113.97573,51.06687]]]]}},{"type":"Feature","properties":{"id":1967,"name":"Marlborough","structure":"1960s/1970s","special":false,"revenue":1253321,"m2_sampled":44302,"m2_local":10702,"m2_shared":0},"geometry":{"type":"MultiPolygon","coordinates":[[[[-113.97527,51.05969],[-113.97221,51.06336],[-113.96563,51.06353],[-113.96211,51.06002],[-113.96517,51.05635],[-113.97175,51.05618],[-113.97527,51.05969]]]]}},{"type":"Feature","properties":{"id":1968,"name":"Forest Heights","structure":"1960s/1970s","special":false,"revenue":1223278,"m2_sampled":52271,"m2_local":4748,"m2_shared":20304},"geometry":{"type":"MultiPolygon","coordinates":[[[[-113.97481,51.0525],[-113.97175,51.05618],[-113.96517,51.05635],[-113.96165,51.05284],[-113.96471,51.04916],[-113.97129,51.04899],[-113.97481,51.0525]]]]}},{"type":"Feature","properties":{"id":1969,"name":"Forest Heights","structure":"1960s/1970s","special":false,"revenue":1409749,"m2_sampled":33362,"m2_local":18535,"m2_shared":0},"geometry":{"type":"MultiPolygon","coordinates":[[[[-113.97435,51.04532],[-113.97129,51.04899],[-113.96471,51.04916],[-113.96119,51.04565],[-113.96425,51.04198],[-113.97083,51.04181],[-113.97435,51.04532]]]]}},{"type":"Feature","properties":{"id":1970,"name":"Forest Lawn","structure":"1950s","special":false,"revenue":2203450,"m2_sampled":54419,"m2_local":8807,"m2_shared":19083},"geometry":{"type":"MultiPolygon","coordinates":[[[[-113.97389,51.03813],[-113.97083,51.04181],[-113.96425,51.04198],[-113.96073,51.03847],[-113.96379,51.03479],[-113.97037,51.03463],[-113.97389,51.03813]]]]}},{"type":"Feature","properties":{"id":1971,"name":"Forest Lawn","structure":"1950s","special":false,"revenue":1614365,"m2_sampled":45463,"m2_local":7321,"m2_shared":0},"geometry":{"type":"MultiPolygon","coordinates":[[[[-113.97343,51.03095],[-113.97037,51.03463],[-113.96379,51.03479],[-113.96027,51.03128],[-113.96333,51.02761],[-113.96991,51.02744],[-113.97343,51.03095]]]]}},{"type":"Feature","properties":{"id":1972,"name":"Erin Woods","structure":"1980s/1990s","special":false,"revenue":1539029,"m2_sampled":38985,"m2_local":12512,"m2_shared":0},"geometry":{"type":"MultiPolygon","coordinates":[[[[-113.97297,51.02377],[-113.96991,51.02744],[-113.96333,51.02761],[-113.95981,51.0241],[-113.96287,51.02042],[-113.96945,51.02026],[-113.97297,51.02377]]]]}},{"type":"Feature","properties":{"id":1973,"name":"Erin Woods","structure":"1980s/1990s","special":false,"revenue":2140410,"m2_sampled":40582,"m2_local":9425,"m2_shared":13038},"geometry":{"type":"MultiPolygon","coordinates":[[[[-113.97251,51.01658],[-113.96945,51.02026],[-113.96287,51.02042],[-113.95936,51.01692],[-113.96242,51.01324],[-113.96899,51.01307],[-113.97251,51.01658]]]]}},{"type":"Feature","properties":{"id":1974,"name":"Eastfield","structure":"EMPLOYMENT","special":false,"revenue":4325319,"m2_sampled":14032,"m2_local":9231,"m2_shared":0},"geometry":{"type":"MultiPolygon","coordinates":[[[[-113.97205,51.0094],[-113.96899,51.01307],[-113.96242,51.01324],[-113.9589,51.00973],[-113.96196,51.00606],[-113.96853,51.00589],[-113.97205,51.0094]]]]}},{"type":"Feature","properties":{"id":1975,"name":"Foothills","structure":"EMPLOYMENT","special":false,"revenue":4281074,"m2_sampled":0,"m2_local":5381,"m2_shared":484},"geometry":{"type":"MultiPolygon","coordinates":[[[[-113.97159,51.00221],[-113.96853,51.00589],[-113.96196,51.00606],[-113.95844,51.00255],[-113.9615,50.99887],[-113.96807,50.9987],[-113.97159,51.00221]]]]}},{"type":"Feature","properties":{"id":1976,"name":"Foothills","structure":"EMPLOYMENT","special":false,"revenue":4982057,"m2_sampled":0,"m2_local":0,"m2_shared":2714},"geometry":{"type":"MultiPolygon","coordinates":[[[[-113.97113,50.99503],[-113.96807,50.9987],[-113.9615,50.99887],[-113.95798,50.99536],[-113.96104,50.99169],[-113.96761,50.99152],[-113.97113,50.99503]]]]}},{"type":"Feature","properties":{"id":1977,"name":"Foothills","structure":"EMPLOYMENT","special":false,"revenue":4915946,"m2_sampled":0,"m2_local":8785,"m2_shared":5586},"geometry":{"type":"MultiPolygon","coordinates":[[[[-113.97067,50.98784],[-113.96761,50.99152],[-113.96104,50.99169],[-113.95753,50.98818],[-113.96058,50.9845],[-113.96716,50.98434],[-113.97067,50.98784]]]]}},{"type":"Feature","properties":{"id":1978,"name":"Foothills","structure":"EMPLOYMENT","special":false,"revenue":3177562,"m2_sampled":0,"m2_local":0,"m2_shared":36919},"geometry":{"type":"MultiPolygon","coordinates":[[[[-113.97021,50.98066],[-113.96716,50.98434],[-113.96058,50.9845],[-113.95707,50.98099],[-113.96013,50.97732],[-113.9667,50.97715],[-113.97021,50.98066]]]]}},{"type":"Feature","properties":{"id":1979,"name":"South Foothills","structure":"EMPLOYMENT","special":false,"revenue":1916599,"m2_sampled":0,"m2_local":0,"m2_shared":13414},"geometry":{"type":"MultiPolygon","coordinates":[[[[-113.96975,50.97347],[-113.9667,50.97715],[-113.96013,50.97732],[-113.95661,50.97381],[-113.95967,50.97013],[-113.96624,50.96997],[-113.96975,50.97347]]]]}},{"type":"Feature","properties":{"id":1980,"name":"South Foothills","structure":"EMPLOYMENT","special":false,"revenue":2179382,"m2_sampled":0,"m2_local":607,"m2_shared":13347},"geometry":{"type":"MultiPolygon","coordinates":[[[[-113.9693,50.96629],[-113.96624,50.96997],[-113.95967,50.97013],[-113.95616,50.96662],[-113.95921,50.96295],[-113.96578,50.96278],[-113.9693,50.96629]]]]}},{"type":"Feature","properties":{"id":1981,"name":"East Shepard Industrial","structure":"EMPLOYMENT","special":false,"revenue":6064205,"m2_sampled":0,"m2_local":0,"m2_shared":16497},"geometry":{"type":"MultiPolygon","coordinates":[[[[-113.96884,50.95911],[-113.96578,50.96278],[-113.95921,50.96295],[-113.9557,50.95944],[-113.95876,50.95576],[-113.96532,50.9556],[-113.96884,50.95911]]]]}},{"type":"Feature","properties":{"id":1982,"name":"East Shepard Industrial","structure":"EMPLOYMENT","special":false,"revenue":2659548,"m2_sampled":1350,"m2_local":17161,"m2_shared":21388},"geometry":{"type":"MultiPolygon","coordinates":[[[[-113.96838,50.95192],[-113.96532,50.9556],[-113.95876,50.95576],[-113.95525,50.95226],[-113.9583,50.94858],[-113.96487,50.94841],[-113.96838,50.95192]]]]}},{"type":"Feature","properties":{"id":1983,"name":"East Shepard Industrial","structure":"EMPLOYMENT","special":false,"revenue":13877,"m2_sampled":0,"m2_local":0,"m2_shared":17323},"geometry":{"type":"MultiPolygon","coordinates":[[[[-113.96792,50.94474],[-113.96487,50.94841],[-113.9583,50.94858],[-113.95479,50.94507],[-113.95784,50.9414],[-113.96441,50.94123],[-113.96792,50.94474]]]]}},{"type":"Feature","properties":{"id":1984,"name":"East Shepard Industrial","structure":"EMPLOYMENT","special":false,"revenue":636061,"m2_sampled":0,"m2_local":6046,"m2_shared":18289},"geometry":{"type":"MultiPolygon","coordinates":[[[[-113.96746,50.93755],[-113.96441,50.94123],[-113.95784,50.9414],[-113.95433,50.93789],[-113.95739,50.93421],[-113.96395,50.93404],[-113.96746,50.93755]]]]}},{"type":"Feature","properties":{"id":1985,"name":"Mckenzie Towne","structure":"2010s","special":false,"revenue":4631607,"m2_sampled":11839,"m2_local":789,"m2_shared":58572},"geometry":{"type":"MultiPolygon","coordinates":[[[[-113.96701,50.93037],[-113.96395,50.93404],[-113.95739,50.93421],[-113.95388,50.9307],[-113.95693,50.92703],[-113.9635,50.92686],[-113.96701,50.93037]]]]}},{"type":"Feature","properties":{"id":1986,"name":"Mckenzie Towne","structure":"2010s","special":false,"revenue":2169030,"m2_sampled":39217,"m2_local":28254,"m2_shared":23293},"geometry":{"type":"MultiPolygon","coordinates":[[[[-113.96655,50.92318],[-113.9635,50.92686],[-113.95693,50.92703],[-113.95342,50.92352],[-113.95648,50.91984],[-113.96304,50.91968],[-113.96655,50.92318]]]]}},{"type":"Feature","properties":{"id":1987,"name":"Mckenzie Towne","structure":"2010s","special":false,"revenue":3569493,"m2_sampled":29291,"m2_local":21468,"m2_shared":35810},"geometry":{"type":"MultiPolygon","coordinates":[[[[-113.96609,50.916],[-113.96304,50.91968],[-113.95648,50.91984],[-113.95297,50.91633],[-113.95602,50.91266],[-113.96258,50.91249],[-113.96609,50.916]]]]}},{"type":"Feature","properties":{"id":1988,"name":"Mckenzie Towne","structure":"2010s","special":false,"revenue":2168668,"m2_sampled":49443,"m2_local":25362,"m2_shared":0},"geometry":{"type":"MultiPolygon","coordinates":[[[[-113.96563,50.90882],[-113.96258,50.91249],[-113.95602,50.91266],[-113.95251,50.90915],[-113.95557,50.90547],[-113.96213,50.90531],[-113.96563,50.90882]]]]}},{"type":"Feature","properties":{"id":1989,"name":"Auburn Bay","structure":"2000s","special":false,"revenue":1235473,"m2_sampled":24745,"m2_local":0,"m2_shared":0},"geometry":{"type":"MultiPolygon","coordinates":[[[[-113.96518,50.90163],[-113.96213,50.90531],[-113.95557,50.90547],[-113.95206,50.90196],[-113.95511,50.89829],[-113.96167,50.89812],[-113.96518,50.90163]]]]}},{"type":"Feature","properties":{"id":1990,"name":"Auburn Bay","structure":"2000s","special":false,"revenue":2621538,"m2_sampled":43691,"m2_local":31276,"m2_shared":0},"geometry":{"type":"MultiPolygon","coordinates":[[[[-113.96472,50.89445],[-113.96167,50.89812],[-113.95511,50.89829],[-113.9516,50.89478],[-113.95465,50.8911],[-113.96121,50.89094],[-113.96472,50.89445]]]]}},{"type":"Feature","properties":{"id":1991,"name":"Auburn Bay","structure":"2000s","special":false,"revenue":2342897,"m2_sampled":40406,"m2_local":18352,"m2_shared":0},"geometry":{"type":"MultiPolygon","coordinates":[[[[-113.96426,50.88726],[-113.96121,50.89094],[-113.95465,50.8911],[-113.95115,50.88759],[-113.9542,50.88392],[-113.96076,50.88375],[-113.96426,50.88726]]]]}},{"type":"Feature","properties":{"id":1992,"name":"Seton","structure":"2000s","special":false,"revenue":4372680,"m2_sampled":33420,"m2_local":38415,"m2_shared":23391},"geometry":{"type":"MultiPolygon","coordinates":[[[[-113.96381,50.88008],[-113.96076,50.88375],[-113.9542,50.88392],[-113.95069,50.88041],[-113.95375,50.87673],[-113.9603,50.87657],[-113.96381,50.88008]]]]}},{"type":"Feature","properties":{"id":1993,"name":"Seton","structure":"2000s","special":false,"revenue":2462315,"m2_sampled":19552,"m2_local":21228,"m2_shared":0},"geometry":{"type":"MultiPolygon","coordinates":[[[[-113.96335,50.87289],[-113.9603,50.87657],[-113.95375,50.87673],[-113.95024,50.87323],[-113.95329,50.86955],[-113.95985,50.86938],[-113.96335,50.87289]]]]}},{"type":"Feature","properties":{"id":1994,"name":"Seton","structure":"2000s","special":false,"revenue":2400800,"m2_sampled":35351,"m2_local":17949,"m2_shared":21208},"geometry":{"type":"MultiPolygon","coordinates":[[[[-113.9629,50.86571],[-113.95985,50.86938],[-113.95329,50.86955],[-113.94979,50.86604],[-113.95284,50.86237],[-113.95939,50.8622],[-113.9629,50.86571]]]]}},{"type":"Feature","properties":{"id":1995,"name":"Ricardo Ranch","structure":"BUILDING OUT","special":false,"revenue":120340,"m2_sampled":12739,"m2_local":3320,"m2_shared":0},"geometry":{"type":"MultiPolygon","coordinates":[[[[-113.96244,50.85852],[-113.95939,50.8622],[-113.95284,50.86237],[-113.94933,50.85886],[-113.95238,50.85518],[-113.95894,50.85501],[-113.96244,50.85852]]]]}},{"type":"Feature","properties":{"id":1996,"name":"Ricardo Ranch","structure":"BUILDING OUT","special":false,"revenue":1456,"m2_sampled":0,"m2_local":0,"m2_shared":0},"geometry":{"type":"MultiPolygon","coordinates":[[[[-113.95659,50.8479],[-113.95659,50.84792],[-113.9566,50.84795],[-113.9566,50.84798],[-113.95661,50.84801],[-113.95661,50.84804],[-113.95661,50.84807],[-113.95662,50.84809],[-113.95662,50.84812],[-113.95663,50.84814],[-113.95665,50.84817],[-113.95666,50.84821],[-113.95666,50.84824],[-113.95666,50.84826],[-113.95667,50.84829],[-113.95669,50.84832],[-113.95671,50.84835],[-113.95672,50.84838],[-113.95673,50.84842],[-113.95674,50.84844],[-113.95676,50.84848],[-113.95677,50.8485],[-113.95679,50.84853],[-113.9568,50.84855],[-113.95681,50.84856],[-113.95682,50.84858],[-113.95683,50.8486],[-113.95683,50.84861],[-113.95684,50.84864],[-113.95684,50.84866],[-113.95684,50.84868],[-113.95685,50.84871],[-113.95685,50.84873],[-113.95686,50.84876],[-113.95687,50.8488],[-113.95687,50.84882],[-113.95688,50.84884],[-113.9569,50.84887],[-113.95691,50.84889],[-113.95692,50.84892],[-113.95693,50.84895],[-113.95694,50.84899],[-113.95695,50.84902],[-113.95696,50.84904],[-113.95696,50.84907],[-113.95697,50.84909],[-113.95699,50.84912],[-113.957,50.84916],[-113.95701,50.84919],[-113.95702,50.84921],[-113.95703,50.84925],[-113.95705,50.84928],[-113.95706,50.84931],[-113.95708,50.84934],[-113.95709,50.84937],[-113.9571,50.8494],[-113.95711,50.84943],[-113.95711,50.84946],[-113.95712,50.84949],[-113.95713,50.84952],[-113.95714,50.84955],[-113.95715,50.84958],[-113.95716,50.84961],[-113.95716,50.84963],[-113.95718,50.84966],[-113.95719,50.8497],[-113.95722,50.84973],[-113.95724,50.84977],[-113.95726,50.8498],[-113.95729,50.84983],[-113.95731,50.84986],[-113.95733,50.84988],[-113.95739,50.84991],[-113.9574,50.84993],[-113.95744,50.84996],[-113.95747,50.84999],[-113.9575,50.85002],[-113.95754,50.85005],[-113.95757,50.85008],[-113.95761,50.85012],[-113.95764,50.85015],[-113.95767,50.85018],[-113.95772,50.85021],[-113.95777,50.85024],[-113.95781,50.85028],[-113.95785,50.8503],[-113.95789,50.85034],[-113.95793,50.85037],[-113.95798,50.8504],[-113.95802,50.85043],[-113.95807,50.85046],[-113.95812,50.85049],[-113.95817,50.85052],[-113.95822,50.85055],[-113.95827,50.85057],[-113.9584,50.8506],[-113.95855,50.85061],[-113.9586,50.85061],[-113.95865,50.85062],[-113.95871,50.85063],[-113.95875,50.85063],[-113.95878,50.85063],[-113.95884,50.85063],[-113.95889,50.85063],[-113.95894,50.85062],[-113.959,50.85062],[-113.95904,50.85061],[-113.95909,50.85061],[-113.95913,50.85061],[-113.95918,50.85061],[-113.95924,50.85061],[-113.95929,50.85062],[-113.95934,50.85064],[-113.95938,50.85066],[-113.95943,50.85067],[-113.95947,50.85069],[-113.95953,50.85072],[-113.95959,50.85074],[-113.95962,50.85075],[-113.95967,50.85075],[-113.95969,50.85073],[-113.9597,50.8507],[-113.95975,50.85066],[-113.95979,50.85066],[-113.95985,50.85064],[-113.9599,50.85064],[-113.95995,50.85066],[-113.95994,50.85069],[-113.95989,50.8507],[-113.95984,50.85073],[-113.95983,50.85076],[-113.95985,50.8508],[-113.9599,50.85083],[-113.95996,50.85086],[-113.96,50.85088],[-113.96005,50.8509],[-113.9601,50.85092],[-113.96015,50.85094],[-113.96019,50.85096],[-113.96024,50.85099],[-113.96028,50.85101],[-113.96033,50.85104],[-113.96038,50.85107],[-113.96043,50.8511],[-113.96048,50.85114],[-113.96053,50.85117],[-113.96055,50.85119],[-113.9606,50.85122],[-113.96064,50.85126],[-113.96068,50.85129],[-113.9607,50.85132],[-113.96073,50.85135],[-113.96075,50.85138],[-113.96077,50.85141],[-113.9608,50.85144],[-113.96082,50.85147],[-113.96084,50.8515],[-113.96086,50.85153],[-113.96089,50.85156],[-113.96091,50.85159],[-113.96093,50.85162],[-113.96095,50.85166],[-113.96097,50.85169],[-113.96099,50.85172],[-113.96101,50.85175],[-113.96104,50.85179],[-113.96106,50.85182],[-113.96107,50.85185],[-113.96108,50.85188],[-113.9611,50.85191],[-113.96113,50.85194],[-113.96115,50.85197],[-113.96117,50.852],[-113.96118,50.85203],[-113.9612,50.85206],[-113.96122,50.85209],[-113.96125,50.85212],[-113.96125,50.85213],[-113.96128,50.85216],[-113.96129,50.85217],[-113.95894,50.85501],[-113.95238,50.85518],[-113.94888,50.85167],[-113.95193,50.848],[-113.95658,50.84788],[-113.95659,50.8479]]]]}},{"type":"Feature","properties":{"id":1997,"name":"Ricardo Ranch","structure":"BUILDING OUT","special":false,"revenue":624,"m2_sampled":0,"m2_local":0,"m2_shared":0},"geometry":{"type":"MultiPolygon","coordinates":[[[[-113.9485,50.84448],[-113.94853,50.84446],[-113.94858,50.84444],[-113.94863,50.84442],[-113.94868,50.84441],[-113.94873,50.84439],[-113.94878,50.84435],[-113.9488,50.84432],[-113.9488,50.84429],[-113.94878,50.84426],[-113.94877,50.84423],[-113.94878,50.8442],[-113.94879,50.84417],[-113.94881,50.84415],[-113.94884,50.84412],[-113.94886,50.84409],[-113.94889,50.84406],[-113.94892,50.84403],[-113.94895,50.844],[-113.94898,50.84397],[-113.94901,50.84394],[-113.94905,50.84391],[-113.94909,50.84388],[-113.94913,50.84385],[-113.94916,50.84382],[-113.94922,50.84378],[-113.94927,50.84376],[-113.94931,50.84373],[-113.94936,50.8437],[-113.94941,50.84367],[-113.94945,50.84365],[-113.9495,50.84361],[-113.94955,50.84359],[-113.94959,50.84357],[-113.94963,50.84355],[-113.94968,50.84353],[-113.94973,50.8435],[-113.94978,50.84349],[-113.94982,50.84347],[-113.94988,50.84345],[-113.94993,50.84343],[-113.94997,50.84341],[-113.95002,50.84339],[-113.95007,50.84338],[-113.95011,50.84336],[-113.95016,50.84335],[-113.95021,50.84333],[-113.95026,50.84331],[-113.95031,50.8433],[-113.95037,50.84328],[-113.95042,50.84327],[-113.95047,50.84325],[-113.95052,50.84324],[-113.95057,50.84323],[-113.95062,50.84322],[-113.95067,50.84321],[-113.95072,50.8432],[-113.95077,50.84319],[-113.95082,50.84318],[-113.95088,50.84316],[-113.95093,50.84314],[-113.95098,50.84312],[-113.95102,50.8431],[-113.95107,50.84309],[-113.95111,50.84308],[-113.95117,50.84306],[-113.95122,50.84306],[-113.95126,50.84305],[-113.9513,50.84304],[-113.95136,50.84304],[-113.9514,50.84303],[-113.95146,50.84301],[-113.9515,50.843],[-113.95156,50.84298],[-113.95161,50.84297],[-113.95166,50.84295],[-113.9517,50.84294],[-113.95174,50.84292],[-113.9518,50.84291],[-113.95185,50.84291],[-113.9519,50.8429],[-113.95195,50.8429],[-113.952,50.84289],[-113.95202,50.84289],[-113.95205,50.84289],[-113.95209,50.84288],[-113.95213,50.84288],[-113.95218,50.84287],[-113.95224,50.84287],[-113.95229,50.84286],[-113.9523,50.84286],[-113.95234,50.84285],[-113.95239,50.84285],[-113.95245,50.84285],[-113.95249,50.84285],[-113.95252,50.84285],[-113.95258,50.84284],[-113.95264,50.84284],[-113.95269,50.84283],[-113.95273,50.84283],[-113.95278,50.84283],[-113.95284,50.84283],[-113.95289,50.84284],[-113.95293,50.84284],[-113.95299,50.84284],[-113.95303,50.84285],[-113.95308,50.84286],[-113.95312,50.84286],[-113.95317,50.84286],[-113.95321,50.84287],[-113.95327,50.84287],[-113.95331,50.84288],[-113.95336,50.84288],[-113.95341,50.84289],[-113.95346,50.8429],[-113.95351,50.84291],[-113.95355,50.84291],[-113.95359,50.84292],[-113.95365,50.84292],[-113.9537,50.84293],[-113.95374,50.84294],[-113.9538,50.84295],[-113.95385,50.84296],[-113.95391,50.84296],[-113.95395,50.84297],[-113.95401,50.84298],[-113.95405,50.84299],[-113.95409,50.843],[-113.95413,50.84301],[-113.95417,50.84302],[-113.95422,50.84304],[-113.95426,50.84305],[-113.9543,50.84307],[-113.95436,50.84309],[-113.95441,50.84312],[-113.95443,50.84313],[-113.95447,50.84315],[-113.95452,50.84318],[-113.95455,50.84321],[-113.95459,50.84324],[-113.95463,50.84327],[-113.95467,50.8433],[-113.95473,50.84334],[-113.95479,50.84336],[-113.95484,50.84339],[-113.9549,50.84342],[-113.95493,50.84345],[-113.95497,50.84348],[-113.955,50.84351],[-113.95502,50.84354],[-113.95505,50.84357],[-113.95507,50.8436],[-113.9551,50.84363],[-113.95512,50.84367],[-113.95515,50.8437],[-113.95517,50.84373],[-113.95519,50.84375],[-113.95522,50.84379],[-113.95524,50.84382],[-113.95526,50.84384],[-113.95528,50.84387],[-113.9553,50.8439],[-113.95532,50.84392],[-113.95535,50.84395],[-113.95537,50.84397],[-113.9554,50.84401],[-113.95542,50.84404],[-113.95545,50.84408],[-113.95546,50.84409],[-113.95548,50.84412],[-113.9555,50.84415],[-113.95552,50.84419],[-113.95554,50.84421],[-113.95556,50.84424],[-113.95558,50.84427],[-113.9556,50.8443],[-113.95561,50.84432],[-113.95563,50.84435],[-113.95566,50.84438],[-113.95567,50.84441],[-113.9557,50.84444],[-113.95571,50.84446],[-113.95573,50.84449],[-113.95575,50.84451],[-113.95576,50.84454],[-113.95578,50.84457],[-113.9558,50.84459],[-113.95581,50.84462],[-113.95584,50.84466],[-113.95585,50.84468],[-113.95587,50.84471],[-113.95589,50.84474],[-113.9559,50.84477],[-113.95592,50.8448],[-113.95593,50.84483],[-113.95595,50.84485],[-113.95596,50.84488],[-113.95598,50.84491],[-113.956,50.84494],[-113.95601,50.84496],[-113.95602,50.84498],[-113.95603,50.845],[-113.95605,50.84504],[-113.95607,50.84506],[-113.95608,50.84508],[-113.95611,50.84512],[-113.95612,50.84515],[-113.95613,50.84517],[-113.95615,50.8452],[-113.95616,50.84523],[-113.95617,50.84525],[-113.95618,50.84526],[-113.95619,50.84529],[-113.95621,50.84532],[-113.95623,50.84535],[-113.95625,50.84538],[-113.95627,50.84541],[-113.95629,50.84544],[-113.95631,50.84547],[-113.95632,50.8455],[-113.95633,50.84552],[-113.95635,50.84555],[-113.95637,50.84558],[-113.95638,50.84562],[-113.95639,50.84564],[-113.9564,50.84568],[-113.95641,50.84571],[-113.95642,50.84573],[-113.95644,50.84576],[-113.95644,50.84579],[-113.95645,50.84583],[-113.95646,50.84585],[-113.95647,50.84589],[-113.95647,50.8459],[-113.95648,50.84593],[-113.95649,50.84596],[-113.9565,50.846],[-113.9565,50.84603],[-113.95651,50.84605],[-113.95652,50.84609],[-113.95653,50.84611],[-113.95654,50.84614],[-113.95655,50.84616],[-113.95655,50.84618],[-113.95655,50.84622],[-113.95656,50.84625],[-113.95656,50.84628],[-113.95656,50.84631],[-113.95656,50.84633],[-113.95655,50.84636],[-113.95655,50.8464],[-113.95655,50.84643],[-113.95655,50.84645],[-113.95655,50.84647],[-113.95655,50.8465],[-113.95655,50.84653],[-113.95654,50.84656],[-113.95654,50.8466],[-113.95654,50.84661],[-113.95654,50.84664],[-113.95654,50.84667],[-113.95653,50.8467],[-113.95653,50.84672],[-113.95654,50.84675],[-113.95655,50.84678],[-113.95655,50.8468],[-113.95655,50.84682],[-113.95656,50.84685],[-113.95656,50.84689],[-113.95657,50.84691],[-113.95657,50.84695],[-113.95657,50.84697],[-113.95657,50.847],[-113.95657,50.84702],[-113.95657,50.84705],[-113.95657,50.84708],[-113.95657,50.8471],[-113.95657,50.84713],[-113.95657,50.84716],[-113.95657,50.84719],[-113.95657,50.84721],[-113.95658,50.84725],[-113.95658,50.84728],[-113.95658,50.84731],[-113.95658,50.84734],[-113.95658,50.84737],[-113.95657,50.84739],[-113.95657,50.84742],[-113.95657,50.84745],[-113.95657,50.84748],[-113.95657,50.8475],[-113.95657,50.84753],[-113.95658,50.84756],[-113.95658,50.84759],[-113.95658,50.84762],[-113.95659,50.84765],[-113.95659,50.84768],[-113.95659,50.84771],[-113.95659,50.84774],[-113.95659,50.84777],[-113.95659,50.84781],[-113.95659,50.84784],[-113.95658,50.84786],[-113.95658,50.84788],[-113.95193,50.848],[-113.94845,50.84451],[-113.9485,50.84448]]]]}},{"type":"Feature","properties":{"id":2003,"name":"05d","structure":"UNDEVELOPED","special":true,"revenue":37876,"m2_sampled":5573,"m2_local":0,"m2_shared":1504},"geometry":{"type":"MultiPolygon","coordinates":[[[[-113.96667,51.18355],[-113.9623,51.18355],[-113.96333,51.18232],[-113.96993,51.18215],[-113.97134,51.18355],[-113.96667,51.18355]]]]}},{"type":"Feature","properties":{"id":2004,"name":"05d","structure":"UNDEVELOPED","special":true,"revenue":140715,"m2_sampled":0,"m2_local":0,"m2_shared":15528},"geometry":{"type":"MultiPolygon","coordinates":[[[[-113.973,51.17848],[-113.96993,51.18215],[-113.96333,51.18232],[-113.9598,51.17881],[-113.96287,51.17514],[-113.96947,51.17497],[-113.973,51.17848]]]]}},{"type":"Feature","properties":{"id":2005,"name":"Redstone","structure":"2000s","special":false,"revenue":1738511,"m2_sampled":33076,"m2_local":28424,"m2_shared":15448},"geometry":{"type":"MultiPolygon","coordinates":[[[[-113.97254,51.17129],[-113.96947,51.17497],[-113.96287,51.17514],[-113.95934,51.17163],[-113.96241,51.16795],[-113.96901,51.16778],[-113.97254,51.17129]]]]}},{"type":"Feature","properties":{"id":2006,"name":"Skyview Ranch","structure":"2000s","special":false,"revenue":2746349,"m2_sampled":25589,"m2_local":19156,"m2_shared":53189},"geometry":{"type":"MultiPolygon","coordinates":[[[[-113.97208,51.16411],[-113.96901,51.16778],[-113.96241,51.16795],[-113.95888,51.16444],[-113.96195,51.16077],[-113.96855,51.1606],[-113.97208,51.16411]]]]}},{"type":"Feature","properties":{"id":2007,"name":"Skyview Ranch","structure":"2000s","special":false,"revenue":2606940,"m2_sampled":43348,"m2_local":9306,"m2_shared":29071},"geometry":{"type":"MultiPolygon","coordinates":[[[[-113.97162,51.15692],[-113.96855,51.1606],[-113.96195,51.16077],[-113.95842,51.15726],[-113.96149,51.15358],[-113.96809,51.15342],[-113.97162,51.15692]]]]}},{"type":"Feature","properties":{"id":2008,"name":"Cityscape","structure":"BUILDING OUT","special":false,"revenue":2439057,"m2_sampled":53695,"m2_local":25956,"m2_shared":6583},"geometry":{"type":"MultiPolygon","coordinates":[[[[-113.97115,51.14974],[-113.96809,51.15342],[-113.96149,51.15358],[-113.95796,51.15007],[-113.96103,51.1464],[-113.96763,51.14623],[-113.97115,51.14974]]]]}},{"type":"Feature","properties":{"id":2009,"name":"Cityscape","structure":"BUILDING OUT","special":false,"revenue":1810428,"m2_sampled":29188,"m2_local":7628,"m2_shared":22258},"geometry":{"type":"MultiPolygon","coordinates":[[[[-113.97069,51.14256],[-113.96763,51.14623],[-113.96103,51.1464],[-113.95751,51.14289],[-113.96057,51.13921],[-113.96717,51.13905],[-113.97069,51.14256]]]]}},{"type":"Feature","properties":{"id":2010,"name":"Saddle Ridge","structure":"2000s","special":false,"revenue":3359659,"m2_sampled":69156,"m2_local":23696,"m2_shared":914},"geometry":{"type":"MultiPolygon","coordinates":[[[[-113.97023,51.13537],[-113.96717,51.13905],[-113.96057,51.13921],[-113.95705,51.13571],[-113.96011,51.13203],[-113.9667,51.13186],[-113.97023,51.13537]]]]}},{"type":"Feature","properties":{"id":2011,"name":"Saddle Ridge","structure":"2000s","special":false,"revenue":1221249,"m2_sampled":13134,"m2_local":9625,"m2_shared":12092},"geometry":{"type":"MultiPolygon","coordinates":[[[[-113.96977,51.12819],[-113.9667,51.13186],[-113.96011,51.13203],[-113.95659,51.12852],[-113.95965,51.12485],[-113.96624,51.12468],[-113.96977,51.12819]]]]}},{"type":"Feature","properties":{"id":2012,"name":"Martindale","structure":"1980s/1990s","special":false,"revenue":1883486,"m2_sampled":46982,"m2_local":21194,"m2_shared":0},"geometry":{"type":"MultiPolygon","coordinates":[[[[-113.96931,51.121],[-113.96624,51.12468],[-113.95965,51.12485],[-113.95613,51.12134],[-113.95919,51.11766],[-113.96578,51.1175],[-113.96931,51.121]]]]}},{"type":"Feature","properties":{"id":2013,"name":"Martindale","structure":"1980s/1990s","special":false,"revenue":1688194,"m2_sampled":46047,"m2_local":25855,"m2_shared":12494},"geometry":{"type":"MultiPolygon","coordinates":[[[[-113.96885,51.11382],[-113.96578,51.1175],[-113.95919,51.11766],[-113.95567,51.11415],[-113.95873,51.11048],[-113.96532,51.11031],[-113.96885,51.11382]]]]}},{"type":"Feature","properties":{"id":2014,"name":"Castleridge","structure":"1980s/1990s","special":false,"revenue":1576090,"m2_sampled":54604,"m2_local":15380,"m2_shared":141},"geometry":{"type":"MultiPolygon","coordinates":[[[[-113.96839,51.10664],[-113.96532,51.11031],[-113.95873,51.11048],[-113.95521,51.10697],[-113.95827,51.10329],[-113.96486,51.10313],[-113.96839,51.10664]]]]}},{"type":"Feature","properties":{"id":2015,"name":"Westwinds","structure":"EMPLOYMENT","special":false,"revenue":5179798,"m2_sampled":26388,"m2_local":24446,"m2_shared":27751},"geometry":{"type":"MultiPolygon","coordinates":[[[[-113.96793,51.09945],[-113.96486,51.10313],[-113.95827,51.10329],[-113.95475,51.09978],[-113.95782,51.09611],[-113.9644,51.09594],[-113.96793,51.09945]]]]}},{"type":"Feature","properties":{"id":2016,"name":"Whitehorn","structure":"1960s/1970s","special":false,"revenue":1586396,"m2_sampled":52302,"m2_local":11024,"m2_shared":29480},"geometry":{"type":"MultiPolygon","coordinates":[[[[-113.96747,51.09227],[-113.9644,51.09594],[-113.95782,51.09611],[-113.95429,51.0926],[-113.95736,51.08893],[-113.96394,51.08876],[-113.96747,51.09227]]]]}},{"type":"Feature","properties":{"id":2017,"name":"Whitehorn","structure":"1960s/1970s","special":false,"revenue":1759183,"m2_sampled":51622,"m2_local":14300,"m2_shared":19527},"geometry":{"type":"MultiPolygon","coordinates":[[[[-113.96701,51.08508],[-113.96394,51.08876],[-113.95736,51.08893],[-113.95384,51.08542],[-113.9569,51.08174],[-113.96348,51.08157],[-113.96701,51.08508]]]]}},{"type":"Feature","properties":{"id":2018,"name":"Rundle","structure":"1960s/1970s","special":false,"revenue":1232846,"m2_sampled":35110,"m2_local":12664,"m2_shared":30196},"geometry":{"type":"MultiPolygon","coordinates":[[[[-113.96655,51.0779],[-113.96348,51.08157],[-113.9569,51.08174],[-113.95338,51.07823],[-113.95644,51.07456],[-113.96302,51.07439],[-113.96655,51.0779]]]]}},{"type":"Feature","properties":{"id":2019,"name":"Rundle","structure":"1960s/1970s","special":false,"revenue":1404739,"m2_sampled":40840,"m2_local":12337,"m2_shared":28830},"geometry":{"type":"MultiPolygon","coordinates":[[[[-113.96609,51.07071],[-113.96302,51.07439],[-113.95644,51.07456],[-113.95292,51.07105],[-113.95598,51.06737],[-113.96257,51.06721],[-113.96609,51.07071]]]]}},{"type":"Feature","properties":{"id":2020,"name":"Marlborough","structure":"1960s/1970s","special":false,"revenue":1859937,"m2_sampled":28500,"m2_local":11047,"m2_shared":51408},"geometry":{"type":"MultiPolygon","coordinates":[[[[-113.96563,51.06353],[-113.96257,51.06721],[-113.95598,51.06737],[-113.95246,51.06386],[-113.95552,51.06019],[-113.96211,51.06002],[-113.96563,51.06353]]]]}},{"type":"Feature","properties":{"id":2021,"name":"Marlborough","structure":"1960s/1970s","special":false,"revenue":1631150,"m2_sampled":51522,"m2_local":3693,"m2_shared":27958},"geometry":{"type":"MultiPolygon","coordinates":[[[[-113.96517,51.05635],[-113.96211,51.06002],[-113.95552,51.06019],[-113.952,51.05668],[-113.95507,51.053],[-113.96165,51.05284],[-113.96517,51.05635]]]]}},{"type":"Feature","properties":{"id":2022,"name":"Forest Heights","structure":"1960s/1970s","special":false,"revenue":1279801,"m2_sampled":58823,"m2_local":0,"m2_shared":22425},"geometry":{"type":"MultiPolygon","coordinates":[[[[-113.96471,51.04916],[-113.96165,51.05284],[-113.95507,51.053],[-113.95155,51.04949],[-113.95461,51.04582],[-113.96119,51.04565],[-113.96471,51.04916]]]]}},{"type":"Feature","properties":{"id":2023,"name":"Penbrooke Meadows","structure":"1960s/1970s","special":false,"revenue":1018182,"m2_sampled":41513,"m2_local":5861,"m2_shared":19675},"geometry":{"type":"MultiPolygon","coordinates":[[[[-113.96425,51.04198],[-113.96119,51.04565],[-113.95461,51.04582],[-113.95109,51.04231],[-113.95415,51.03863],[-113.96073,51.03847],[-113.96425,51.04198]]]]}},{"type":"Feature","properties":{"id":2024,"name":"Forest Lawn Industrial","structure":"EMPLOYMENT","special":false,"revenue":2857417,"m2_sampled":17544,"m2_local":0,"m2_shared":29756},"geometry":{"type":"MultiPolygon","coordinates":[[[[-113.96379,51.03479],[-113.96073,51.03847],[-113.95415,51.03863],[-113.95063,51.03513],[-113.95369,51.03145],[-113.96027,51.03128],[-113.96379,51.03479]]]]}},{"type":"Feature","properties":{"id":2025,"name":"Forest Lawn Industrial","structure":"EMPLOYMENT","special":false,"revenue":1227147,"m2_sampled":7545,"m2_local":1098,"m2_shared":18295},"geometry":{"type":"MultiPolygon","coordinates":[[[[-113.96333,51.02761],[-113.96027,51.03128],[-113.95369,51.03145],[-113.95018,51.02794],[-113.95324,51.02427],[-113.95981,51.0241],[-113.96333,51.02761]]]]}},{"type":"Feature","properties":{"id":2026,"name":"Forest Lawn Industrial","structure":"EMPLOYMENT","special":false,"revenue":1035840,"m2_sampled":14139,"m2_local":4228,"m2_shared":18098},"geometry":{"type":"MultiPolygon","coordinates":[[[[-113.96287,51.02042],[-113.95981,51.0241],[-113.95324,51.02427],[-113.94972,51.02076],[-113.95278,51.01708],[-113.95936,51.01692],[-113.96287,51.02042]]]]}},{"type":"Feature","properties":{"id":2027,"name":"Starfield","structure":"EMPLOYMENT","special":false,"revenue":1376128,"m2_sampled":693,"m2_local":0,"m2_shared":51982},"geometry":{"type":"MultiPolygon","coordinates":[[[[-113.96242,51.01324],[-113.95936,51.01692],[-113.95278,51.01708],[-113.94926,51.01357],[-113.95232,51.0099],[-113.9589,51.00973],[-113.96242,51.01324]]]]}},{"type":"Feature","properties":{"id":2028,"name":"Starfield","structure":"EMPLOYMENT","special":false,"revenue":2911684,"m2_sampled":923,"m2_local":2047,"m2_shared":20527},"geometry":{"type":"MultiPolygon","coordinates":[[[[-113.96196,51.00606],[-113.9589,51.00973],[-113.95232,51.0099],[-113.94881,51.00639],[-113.95187,51.00271],[-113.95844,51.00255],[-113.96196,51.00606]]]]}},{"type":"Feature","properties":{"id":2029,"name":"Starfield","structure":"EMPLOYMENT","special":false,"revenue":4668371,"m2_sampled":0,"m2_local":11787,"m2_shared":17865},"geometry":{"type":"MultiPolygon","coordinates":[[[[-113.9615,50.99887],[-113.95844,51.00255],[-113.95187,51.00271],[-113.94835,50.9992],[-113.95141,50.99553],[-113.95798,50.99536],[-113.9615,50.99887]]]]}},{"type":"Feature","properties":{"id":2030,"name":"Great Plains","structure":"EMPLOYMENT","special":false,"revenue":5522092,"m2_sampled":0,"m2_local":837,"m2_shared":16804},"geometry":{"type":"MultiPolygon","coordinates":[[[[-113.96104,50.99169],[-113.95798,50.99536],[-113.95141,50.99553],[-113.9479,50.99202],[-113.95096,50.98834],[-113.95753,50.98818],[-113.96104,50.99169]]]]}},{"type":"Feature","properties":{"id":2031,"name":"Great Plains","structure":"EMPLOYMENT","special":false,"revenue":4658981,"m2_sampled":0,"m2_local":0,"m2_shared":12162},"geometry":{"type":"MultiPolygon","coordinates":[[[[-113.96058,50.9845],[-113.95753,50.98818],[-113.95096,50.98834],[-113.94744,50.98483],[-113.9505,50.98116],[-113.95707,50.98099],[-113.96058,50.9845]]]]}},{"type":"Feature","properties":{"id":2032,"name":"Section 23","structure":"EMPLOYMENT","special":false,"revenue":3217148,"m2_sampled":0,"m2_local":0,"m2_shared":31454},"geometry":{"type":"MultiPolygon","coordinates":[[[[-113.96013,50.97732],[-113.95707,50.98099],[-113.9505,50.98116],[-113.94699,50.97765],[-113.95004,50.97397],[-113.95661,50.97381],[-113.96013,50.97732]]]]}},{"type":"Feature","properties":{"id":2033,"name":"Section 23","structure":"EMPLOYMENT","special":false,"revenue":2112082,"m2_sampled":0,"m2_local":8278,"m2_shared":7090},"geometry":{"type":"MultiPolygon","coordinates":[[[[-113.95967,50.97013],[-113.95661,50.97381],[-113.95004,50.97397],[-113.94653,50.97047],[-113.94959,50.96679],[-113.95616,50.96662],[-113.95967,50.97013]]]]}},{"type":"Feature","properties":{"id":2034,"name":"East Shepard Industrial","structure":"EMPLOYMENT","special":false,"revenue":1764236,"m2_sampled":0,"m2_local":0,"m2_shared":4082},"geometry":{"type":"MultiPolygon","coordinates":[[[[-113.95921,50.96295],[-113.95616,50.96662],[-113.94959,50.96679],[-113.94608,50.96328],[-113.94913,50.95961],[-113.9557,50.95944],[-113.95921,50.96295]]]]}},{"type":"Feature","properties":{"id":2035,"name":"East Shepard Industrial","structure":"EMPLOYMENT","special":false,"revenue":3473058,"m2_sampled":1839,"m2_local":0,"m2_shared":1571},"geometry":{"type":"MultiPolygon","coordinates":[[[[-113.95876,50.95576],[-113.9557,50.95944],[-113.94913,50.95961],[-113.94562,50.9561],[-113.94868,50.95242],[-113.95525,50.95226],[-113.95876,50.95576]]]]}},{"type":"Feature","properties":{"id":2036,"name":"East Shepard Industrial","structure":"EMPLOYMENT","special":false,"revenue":752969,"m2_sampled":1583,"m2_local":21676,"m2_shared":619},"geometry":{"type":"MultiPolygon","coordinates":[[[[-113.9583,50.94858],[-113.95525,50.95226],[-113.94868,50.95242],[-113.94517,50.94891],[-113.94822,50.94524],[-113.95479,50.94507],[-113.9583,50.94858]]]]}},{"type":"Feature","properties":{"id":2037,"name":"East Shepard Industrial","structure":"EMPLOYMENT","special":false,"revenue":3780,"m2_sampled":0,"m2_local":0,"m2_shared":0},"geometry":{"type":"MultiPolygon","coordinates":[[[[-113.95784,50.9414],[-113.95479,50.94507],[-113.94822,50.94524],[-113.94471,50.94173],[-113.94777,50.93805],[-113.95433,50.93789],[-113.95784,50.9414]]]]}},{"type":"Feature","properties":{"id":2038,"name":"East Shepard Industrial","structure":"EMPLOYMENT","special":false,"revenue":33835,"m2_sampled":0,"m2_local":0,"m2_shared":0},"geometry":{"type":"MultiPolygon","coordinates":[[[[-113.95739,50.93421],[-113.95433,50.93789],[-113.94777,50.93805],[-113.94426,50.93454],[-113.94731,50.93087],[-113.95388,50.9307],[-113.95739,50.93421]]]]}},{"type":"Feature","properties":{"id":2039,"name":"New Brighton","structure":"2010s","special":false,"revenue":1618445,"m2_sampled":24771,"m2_local":14203,"m2_shared":16906},"geometry":{"type":"MultiPolygon","coordinates":[[[[-113.95693,50.92703],[-113.95388,50.9307],[-113.94731,50.93087],[-113.94381,50.92736],[-113.94686,50.92368],[-113.95342,50.92352],[-113.95693,50.92703]]]]}},{"type":"Feature","properties":{"id":2040,"name":"New Brighton","structure":"2010s","special":false,"revenue":2106271,"m2_sampled":48823,"m2_local":18472,"m2_shared":0},"geometry":{"type":"MultiPolygon","coordinates":[[[[-113.95648,50.91984],[-113.95342,50.92352],[-113.94686,50.92368],[-113.94335,50.92017],[-113.94641,50.9165],[-113.95297,50.91633],[-113.95648,50.91984]]]]}},{"type":"Feature","properties":{"id":2041,"name":"Copperfield","structure":"BUILDING OUT","special":false,"revenue":2786493,"m2_sampled":50351,"m2_local":26978,"m2_shared":31741},"geometry":{"type":"MultiPolygon","coordinates":[[[[-113.95602,50.91266],[-113.95297,50.91633],[-113.94641,50.9165],[-113.9429,50.91299],[-113.94595,50.90931],[-113.95251,50.90915],[-113.95602,50.91266]]]]}},{"type":"Feature","properties":{"id":2042,"name":"Mckenzie Towne","structure":"2010s","special":false,"revenue":363887,"m2_sampled":8663,"m2_local":0,"m2_shared":17949},"geometry":{"type":"MultiPolygon","coordinates":[[[[-113.95557,50.90547],[-113.95251,50.90915],[-113.94595,50.90931],[-113.94244,50.9058],[-113.9455,50.90213],[-113.95206,50.90196],[-113.95557,50.90547]]]]}},{"type":"Feature","properties":{"id":2043,"name":"Auburn Bay","structure":"2000s","special":false,"revenue":2954904,"m2_sampled":39448,"m2_local":18883,"m2_shared":16589},"geometry":{"type":"MultiPolygon","coordinates":[[[[-113.95511,50.89829],[-113.95206,50.90196],[-113.9455,50.90213],[-113.94199,50.89862],[-113.94504,50.89494],[-113.9516,50.89478],[-113.95511,50.89829]]]]}},{"type":"Feature","properties":{"id":2044,"name":"Auburn Bay","structure":"2000s","special":false,"revenue":3250557,"m2_sampled":46910,"m2_local":28169,"m2_shared":6848},"geometry":{"type":"MultiPolygon","coordinates":[[[[-113.95465,50.8911],[-113.9516,50.89478],[-113.94504,50.89494],[-113.94154,50.89144],[-113.94459,50.88776],[-113.95115,50.88759],[-113.95465,50.8911]]]]}},{"type":"Feature","properties":{"id":2045,"name":"Seton","structure":"2000s","special":false,"revenue":1730588,"m2_sampled":29973,"m2_local":24562,"m2_shared":30928},"geometry":{"type":"MultiPolygon","coordinates":[[[[-113.9542,50.88392],[-113.95115,50.88759],[-113.94459,50.88776],[-113.94109,50.88425],[-113.94414,50.88058],[-113.95069,50.88041],[-113.9542,50.88392]]]]}},{"type":"Feature","properties":{"id":2046,"name":"Seton","structure":"2000s","special":false,"revenue":2388190,"m2_sampled":37348,"m2_local":39077,"m2_shared":0},"geometry":{"type":"MultiPolygon","coordinates":[[[[-113.95375,50.87673],[-113.95069,50.88041],[-113.94414,50.88058],[-113.94063,50.87707],[-113.94368,50.87339],[-113.95024,50.87323],[-113.95375,50.87673]]]]}},{"type":"Feature","properties":{"id":2047,"name":"Seton","structure":"2000s","special":false,"revenue":1832329,"m2_sampled":46609,"m2_local":0,"m2_shared":0},"geometry":{"type":"MultiPolygon","coordinates":[[[[-113.95329,50.86955],[-113.95024,50.87323],[-113.94368,50.87339],[-113.94018,50.86988],[-113.94323,50.86621],[-113.94979,50.86604],[-113.95329,50.86955]]]]}},{"type":"Feature","properties":{"id":2048,"name":"Ricardo Ranch","structure":"BUILDING OUT","special":false,"revenue":1080800,"m2_sampled":35390,"m2_local":12244,"m2_shared":911},"geometry":{"type":"MultiPolygon","coordinates":[[[[-113.95284,50.86237],[-113.94979,50.86604],[-113.94323,50.86621],[-113.93973,50.8627],[-113.94278,50.85902],[-113.94933,50.85886],[-113.95284,50.86237]]]]}},{"type":"Feature","properties":{"id":2049,"name":"Ricardo Ranch","structure":"BUILDING OUT","special":false,"revenue":1057,"m2_sampled":0,"m2_local":0,"m2_shared":0},"geometry":{"type":"MultiPolygon","coordinates":[[[[-113.95238,50.85518],[-113.94933,50.85886],[-113.94278,50.85902],[-113.93928,50.85551],[-113.94233,50.85184],[-113.94888,50.85167],[-113.95238,50.85518]]]]}},{"type":"Feature","properties":{"id":2050,"name":"Ricardo Ranch","structure":"BUILDING OUT","special":false,"revenue":870,"m2_sampled":0,"m2_local":0,"m2_shared":0},"geometry":{"type":"MultiPolygon","coordinates":[[[[-113.94142,50.8509],[-113.94147,50.85088],[-113.94151,50.85086],[-113.94157,50.85084],[-113.94162,50.85082],[-113.94168,50.85079],[-113.94173,50.85077],[-113.94178,50.85074],[-113.94181,50.85073],[-113.94186,50.8507],[-113.94191,50.85068],[-113.94195,50.85066],[-113.942,50.85064],[-113.94206,50.85061],[-113.94211,50.85059],[-113.94216,50.85056],[-113.94222,50.85053],[-113.94227,50.8505],[-113.9423,50.85048],[-113.94235,50.85045],[-113.94239,50.85042],[-113.94244,50.85039],[-113.94249,50.85036],[-113.94253,50.85033],[-113.94258,50.8503],[-113.94263,50.85027],[-113.94268,50.85024],[-113.94273,50.85022],[-113.94278,50.85019],[-113.94283,50.85017],[-113.94288,50.85013],[-113.94293,50.8501],[-113.94297,50.85008],[-113.94301,50.85004],[-113.94307,50.85001],[-113.94311,50.84999],[-113.94317,50.84995],[-113.94321,50.84993],[-113.94326,50.84991],[-113.9433,50.84989],[-113.94335,50.84986],[-113.94338,50.84985],[-113.94343,50.84982],[-113.94349,50.84979],[-113.94354,50.84976],[-113.94359,50.84972],[-113.94364,50.84969],[-113.9437,50.84966],[-113.94374,50.84963],[-113.94379,50.8496],[-113.94384,50.84957],[-113.94389,50.84953],[-113.94393,50.84952],[-113.94398,50.84948],[-113.94402,50.84945],[-113.94406,50.84942],[-113.94411,50.8494],[-113.94415,50.84938],[-113.94419,50.84936],[-113.94424,50.84932],[-113.94429,50.8493],[-113.94434,50.84927],[-113.94439,50.84924],[-113.94442,50.84921],[-113.94446,50.84918],[-113.94451,50.84914],[-113.94455,50.84913],[-113.94456,50.84912],[-113.94461,50.84911],[-113.94465,50.8491],[-113.94469,50.84908],[-113.94474,50.84907],[-113.94479,50.84904],[-113.94482,50.84901],[-113.94486,50.84898],[-113.9449,50.84895],[-113.94493,50.84892],[-113.94493,50.84889],[-113.94492,50.84886],[-113.9449,50.84883],[-113.94488,50.8488],[-113.94489,50.84877],[-113.94493,50.84874],[-113.94496,50.84871],[-113.94499,50.84868],[-113.94503,50.84865],[-113.94504,50.84863],[-113.94505,50.84862],[-113.94506,50.84859],[-113.94507,50.84858],[-113.94507,50.84856],[-113.94507,50.84854],[-113.94509,50.84851],[-113.94511,50.84847],[-113.94513,50.84844],[-113.94517,50.84841],[-113.9452,50.84838],[-113.94524,50.84835],[-113.94527,50.84831],[-113.9453,50.84828],[-113.94532,50.84826],[-113.94535,50.84823],[-113.94538,50.84821],[-113.9454,50.84818],[-113.94543,50.84815],[-113.94546,50.84812],[-113.94548,50.84809],[-113.9455,50.84806],[-113.94551,50.84803],[-113.94552,50.848],[-113.94555,50.84797],[-113.94557,50.84794],[-113.94558,50.84791],[-113.94559,50.84787],[-113.94561,50.84785],[-113.94561,50.84783],[-113.94563,50.8478],[-113.94564,50.84778],[-113.94566,50.84774],[-113.94568,50.84771],[-113.9457,50.84769],[-113.94572,50.84766],[-113.94574,50.84763],[-113.94576,50.8476],[-113.94578,50.84757],[-113.94579,50.84755],[-113.94581,50.84752],[-113.94583,50.84748],[-113.94585,50.84745],[-113.94588,50.84742],[-113.9459,50.84738],[-113.94593,50.84735],[-113.94596,50.84732],[-113.94599,50.8473],[-113.94602,50.84726],[-113.94603,50.84724],[-113.94605,50.84721],[-113.94607,50.84717],[-113.94609,50.84714],[-113.94611,50.84711],[-113.94613,50.84707],[-113.94614,50.84705],[-113.94616,50.84702],[-113.94619,50.84698],[-113.94621,50.84695],[-113.94622,50.84692],[-113.94624,50.84689],[-113.94626,50.84686],[-113.94627,50.84683],[-113.94629,50.8468],[-113.94631,50.84678],[-113.94633,50.84674],[-113.94636,50.84671],[-113.94638,50.84668],[-113.94641,50.84665],[-113.94644,50.84661],[-113.94648,50.84658],[-113.9465,50.84655],[-113.94651,50.84653],[-113.94654,50.84651],[-113.94656,50.84648],[-113.9466,50.84644],[-113.94663,50.84641],[-113.94666,50.84639],[-113.94668,50.84636],[-113.94671,50.84633],[-113.94674,50.8463],[-113.94675,50.84628],[-113.94678,50.84625],[-113.94681,50.84622],[-113.94684,50.8462],[-113.94687,50.84617],[-113.94691,50.84614],[-113.94696,50.84611],[-113.94701,50.84607],[-113.94704,50.84605],[-113.94708,50.84601],[-113.94711,50.84599],[-113.94715,50.84595],[-113.94718,50.84592],[-113.94722,50.84589],[-113.94727,50.84585],[-113.94731,50.84582],[-113.94734,50.84579],[-113.94738,50.84576],[-113.94741,50.84573],[-113.94744,50.84569],[-113.94746,50.84566],[-113.94748,50.84563],[-113.94749,50.8456],[-113.94749,50.84558],[-113.94749,50.84555],[-113.94747,50.84551],[-113.94747,50.84549],[-113.94746,50.84546],[-113.94746,50.84543],[-113.94746,50.8454],[-113.94747,50.84538],[-113.9475,50.84535],[-113.94752,50.84533],[-113.94757,50.8453],[-113.94762,50.84528],[-113.94767,50.84526],[-113.94771,50.84524],[-113.94776,50.84522],[-113.94781,50.8452],[-113.94785,50.84518],[-113.9479,50.84516],[-113.94795,50.84513],[-113.948,50.8451],[-113.94801,50.84507],[-113.94802,50.84505],[-113.94803,50.84502],[-113.94803,50.84498],[-113.94804,50.84495],[-113.94805,50.84493],[-113.94806,50.8449],[-113.94808,50.84487],[-113.94811,50.84484],[-113.94814,50.84481],[-113.94817,50.84478],[-113.9482,50.84475],[-113.94823,50.84472],[-113.94825,50.84469],[-113.94827,50.84466],[-113.94829,50.84463],[-113.94832,50.8446],[-113.94834,50.84457],[-113.94839,50.84454],[-113.94845,50.84451],[-113.94845,50.84451],[-113.95193,50.848],[-113.94888,50.85167],[-113.94233,50.85184],[-113.9414,50.85091],[-113.94142,50.8509]]]]}},{"type":"Feature","properties":{"id":2058,"name":"05d","structure":"UNDEVELOPED","special":true,"revenue":172635,"m2_sampled":2539,"m2_local":0,"m2_shared":0},"geometry":{"type":"MultiPolygon","coordinates":[[[[-113.95824,51.18356],[-113.95523,51.18356],[-113.95104,51.18355],[-113.95014,51.18265],[-113.95321,51.17898],[-113.9598,51.17881],[-113.96333,51.18232],[-113.9623,51.18355],[-113.95824,51.18356]]]]}},{"type":"Feature","properties":{"id":2059,"name":"Redstone","structure":"2000s","special":false,"revenue":1151439,"m2_sampled":19706,"m2_local":14446,"m2_shared":0},"geometry":{"type":"MultiPolygon","coordinates":[[[[-113.96287,51.17514],[-113.9598,51.17881],[-113.95321,51.17898],[-113.94968,51.17547],[-113.95275,51.17179],[-113.95934,51.17163],[-113.96287,51.17514]]]]}},{"type":"Feature","properties":{"id":2060,"name":"Redstone","structure":"2000s","special":false,"revenue":3418171,"m2_sampled":43417,"m2_local":31594,"m2_shared":16269},"geometry":{"type":"MultiPolygon","coordinates":[[[[-113.96241,51.16795],[-113.95934,51.17163],[-113.95275,51.17179],[-113.94922,51.16829],[-113.95229,51.16461],[-113.95888,51.16444],[-113.96241,51.16795]]]]}},{"type":"Feature","properties":{"id":2061,"name":"Skyview Ranch","structure":"2000s","special":false,"revenue":3004457,"m2_sampled":31373,"m2_local":46148,"m2_shared":0},"geometry":{"type":"MultiPolygon","coordinates":[[[[-113.96195,51.16077],[-113.95888,51.16444],[-113.95229,51.16461],[-113.94876,51.1611],[-113.95183,51.15743],[-113.95842,51.15726],[-113.96195,51.16077]]]]}},{"type":"Feature","properties":{"id":2062,"name":"Cityscape","structure":"BUILDING OUT","special":false,"revenue":2744692,"m2_sampled":22186,"m2_local":37409,"m2_shared":31694},"geometry":{"type":"MultiPolygon","coordinates":[[[[-113.96149,51.15358],[-113.95842,51.15726],[-113.95183,51.15743],[-113.9483,51.15392],[-113.95137,51.15024],[-113.95796,51.15007],[-113.96149,51.15358]]]]}},{"type":"Feature","properties":{"id":2063,"name":"Cityscape","structure":"BUILDING OUT","special":false,"revenue":604654,"m2_sampled":11865,"m2_local":7074,"m2_shared":0},"geometry":{"type":"MultiPolygon","coordinates":[[[[-113.96103,51.1464],[-113.95796,51.15007],[-113.95137,51.15024],[-113.94784,51.14673],[-113.95091,51.14306],[-113.95751,51.14289],[-113.96103,51.1464]]]]}},{"type":"Feature","properties":{"id":2064,"name":"Saddle Ridge","structure":"2000s","special":false,"revenue":1468122,"m2_sampled":36829,"m2_local":3257,"m2_shared":15038},"geometry":{"type":"MultiPolygon","coordinates":[[[[-113.96057,51.13921],[-113.95751,51.14289],[-113.95091,51.14306],[-113.94739,51.13955],[-113.95045,51.13587],[-113.95705,51.13571],[-113.96057,51.13921]]]]}},{"type":"Feature","properties":{"id":2065,"name":"Saddle Ridge","structure":"2000s","special":false,"revenue":3373936,"m2_sampled":61457,"m2_local":26054,"m2_shared":439},"geometry":{"type":"MultiPolygon","coordinates":[[[[-113.96011,51.13203],[-113.95705,51.13571],[-113.95045,51.13587],[-113.94693,51.13236],[-113.94999,51.12869],[-113.95659,51.12852],[-113.96011,51.13203]]]]}},{"type":"Feature","properties":{"id":2066,"name":"Martindale","structure":"1980s/1990s","special":false,"revenue":1845066,"m2_sampled":38077,"m2_local":14129,"m2_shared":24503},"geometry":{"type":"MultiPolygon","coordinates":[[[[-113.95965,51.12485],[-113.95659,51.12852],[-113.94999,51.12869],[-113.94647,51.12518],[-113.94954,51.1215],[-113.95613,51.12134],[-113.95965,51.12485]]]]}},{"type":"Feature","properties":{"id":2067,"name":"Martindale","structure":"1980s/1990s","special":false,"revenue":2058584,"m2_sampled":37064,"m2_local":15231,"m2_shared":4684},"geometry":{"type":"MultiPolygon","coordinates":[[[[-113.95919,51.11766],[-113.95613,51.12134],[-113.94954,51.1215],[-113.94601,51.118],[-113.94908,51.11432],[-113.95567,51.11415],[-113.95919,51.11766]]]]}},{"type":"Feature","properties":{"id":2068,"name":"Martindale","structure":"1980s/1990s","special":false,"revenue":1742019,"m2_sampled":50895,"m2_local":18472,"m2_shared":35266},"geometry":{"type":"MultiPolygon","coordinates":[[[[-113.95873,51.11048],[-113.95567,51.11415],[-113.94908,51.11432],[-113.94556,51.11081],[-113.94862,51.10714],[-113.95521,51.10697],[-113.95873,51.11048]]]]}},{"type":"Feature","properties":{"id":2069,"name":"Falconridge","structure":"1980s/1990s","special":false,"revenue":1343948,"m2_sampled":48558,"m2_local":5836,"m2_shared":20227},"geometry":{"type":"MultiPolygon","coordinates":[[[[-113.95827,51.10329],[-113.95521,51.10697],[-113.94862,51.10714],[-113.9451,51.10363],[-113.94816,51.09995],[-113.95475,51.09978],[-113.95827,51.10329]]]]}},{"type":"Feature","properties":{"id":2070,"name":"Falconridge","structure":"1980s/1990s","special":false,"revenue":1777988,"m2_sampled":50184,"m2_local":6156,"m2_shared":23748},"geometry":{"type":"MultiPolygon","coordinates":[[[[-113.95782,51.09611],[-113.95475,51.09978],[-113.94816,51.09995],[-113.94464,51.09644],[-113.94771,51.09277],[-113.95429,51.0926],[-113.95782,51.09611]]]]}},{"type":"Feature","properties":{"id":2071,"name":"Temple","structure":"1960s/1970s","special":false,"revenue":1539763,"m2_sampled":43852,"m2_local":15627,"m2_shared":0},"geometry":{"type":"MultiPolygon","coordinates":[[[[-113.95736,51.08893],[-113.95429,51.0926],[-113.94771,51.09277],[-113.94418,51.08926],[-113.94725,51.08558],[-113.95384,51.08542],[-113.95736,51.08893]]]]}},{"type":"Feature","properties":{"id":2072,"name":"Temple","structure":"1960s/1970s","special":false,"revenue":1529656,"m2_sampled":52997,"m2_local":13503,"m2_shared":21317},"geometry":{"type":"MultiPolygon","coordinates":[[[[-113.9569,51.08174],[-113.95384,51.08542],[-113.94725,51.08558],[-113.94373,51.08207],[-113.94679,51.0784],[-113.95338,51.07823],[-113.9569,51.08174]]]]}},{"type":"Feature","properties":{"id":2073,"name":"Pineridge","structure":"1960s/1970s","special":false,"revenue":1374638,"m2_sampled":37276,"m2_local":19832,"m2_shared":0},"geometry":{"type":"MultiPolygon","coordinates":[[[[-113.95644,51.07456],[-113.95338,51.07823],[-113.94679,51.0784],[-113.94327,51.07489],[-113.94634,51.07121],[-113.95292,51.07105],[-113.95644,51.07456]]]]}},{"type":"Feature","properties":{"id":2074,"name":"Pineridge","structure":"1960s/1970s","special":false,"revenue":1098203,"m2_sampled":54334,"m2_local":0,"m2_shared":25048},"geometry":{"type":"MultiPolygon","coordinates":[[[[-113.95598,51.06737],[-113.95292,51.07105],[-113.94634,51.07121],[-113.94282,51.0677],[-113.94588,51.06403],[-113.95246,51.06386],[-113.95598,51.06737]]]]}},{"type":"Feature","properties":{"id":2075,"name":"Marlborough Park","structure":"1960s/1970s","special":false,"revenue":1239723,"m2_sampled":41432,"m2_local":6653,"m2_shared":0},"geometry":{"type":"MultiPolygon","coordinates":[[[[-113.95552,51.06019],[-113.95246,51.06386],[-113.94588,51.06403],[-113.94236,51.06052],[-113.94542,51.05685],[-113.952,51.05668],[-113.95552,51.06019]]]]}},{"type":"Feature","properties":{"id":2076,"name":"Marlborough Park","structure":"1960s/1970s","special":false,"revenue":1541339,"m2_sampled":58903,"m2_local":0,"m2_shared":20305},"geometry":{"type":"MultiPolygon","coordinates":[[[[-113.95507,51.053],[-113.952,51.05668],[-113.94542,51.05685],[-113.9419,51.05334],[-113.94497,51.04966],[-113.95155,51.04949],[-113.95507,51.053]]]]}},{"type":"Feature","properties":{"id":2077,"name":"Penbrooke Meadows","structure":"1960s/1970s","special":false,"revenue":1173426,"m2_sampled":50107,"m2_local":10063,"m2_shared":0},"geometry":{"type":"MultiPolygon","coordinates":[[[[-113.95461,51.04582],[-113.95155,51.04949],[-113.94497,51.04966],[-113.94145,51.04615],[-113.94451,51.04248],[-113.95109,51.04231],[-113.95461,51.04582]]]]}},{"type":"Feature","properties":{"id":2078,"name":"Red Carpet","structure":"1960s/1970s","special":false,"revenue":1443865,"m2_sampled":29763,"m2_local":0,"m2_shared":18607},"geometry":{"type":"MultiPolygon","coordinates":[[[[-113.95415,51.03863],[-113.95109,51.04231],[-113.94451,51.04248],[-113.94099,51.03897],[-113.94406,51.03529],[-113.95063,51.03513],[-113.95415,51.03863]]]]}},{"type":"Feature","properties":{"id":2079,"name":"Forest Lawn Industrial","structure":"EMPLOYMENT","special":false,"revenue":465664,"m2_sampled":5488,"m2_local":0,"m2_shared":0},"geometry":{"type":"MultiPolygon","coordinates":[[[[-113.95369,51.03145],[-113.95063,51.03513],[-113.94406,51.03529],[-113.94054,51.03178],[-113.9436,51.02811],[-113.95018,51.02794],[-113.95369,51.03145]]]]}},{"type":"Feature","properties":{"id":2080,"name":"09q","structure":"OTHER","special":true,"revenue":129449,"m2_sampled":0,"m2_local":0,"m2_shared":0},"geometry":{"type":"MultiPolygon","coordinates":[[[[-113.95324,51.02427],[-113.95018,51.02794],[-113.9436,51.02811],[-113.94008,51.0246],[-113.94314,51.02092],[-113.94972,51.02076],[-113.95324,51.02427]]]]}},{"type":"Feature","properties":{"id":2081,"name":"09q","structure":"OTHER","special":true,"revenue":0,"m2_sampled":0,"m2_local":0,"m2_shared":6746},"geometry":{"type":"MultiPolygon","coordinates":[[[[-113.95278,51.01708],[-113.94972,51.02076],[-113.94314,51.02092],[-113.93963,51.01741],[-113.94269,51.01374],[-113.94926,51.01357],[-113.95278,51.01708]]]]}},{"type":"Feature","properties":{"id":2082,"name":"Starfield","structure":"EMPLOYMENT","special":false,"revenue":206965,"m2_sampled":0,"m2_local":0,"m2_shared":0},"geometry":{"type":"MultiPolygon","coordinates":[[[[-113.95232,51.0099],[-113.94926,51.01357],[-113.94269,51.01374],[-113.93917,51.01023],[-113.94223,51.00655],[-113.94881,51.00639],[-113.95232,51.0099]]]]}},{"type":"Feature","properties":{"id":2083,"name":"Starfield","structure":"EMPLOYMENT","special":false,"revenue":1065927,"m2_sampled":0,"m2_local":0,"m2_shared":0},"geometry":{"type":"MultiPolygon","coordinates":[[[[-113.95187,51.00271],[-113.94881,51.00639],[-113.94223,51.00655],[-113.93872,51.00304],[-113.94178,50.99937],[-113.94835,50.9992],[-113.95187,51.00271]]]]}},{"type":"Feature","properties":{"id":2084,"name":"Starfield","structure":"EMPLOYMENT","special":false,"revenue":2895691,"m2_sampled":661,"m2_local":6914,"m2_shared":0},"geometry":{"type":"MultiPolygon","coordinates":[[[[-113.95141,50.99553],[-113.94835,50.9992],[-113.94178,50.99937],[-113.93827,50.99586],[-113.94133,50.99218],[-113.9479,50.99202],[-113.95141,50.99553]]]]}},{"type":"Feature","properties":{"id":2085,"name":"Great Plains","structure":"EMPLOYMENT","special":false,"revenue":5802291,"m2_sampled":0,"m2_local":0,"m2_shared":0},"geometry":{"type":"MultiPolygon","coordinates":[[[[-113.95096,50.98834],[-113.9479,50.99202],[-113.94133,50.99218],[-113.93781,50.98868],[-113.94087,50.985],[-113.94744,50.98483],[-113.95096,50.98834]]]]}},{"type":"Feature","properties":{"id":2086,"name":"Great Plains","structure":"EMPLOYMENT","special":false,"revenue":4859396,"m2_sampled":0,"m2_local":0,"m2_shared":18121},"geometry":{"type":"MultiPolygon","coordinates":[[[[-113.9505,50.98116],[-113.94744,50.98483],[-113.94087,50.985],[-113.93736,50.98149],[-113.94042,50.97782],[-113.94699,50.97765],[-113.9505,50.98116]]]]}},{"type":"Feature","properties":{"id":2087,"name":"Section 23","structure":"EMPLOYMENT","special":false,"revenue":2116774,"m2_sampled":0,"m2_local":0,"m2_shared":0},"geometry":{"type":"MultiPolygon","coordinates":[[[[-113.95004,50.97397],[-113.94699,50.97765],[-113.94042,50.97782],[-113.9369,50.97431],[-113.93996,50.97063],[-113.94653,50.97047],[-113.95004,50.97397]]]]}},{"type":"Feature","properties":{"id":2088,"name":"East Shepard Industrial","structure":"EMPLOYMENT","special":false,"revenue":3365741,"m2_sampled":0,"m2_local":8524,"m2_shared":0},"geometry":{"type":"MultiPolygon","coordinates":[[[[-113.94959,50.96679],[-113.94653,50.97047],[-113.93996,50.97063],[-113.93645,50.96712],[-113.93951,50.96345],[-113.94608,50.96328],[-113.94959,50.96679]]]]}},{"type":"Feature","properties":{"id":2089,"name":"East Shepard Industrial","structure":"EMPLOYMENT","special":false,"revenue":4396154,"m2_sampled":0,"m2_local":1907,"m2_shared":0},"geometry":{"type":"MultiPolygon","coordinates":[[[[-113.94913,50.95961],[-113.94608,50.96328],[-113.93951,50.96345],[-113.936,50.95994],[-113.93905,50.95626],[-113.94562,50.9561],[-113.94913,50.95961]]]]}},{"type":"Feature","properties":{"id":2090,"name":"East Shepard Industrial","structure":"EMPLOYMENT","special":false,"revenue":1653032,"m2_sampled":0,"m2_local":19054,"m2_shared":0},"geometry":{"type":"MultiPolygon","coordinates":[[[[-113.94868,50.95242],[-113.94562,50.9561],[-113.93905,50.95626],[-113.93554,50.95275],[-113.9386,50.94908],[-113.94517,50.94891],[-113.94868,50.95242]]]]}},{"type":"Feature","properties":{"id":2091,"name":"East Shepard Industrial","structure":"EMPLOYMENT","special":false,"revenue":535805,"m2_sampled":0,"m2_local":0,"m2_shared":0},"geometry":{"type":"MultiPolygon","coordinates":[[[[-113.94822,50.94524],[-113.94517,50.94891],[-113.9386,50.94908],[-113.93509,50.94557],[-113.93815,50.94189],[-113.94471,50.94173],[-113.94822,50.94524]]]]}},{"type":"Feature","properties":{"id":2092,"name":"East Shepard Industrial","structure":"EMPLOYMENT","special":false,"revenue":89025,"m2_sampled":0,"m2_local":0,"m2_shared":0},"geometry":{"type":"MultiPolygon","coordinates":[[[[-113.94777,50.93805],[-113.94471,50.94173],[-113.93815,50.94189],[-113.93464,50.93838],[-113.93769,50.93471],[-113.94426,50.93454],[-113.94777,50.93805]]]]}},{"type":"Feature","properties":{"id":2093,"name":"East Shepard Industrial","structure":"EMPLOYMENT","special":false,"revenue":1044065,"m2_sampled":0,"m2_local":0,"m2_shared":17802},"geometry":{"type":"MultiPolygon","coordinates":[[[[-113.94731,50.93087],[-113.94426,50.93454],[-113.93769,50.93471],[-113.93419,50.9312],[-113.93724,50.92752],[-113.94381,50.92736],[-113.94731,50.93087]]]]}},{"type":"Feature","properties":{"id":2094,"name":"New Brighton","structure":"2010s","special":false,"revenue":2134030,"m2_sampled":40102,"m2_local":20896,"m2_shared":1909},"geometry":{"type":"MultiPolygon","coordinates":[[[[-113.94686,50.92368],[-113.94381,50.92736],[-113.93724,50.92752],[-113.93373,50.92401],[-113.93679,50.92034],[-113.94335,50.92017],[-113.94686,50.92368]]]]}},{"type":"Feature","properties":{"id":2095,"name":"New Brighton","structure":"2010s","special":false,"revenue":2435234,"m2_sampled":47470,"m2_local":30977,"m2_shared":21889},"geometry":{"type":"MultiPolygon","coordinates":[[[[-113.94641,50.9165],[-113.94335,50.92017],[-113.93679,50.92034],[-113.93328,50.91683],[-113.93634,50.91315],[-113.9429,50.91299],[-113.94641,50.9165]]]]}},{"type":"Feature","properties":{"id":2096,"name":"Copperfield","structure":"BUILDING OUT","special":false,"revenue":1727945,"m2_sampled":36610,"m2_local":27993,"m2_shared":0},"geometry":{"type":"MultiPolygon","coordinates":[[[[-113.94595,50.90931],[-113.9429,50.91299],[-113.93634,50.91315],[-113.93283,50.90964],[-113.93588,50.90597],[-113.94244,50.9058],[-113.94595,50.90931]]]]}},{"type":"Feature","properties":{"id":2097,"name":"Mahogany","structure":"2000s","special":false,"revenue":2070077,"m2_sampled":39132,"m2_local":23652,"m2_shared":0},"geometry":{"type":"MultiPolygon","coordinates":[[[[-113.9455,50.90213],[-113.94244,50.9058],[-113.93588,50.90597],[-113.93238,50.90246],[-113.93543,50.89879],[-113.94199,50.89862],[-113.9455,50.90213]]]]}},{"type":"Feature","properties":{"id":2098,"name":"Mahogany","structure":"2000s","special":false,"revenue":3893508,"m2_sampled":29930,"m2_local":23336,"m2_shared":14138},"geometry":{"type":"MultiPolygon","coordinates":[[[[-113.94504,50.89494],[-113.94199,50.89862],[-113.93543,50.89879],[-113.93193,50.89528],[-113.93498,50.8916],[-113.94154,50.89144],[-113.94504,50.89494]]]]}},{"type":"Feature","properties":{"id":2099,"name":"Mahogany","structure":"2000s","special":false,"revenue":1090054,"m2_sampled":24877,"m2_local":9401,"m2_shared":19477},"geometry":{"type":"MultiPolygon","coordinates":[[[[-113.94459,50.88776],[-113.94154,50.89144],[-113.93498,50.8916],[-113.93148,50.88809],[-113.93453,50.88442],[-113.94109,50.88425],[-113.94459,50.88776]]]]}},{"type":"Feature","properties":{"id":2100,"name":"Rangeview","structure":"2000s","special":false,"revenue":20134,"m2_sampled":2027,"m2_local":22789,"m2_shared":0},"geometry":{"type":"MultiPolygon","coordinates":[[[[-113.94414,50.88058],[-113.94109,50.88425],[-113.93453,50.88442],[-113.93102,50.88091],[-113.93408,50.87723],[-113.94063,50.87707],[-113.94414,50.88058]]]]}},{"type":"Feature","properties":{"id":2101,"name":"Seton","structure":"2000s","special":false,"revenue":314640,"m2_sampled":9607,"m2_local":17928,"m2_shared":0},"geometry":{"type":"MultiPolygon","coordinates":[[[[-113.94368,50.87339],[-113.94063,50.87707],[-113.93408,50.87723],[-113.93057,50.87372],[-113.93363,50.87005],[-113.94018,50.86988],[-113.94368,50.87339]]]]}},{"type":"Feature","properties":{"id":2102,"name":"Seton","structure":"2000s","special":false,"revenue":445748,"m2_sampled":11139,"m2_local":0,"m2_shared":0},"geometry":{"type":"MultiPolygon","coordinates":[[[[-113.94323,50.86621],[-113.94018,50.86988],[-113.93363,50.87005],[-113.93012,50.86654],[-113.93317,50.86286],[-113.93973,50.8627],[-113.94323,50.86621]]]]}},{"type":"Feature","properties":{"id":2103,"name":"Ricardo Ranch","structure":"BUILDING OUT","special":false,"revenue":1599,"m2_sampled":0,"m2_local":0,"m2_shared":0},"geometry":{"type":"MultiPolygon","coordinates":[[[[-113.94278,50.85902],[-113.93973,50.8627],[-113.93317,50.86286],[-113.92967,50.85935],[-113.93272,50.85568],[-113.93928,50.85551],[-113.94278,50.85902]]]]}},{"type":"Feature","properties":{"id":2104,"name":"Ricardo Ranch","structure":"BUILDING OUT","special":false,"revenue":2954,"m2_sampled":0,"m2_local":0,"m2_shared":0},"geometry":{"type":"MultiPolygon","coordinates":[[[[-113.92943,50.85237],[-113.92947,50.85238],[-113.92951,50.85238],[-113.92956,50.85238],[-113.9296,50.85238],[-113.92966,50.85239],[-113.92971,50.85239],[-113.92976,50.8524],[-113.92981,50.8524],[-113.92985,50.85241],[-113.92988,50.85241],[-113.92993,50.85241],[-113.92998,50.85241],[-113.93003,50.85242],[-113.93007,50.85242],[-113.93012,50.85242],[-113.93016,50.85242],[-113.9302,50.85242],[-113.93023,50.85242],[-113.93028,50.85242],[-113.93033,50.85243],[-113.93036,50.85243],[-113.93041,50.85243],[-113.93046,50.85243],[-113.93051,50.85243],[-113.93053,50.85243],[-113.93058,50.85243],[-113.93063,50.85243],[-113.93067,50.85243],[-113.93073,50.85244],[-113.93078,50.85244],[-113.93081,50.85244],[-113.93084,50.85244],[-113.93088,50.85244],[-113.93094,50.85244],[-113.93098,50.85245],[-113.93102,50.85245],[-113.93107,50.85246],[-113.93111,50.85246],[-113.93117,50.85246],[-113.93122,50.85247],[-113.93123,50.85247],[-113.93128,50.85247],[-113.93132,50.85247],[-113.93137,50.85247],[-113.93142,50.85247],[-113.93148,50.85247],[-113.93153,50.85246],[-113.93158,50.85246],[-113.93163,50.85246],[-113.93167,50.85246],[-113.93172,50.85246],[-113.93176,50.85246],[-113.93182,50.85246],[-113.93185,50.85246],[-113.93189,50.85246],[-113.93193,50.85247],[-113.93199,50.85247],[-113.93203,50.85247],[-113.93208,50.85246],[-113.93213,50.85246],[-113.93219,50.85246],[-113.93224,50.85246],[-113.93228,50.85246],[-113.93234,50.85246],[-113.93239,50.85246],[-113.93244,50.85246],[-113.93249,50.85246],[-113.93254,50.85247],[-113.9326,50.85247],[-113.93264,50.85247],[-113.93269,50.85247],[-113.93273,50.85247],[-113.93279,50.85247],[-113.93284,50.85248],[-113.93289,50.85249],[-113.93295,50.85249],[-113.93299,50.8525],[-113.93304,50.85251],[-113.93306,50.85251],[-113.9331,50.85252],[-113.93315,50.85253],[-113.93319,50.85253],[-113.93323,50.85254],[-113.93327,50.85255],[-113.93331,50.85256],[-113.93336,50.85257],[-113.9334,50.85257],[-113.93344,50.85258],[-113.93349,50.85259],[-113.93354,50.8526],[-113.9336,50.85262],[-113.93364,50.85264],[-113.9337,50.85265],[-113.93375,50.85265],[-113.9338,50.85265],[-113.93385,50.85265],[-113.93391,50.85265],[-113.93396,50.85265],[-113.934,50.85265],[-113.93402,50.85265],[-113.93406,50.85264],[-113.93411,50.85264],[-113.93417,50.85264],[-113.93422,50.85263],[-113.93428,50.85263],[-113.93432,50.85263],[-113.93437,50.85262],[-113.93441,50.85262],[-113.93446,50.85262],[-113.9345,50.85262],[-113.93454,50.85262],[-113.93459,50.85261],[-113.93464,50.85261],[-113.93468,50.85261],[-113.93473,50.85261],[-113.93478,50.85261],[-113.93483,50.85261],[-113.93489,50.85261],[-113.93494,50.85261],[-113.93498,50.85261],[-113.93501,50.85261],[-113.93505,50.85261],[-113.9351,50.85261],[-113.93513,50.85261],[-113.93518,50.8526],[-113.93522,50.8526],[-113.93526,50.85259],[-113.93531,50.85259],[-113.93536,50.85258],[-113.93542,50.85257],[-113.93545,50.85256],[-113.9355,50.85256],[-113.93554,50.85255],[-113.93559,50.85255],[-113.93563,50.85255],[-113.93568,50.85254],[-113.93573,50.85254],[-113.93576,50.85253],[-113.93581,50.85252],[-113.93586,50.85251],[-113.93591,50.85251],[-113.93595,50.8525],[-113.93599,50.8525],[-113.93604,50.85249],[-113.93609,50.85248],[-113.93615,50.85247],[-113.93619,50.85246],[-113.93624,50.85245],[-113.93627,50.85244],[-113.93633,50.85243],[-113.93638,50.85242],[-113.93643,50.8524],[-113.93648,50.85239],[-113.93652,50.85238],[-113.93657,50.85237],[-113.93661,50.85236],[-113.93666,50.85235],[-113.93671,50.85233],[-113.93674,50.85232],[-113.9368,50.85231],[-113.93685,50.8523],[-113.9369,50.85229],[-113.93695,50.85228],[-113.93699,50.85227],[-113.93704,50.85226],[-113.93709,50.85225],[-113.93713,50.85225],[-113.93717,50.85224],[-113.93721,50.85223],[-113.93726,50.85222],[-113.9373,50.85222],[-113.93735,50.85221],[-113.93739,50.8522],[-113.93743,50.8522],[-113.93748,50.85219],[-113.93752,50.85218],[-113.93758,50.85217],[-113.93763,50.85215],[-113.93767,50.85215],[-113.93772,50.85214],[-113.93776,50.85213],[-113.9378,50.85212],[-113.93785,50.85211],[-113.93789,50.8521],[-113.93793,50.8521],[-113.93797,50.85209],[-113.93801,50.85208],[-113.93805,50.85207],[-113.9381,50.85206],[-113.93816,50.85205],[-113.9382,50.85204],[-113.93824,50.85203],[-113.93828,50.85202],[-113.93832,50.85201],[-113.93837,50.852],[-113.93843,50.85198],[-113.93847,50.85197],[-113.93863,50.85192],[-113.93864,50.85191],[-113.9387,50.8519],[-113.93875,50.85189],[-113.93879,50.85188],[-113.93884,50.85187],[-113.93888,50.85186],[-113.93892,50.85185],[-113.93896,50.85183],[-113.93899,50.85183],[-113.93904,50.85181],[-113.93907,50.85181],[-113.93912,50.85179],[-113.93918,50.85178],[-113.93921,50.85177],[-113.93925,50.85175],[-113.93929,50.85174],[-113.93933,50.85173],[-113.93938,50.85171],[-113.93943,50.8517],[-113.93948,50.85168],[-113.93951,50.85168],[-113.93957,50.85166],[-113.93962,50.85165],[-113.93965,50.85164],[-113.93969,50.85163],[-113.93974,50.85161],[-113.93979,50.85159],[-113.93985,50.85156],[-113.9399,50.85153],[-113.93995,50.85151],[-113.94,50.85149],[-113.94003,50.85148],[-113.94008,50.85146],[-113.94012,50.85145],[-113.94016,50.85144],[-113.9402,50.85143],[-113.94025,50.85141],[-113.9403,50.85139],[-113.94033,50.85138],[-113.94038,50.85136],[-113.94041,50.85134],[-113.94046,50.85132],[-113.94051,50.85129],[-113.94057,50.85126],[-113.94062,50.85124],[-113.94065,50.85123],[-113.94067,50.85122],[-113.94072,50.85119],[-113.94077,50.85117],[-113.94081,50.85115],[-113.94085,50.85114],[-113.94089,50.85113],[-113.94093,50.85111],[-113.94098,50.85109],[-113.94103,50.85107],[-113.94108,50.85105],[-113.94113,50.85103],[-113.94118,50.85101],[-113.94122,50.85099],[-113.94127,50.85097],[-113.94132,50.85095],[-113.94136,50.85093],[-113.9414,50.85091],[-113.94233,50.85184],[-113.93928,50.85551],[-113.93272,50.85568],[-113.92943,50.85237],[-113.92943,50.85237]]]]}},{"type":"Feature","properties":{"id":2111,"name":"05d","structure":"UNDEVELOPED","special":true,"revenue":803,"m2_sampled":0,"m2_local":0,"m2_shared":0},"geometry":{"type":"MultiPolygon","coordinates":[[[[-113.94675,51.18355],[-113.94378,51.18355],[-113.94292,51.18355],[-113.94354,51.18282],[-113.95014,51.18265],[-113.95104,51.18355],[-113.94675,51.18355]]]]}},{"type":"Feature","properties":{"id":2112,"name":"05e","structure":"UNDEVELOPED","special":true,"revenue":85064,"m2_sampled":0,"m2_local":0,"m2_shared":0},"geometry":{"type":"MultiPolygon","coordinates":[[[[-113.95321,51.17898],[-113.95014,51.18265],[-113.94354,51.18282],[-113.94001,51.17931],[-113.94308,51.17564],[-113.94968,51.17547],[-113.95321,51.17898]]]]}},{"type":"Feature","properties":{"id":2113,"name":"Redstone","structure":"2000s","special":false,"revenue":1688020,"m2_sampled":49067,"m2_local":12061,"m2_shared":10584},"geometry":{"type":"MultiPolygon","coordinates":[[[[-113.95275,51.17179],[-113.94968,51.17547],[-113.94308,51.17564],[-113.93955,51.17213],[-113.94262,51.16845],[-113.94922,51.16829],[-113.95275,51.17179]]]]}},{"type":"Feature","properties":{"id":2114,"name":"Cornerstone","structure":"2000s","special":false,"revenue":2598764,"m2_sampled":26193,"m2_local":24492,"m2_shared":41755},"geometry":{"type":"MultiPolygon","coordinates":[[[[-113.95229,51.16461],[-113.94922,51.16829],[-113.94262,51.16845],[-113.93909,51.16494],[-113.94216,51.16127],[-113.94876,51.1611],[-113.95229,51.16461]]]]}},{"type":"Feature","properties":{"id":2115,"name":"Cornerstone","structure":"2000s","special":false,"revenue":2159931,"m2_sampled":14020,"m2_local":42031,"m2_shared":41204},"geometry":{"type":"MultiPolygon","coordinates":[[[[-113.95183,51.15743],[-113.94876,51.1611],[-113.94216,51.16127],[-113.93864,51.15776],[-113.94171,51.15408],[-113.9483,51.15392],[-113.95183,51.15743]]]]}},{"type":"Feature","properties":{"id":2116,"name":"Cornerstone","structure":"2000s","special":false,"revenue":434811,"m2_sampled":13631,"m2_local":70,"m2_shared":0},"geometry":{"type":"MultiPolygon","coordinates":[[[[-113.95137,51.15024],[-113.9483,51.15392],[-113.94171,51.15408],[-113.93818,51.15057],[-113.94125,51.1469],[-113.94784,51.14673],[-113.95137,51.15024]]]]}},{"type":"Feature","properties":{"id":2117,"name":"Cornerstone","structure":"2000s","special":false,"revenue":253193,"m2_sampled":2788,"m2_local":5019,"m2_shared":2969},"geometry":{"type":"MultiPolygon","coordinates":[[[[-113.95091,51.14306],[-113.94784,51.14673],[-113.94125,51.1469],[-113.93772,51.14339],[-113.94079,51.13971],[-113.94739,51.13955],[-113.95091,51.14306]]]]}},{"type":"Feature","properties":{"id":2118,"name":"Saddle Ridge","structure":"2000s","special":false,"revenue":1975290,"m2_sampled":38168,"m2_local":20262,"m2_shared":25384},"geometry":{"type":"MultiPolygon","coordinates":[[[[-113.95045,51.13587],[-113.94739,51.13955],[-113.94079,51.13971],[-113.93727,51.13621],[-113.94034,51.13253],[-113.94693,51.13236],[-113.95045,51.13587]]]]}},{"type":"Feature","properties":{"id":2119,"name":"Saddle Ridge","structure":"2000s","special":false,"revenue":2255999,"m2_sampled":51899,"m2_local":15479,"m2_shared":22613},"geometry":{"type":"MultiPolygon","coordinates":[[[[-113.94999,51.12869],[-113.94693,51.13236],[-113.94034,51.13253],[-113.93681,51.12902],[-113.93988,51.12535],[-113.94647,51.12518],[-113.94999,51.12869]]]]}},{"type":"Feature","properties":{"id":2120,"name":"Taradale","structure":"2000s","special":false,"revenue":2441889,"m2_sampled":29753,"m2_local":12594,"m2_shared":21639},"geometry":{"type":"MultiPolygon","coordinates":[[[[-113.94954,51.1215],[-113.94647,51.12518],[-113.93988,51.12535],[-113.93635,51.12184],[-113.93942,51.11816],[-113.94601,51.118],[-113.94954,51.1215]]]]}},{"type":"Feature","properties":{"id":2121,"name":"Taradale","structure":"2000s","special":false,"revenue":2287675,"m2_sampled":47364,"m2_local":15878,"m2_shared":13620},"geometry":{"type":"MultiPolygon","coordinates":[[[[-113.94908,51.11432],[-113.94601,51.118],[-113.93942,51.11816],[-113.9359,51.11465],[-113.93897,51.11098],[-113.94556,51.11081],[-113.94908,51.11432]]]]}},{"type":"Feature","properties":{"id":2122,"name":"Falconridge","structure":"1980s/1990s","special":false,"revenue":1593811,"m2_sampled":37595,"m2_local":19572,"m2_shared":14419},"geometry":{"type":"MultiPolygon","coordinates":[[[[-113.94862,51.10714],[-113.94556,51.11081],[-113.93897,51.11098],[-113.93544,51.10747],[-113.93851,51.10379],[-113.9451,51.10363],[-113.94862,51.10714]]]]}},{"type":"Feature","properties":{"id":2123,"name":"Falconridge","structure":"1980s/1990s","special":false,"revenue":1454125,"m2_sampled":47899,"m2_local":13563,"m2_shared":720},"geometry":{"type":"MultiPolygon","coordinates":[[[[-113.94816,51.09995],[-113.9451,51.10363],[-113.93851,51.10379],[-113.93499,51.10028],[-113.93805,51.09661],[-113.94464,51.09644],[-113.94816,51.09995]]]]}},{"type":"Feature","properties":{"id":2124,"name":"Temple","structure":"1960s/1970s","special":false,"revenue":1424247,"m2_sampled":44806,"m2_local":12386,"m2_shared":14993},"geometry":{"type":"MultiPolygon","coordinates":[[[[-113.94771,51.09277],[-113.94464,51.09644],[-113.93805,51.09661],[-113.93453,51.0931],[-113.9376,51.08942],[-113.94418,51.08926],[-113.94771,51.09277]]]]}},{"type":"Feature","properties":{"id":2125,"name":"Temple","structure":"1960s/1970s","special":false,"revenue":1417571,"m2_sampled":43621,"m2_local":16940,"m2_shared":6215},"geometry":{"type":"MultiPolygon","coordinates":[[[[-113.94725,51.08558],[-113.94418,51.08926],[-113.9376,51.08942],[-113.93408,51.08591],[-113.93714,51.08224],[-113.94373,51.08207],[-113.94725,51.08558]]]]}},{"type":"Feature","properties":{"id":2126,"name":"Pineridge","structure":"1960s/1970s","special":false,"revenue":1521643,"m2_sampled":49929,"m2_local":18636,"m2_shared":21119},"geometry":{"type":"MultiPolygon","coordinates":[[[[-113.94679,51.0784],[-113.94373,51.08207],[-113.93714,51.08224],[-113.93362,51.07873],[-113.93669,51.07505],[-113.94327,51.07489],[-113.94679,51.0784]]]]}},{"type":"Feature","properties":{"id":2127,"name":"Pineridge","structure":"1960s/1970s","special":false,"revenue":1747291,"m2_sampled":49526,"m2_local":9816,"m2_shared":11849},"geometry":{"type":"MultiPolygon","coordinates":[[[[-113.94634,51.07121],[-113.94327,51.07489],[-113.93669,51.07505],[-113.93317,51.07155],[-113.93623,51.06787],[-113.94282,51.0677],[-113.94634,51.07121]]]]}},{"type":"Feature","properties":{"id":2128,"name":"Marlborough Park","structure":"1960s/1970s","special":false,"revenue":985237,"m2_sampled":47082,"m2_local":8825,"m2_shared":33792},"geometry":{"type":"MultiPolygon","coordinates":[[[[-113.94588,51.06403],[-113.94282,51.0677],[-113.93623,51.06787],[-113.93271,51.06436],[-113.93578,51.06069],[-113.94236,51.06052],[-113.94588,51.06403]]]]}},{"type":"Feature","properties":{"id":2129,"name":"Marlborough Park","structure":"1960s/1970s","special":false,"revenue":1283503,"m2_sampled":42540,"m2_local":13528,"m2_shared":17559},"geometry":{"type":"MultiPolygon","coordinates":[[[[-113.94542,51.05685],[-113.94236,51.06052],[-113.93578,51.06069],[-113.93226,51.05718],[-113.93532,51.0535],[-113.9419,51.05334],[-113.94542,51.05685]]]]}},{"type":"Feature","properties":{"id":2130,"name":"Penbrooke Meadows","structure":"1960s/1970s","special":false,"revenue":1204921,"m2_sampled":50009,"m2_local":9746,"m2_shared":31824},"geometry":{"type":"MultiPolygon","coordinates":[[[[-113.94497,51.04966],[-113.9419,51.05334],[-113.93532,51.0535],[-113.93181,51.04999],[-113.93487,51.04632],[-113.94145,51.04615],[-113.94497,51.04966]]]]}},{"type":"Feature","properties":{"id":2131,"name":"Red Carpet","structure":"1960s/1970s","special":false,"revenue":836024,"m2_sampled":32294,"m2_local":5291,"m2_shared":18936},"geometry":{"type":"MultiPolygon","coordinates":[[[[-113.94451,51.04248],[-113.94145,51.04615],[-113.93487,51.04632],[-113.93135,51.04281],[-113.93441,51.03913],[-113.94099,51.03897],[-113.94451,51.04248]]]]}},{"type":"Feature","properties":{"id":2132,"name":"09q","structure":"OTHER","special":true,"revenue":245850,"m2_sampled":1682,"m2_local":0,"m2_shared":19860},"geometry":{"type":"MultiPolygon","coordinates":[[[[-113.94406,51.03529],[-113.94099,51.03897],[-113.93441,51.03913],[-113.9309,51.03562],[-113.93396,51.03195],[-113.94054,51.03178],[-113.94406,51.03529]]]]}},{"type":"Feature","properties":{"id":2133,"name":"09q","structure":"OTHER","special":true,"revenue":23229,"m2_sampled":0,"m2_local":0,"m2_shared":0},"geometry":{"type":"MultiPolygon","coordinates":[[[[-113.9436,51.02811],[-113.94054,51.03178],[-113.93396,51.03195],[-113.93044,51.02844],[-113.93351,51.02476],[-113.94008,51.0246],[-113.9436,51.02811]]]]}},{"type":"Feature","properties":{"id":2134,"name":"09q","structure":"OTHER","special":true,"revenue":135312,"m2_sampled":0,"m2_local":0,"m2_shared":0},"geometry":{"type":"MultiPolygon","coordinates":[[[[-113.94314,51.02092],[-113.94008,51.0246],[-113.93351,51.02476],[-113.92999,51.02125],[-113.93305,51.01758],[-113.93963,51.01741],[-113.94314,51.02092]]]]}},{"type":"Feature","properties":{"id":2135,"name":"Starfield","structure":"EMPLOYMENT","special":false,"revenue":92975,"m2_sampled":0,"m2_local":0,"m2_shared":11227},"geometry":{"type":"MultiPolygon","coordinates":[[[[-113.94269,51.01374],[-113.93963,51.01741],[-113.93305,51.01758],[-113.92954,51.01407],[-113.9326,51.01039],[-113.93917,51.01023],[-113.94269,51.01374]]]]}},{"type":"Feature","properties":{"id":2136,"name":"Starfield","structure":"EMPLOYMENT","special":false,"revenue":372663,"m2_sampled":0,"m2_local":0,"m2_shared":0},"geometry":{"type":"MultiPolygon","coordinates":[[[[-113.94223,51.00655],[-113.93917,51.01023],[-113.9326,51.01039],[-113.92909,51.00688],[-113.93215,51.00321],[-113.93872,51.00304],[-113.94223,51.00655]]]]}},{"type":"Feature","properties":{"id":2137,"name":"Starfield","structure":"EMPLOYMENT","special":false,"revenue":372711,"m2_sampled":0,"m2_local":17463,"m2_shared":0},"geometry":{"type":"MultiPolygon","coordinates":[[[[-113.94178,50.99937],[-113.93872,51.00304],[-113.93215,51.00321],[-113.92863,50.9997],[-113.93169,50.99603],[-113.93827,50.99586],[-113.94178,50.99937]]]]}},{"type":"Feature","properties":{"id":2138,"name":"Great Plains","structure":"EMPLOYMENT","special":false,"revenue":2834991,"m2_sampled":0,"m2_local":10482,"m2_shared":0},"geometry":{"type":"MultiPolygon","coordinates":[[[[-113.94133,50.99218],[-113.93827,50.99586],[-113.93169,50.99603],[-113.92818,50.99252],[-113.93124,50.98884],[-113.93781,50.98868],[-113.94133,50.99218]]]]}},{"type":"Feature","properties":{"id":2139,"name":"Great Plains","structure":"EMPLOYMENT","special":false,"revenue":2630615,"m2_sampled":0,"m2_local":16435,"m2_shared":1724},"geometry":{"type":"MultiPolygon","coordinates":[[[[-113.94087,50.985],[-113.93781,50.98868],[-113.93124,50.98884],[-113.92773,50.98533],[-113.93079,50.98166],[-113.93736,50.98149],[-113.94087,50.985]]]]}},{"type":"Feature","properties":{"id":2140,"name":"Section 23","structure":"EMPLOYMENT","special":false,"revenue":532213,"m2_sampled":0,"m2_local":17822,"m2_shared":40142},"geometry":{"type":"MultiPolygon","coordinates":[[[[-113.94042,50.97782],[-113.93736,50.98149],[-113.93079,50.98166],[-113.92728,50.97815],[-113.93033,50.97447],[-113.9369,50.97431],[-113.94042,50.97782]]]]}},{"type":"Feature","properties":{"id":2141,"name":"East Shepard Industrial","structure":"EMPLOYMENT","special":false,"revenue":2866001,"m2_sampled":15480,"m2_local":19299,"m2_shared":0},"geometry":{"type":"MultiPolygon","coordinates":[[[[-113.93996,50.97063],[-113.9369,50.97431],[-113.93033,50.97447],[-113.92682,50.97096],[-113.92988,50.96729],[-113.93645,50.96712],[-113.93996,50.97063]]]]}},{"type":"Feature","properties":{"id":2142,"name":"East Shepard Industrial","structure":"EMPLOYMENT","special":false,"revenue":3346471,"m2_sampled":2283,"m2_local":23729,"m2_shared":0},"geometry":{"type":"MultiPolygon","coordinates":[[[[-113.93951,50.96345],[-113.93645,50.96712],[-113.92988,50.96729],[-113.92637,50.96378],[-113.92943,50.9601],[-113.936,50.95994],[-113.93951,50.96345]]]]}},{"type":"Feature","properties":{"id":2143,"name":"East Shepard Industrial","structure":"EMPLOYMENT","special":false,"revenue":3856523,"m2_sampled":395,"m2_local":6968,"m2_shared":0},"geometry":{"type":"MultiPolygon","coordinates":[[[[-113.93905,50.95626],[-113.936,50.95994],[-113.92943,50.9601],[-113.92592,50.95659],[-113.92898,50.95292],[-113.93554,50.95275],[-113.93905,50.95626]]]]}},{"type":"Feature","properties":{"id":2144,"name":"East Shepard Industrial","structure":"EMPLOYMENT","special":false,"revenue":1268408,"m2_sampled":0,"m2_local":22162,"m2_shared":0},"geometry":{"type":"MultiPolygon","coordinates":[[[[-113.9386,50.94908],[-113.93554,50.95275],[-113.92898,50.95292],[-113.92547,50.94941],[-113.92853,50.94573],[-113.93509,50.94557],[-113.9386,50.94908]]]]}},{"type":"Feature","properties":{"id":2145,"name":"East Shepard Industrial","structure":"EMPLOYMENT","special":false,"revenue":34577,"m2_sampled":0,"m2_local":0,"m2_shared":0},"geometry":{"type":"MultiPolygon","coordinates":[[[[-113.93815,50.94189],[-113.93509,50.94557],[-113.92853,50.94573],[-113.92502,50.94222],[-113.92807,50.93855],[-113.93464,50.93838],[-113.93815,50.94189]]]]}},{"type":"Feature","properties":{"id":2146,"name":"East Shepard Industrial","structure":"EMPLOYMENT","special":false,"revenue":311568,"m2_sampled":0,"m2_local":0,"m2_shared":0},"geometry":{"type":"MultiPolygon","coordinates":[[[[-113.93769,50.93471],[-113.93464,50.93838],[-113.92807,50.93855],[-113.92457,50.93504],[-113.92762,50.93136],[-113.93419,50.9312],[-113.93769,50.93471]]]]}},{"type":"Feature","properties":{"id":2147,"name":"Copperfield","structure":"BUILDING OUT","special":false,"revenue":1623098,"m2_sampled":9470,"m2_local":2533,"m2_shared":26321},"geometry":{"type":"MultiPolygon","coordinates":[[[[-113.93724,50.92752],[-113.93419,50.9312],[-113.92762,50.93136],[-113.92411,50.92785],[-113.92717,50.92418],[-113.93373,50.92401],[-113.93724,50.92752]]]]}},{"type":"Feature","properties":{"id":2148,"name":"Copperfield","structure":"BUILDING OUT","special":false,"revenue":2485565,"m2_sampled":44236,"m2_local":24462,"m2_shared":19869},"geometry":{"type":"MultiPolygon","coordinates":[[[[-113.93679,50.92034],[-113.93373,50.92401],[-113.92717,50.92418],[-113.92366,50.92067],[-113.92672,50.91699],[-113.93328,50.91683],[-113.93679,50.92034]]]]}},{"type":"Feature","properties":{"id":2149,"name":"Copperfield","structure":"BUILDING OUT","special":false,"revenue":2326213,"m2_sampled":52262,"m2_local":22074,"m2_shared":0},"geometry":{"type":"MultiPolygon","coordinates":[[[[-113.93634,50.91315],[-113.93328,50.91683],[-113.92672,50.91699],[-113.92321,50.91348],[-113.92627,50.90981],[-113.93283,50.90964],[-113.93634,50.91315]]]]}},{"type":"Feature","properties":{"id":2150,"name":"Mahogany","structure":"2000s","special":false,"revenue":895523,"m2_sampled":22860,"m2_local":5623,"m2_shared":2791},"geometry":{"type":"MultiPolygon","coordinates":[[[[-113.93588,50.90597],[-113.93283,50.90964],[-113.92627,50.90981],[-113.92276,50.9063],[-113.92582,50.90262],[-113.93238,50.90246],[-113.93588,50.90597]]]]}},{"type":"Feature","properties":{"id":2151,"name":"Mahogany","structure":"2000s","special":false,"revenue":2908027,"m2_sampled":34754,"m2_local":24179,"m2_shared":0},"geometry":{"type":"MultiPolygon","coordinates":[[[[-113.93543,50.89879],[-113.93238,50.90246],[-113.92582,50.90262],[-113.92231,50.89911],[-113.92537,50.89544],[-113.93193,50.89528],[-113.93543,50.89879]]]]}},{"type":"Feature","properties":{"id":2152,"name":"Mahogany","structure":"2000s","special":false,"revenue":1410333,"m2_sampled":19403,"m2_local":17163,"m2_shared":0},"geometry":{"type":"MultiPolygon","coordinates":[[[[-113.93498,50.8916],[-113.93193,50.89528],[-113.92537,50.89544],[-113.92186,50.89193],[-113.92492,50.88826],[-113.93148,50.88809],[-113.93498,50.8916]]]]}},{"type":"Feature","properties":{"id":2153,"name":"Rangeview","structure":"2000s","special":false,"revenue":239585,"m2_sampled":17324,"m2_local":0,"m2_shared":15195},"geometry":{"type":"MultiPolygon","coordinates":[[[[-113.93453,50.88442],[-113.93148,50.88809],[-113.92492,50.88826],[-113.92141,50.88474],[-113.92447,50.88107],[-113.93102,50.88091],[-113.93453,50.88442]]]]}},{"type":"Feature","properties":{"id":2154,"name":"Rangeview","structure":"2000s","special":false,"revenue":256645,"m2_sampled":15127,"m2_local":0,"m2_shared":0},"geometry":{"type":"MultiPolygon","coordinates":[[[[-113.93408,50.87723],[-113.93102,50.88091],[-113.92447,50.88107],[-113.92096,50.87756],[-113.92402,50.87389],[-113.93057,50.87372],[-113.93408,50.87723]]]]}},{"type":"Feature","properties":{"id":2155,"name":"Rangeview","structure":"2000s","special":false,"revenue":870589,"m2_sampled":20315,"m2_local":9242,"m2_shared":0},"geometry":{"type":"MultiPolygon","coordinates":[[[[-113.93363,50.87005],[-113.93057,50.87372],[-113.92402,50.87389],[-113.92051,50.87038],[-113.92357,50.8667],[-113.93012,50.86654],[-113.93363,50.87005]]]]}},{"type":"Feature","properties":{"id":2156,"name":"Ricardo Ranch","structure":"BUILDING OUT","special":false,"revenue":15061,"m2_sampled":0,"m2_local":0,"m2_shared":0},"geometry":{"type":"MultiPolygon","coordinates":[[[[-113.93317,50.86286],[-113.93012,50.86654],[-113.92357,50.8667],[-113.92006,50.86319],[-113.92312,50.85952],[-113.92967,50.85935],[-113.93317,50.86286]]]]}},{"type":"Feature","properties":{"id":2157,"name":"Ricardo Ranch","structure":"BUILDING OUT","special":false,"revenue":1740,"m2_sampled":0,"m2_local":0,"m2_shared":0},"geometry":{"type":"MultiPolygon","coordinates":[[[[-113.92695,50.85223],[-113.92699,50.85223],[-113.92704,50.85223],[-113.92709,50.85223],[-113.92713,50.85224],[-113.92719,50.85224],[-113.92723,50.85224],[-113.92726,50.85224],[-113.9273,50.85225],[-113.92736,50.85226],[-113.92741,50.85227],[-113.92745,50.85228],[-113.92751,50.85228],[-113.92755,50.85228],[-113.92759,50.85228],[-113.92764,50.85229],[-113.92768,50.85229],[-113.92773,50.85229],[-113.92778,50.85229],[-113.92783,50.85229],[-113.92787,50.8523],[-113.92792,50.8523],[-113.92796,50.8523],[-113.928,50.85231],[-113.92804,50.85231],[-113.92808,50.85231],[-113.9281,50.85231],[-113.92814,50.85231],[-113.92819,50.85231],[-113.92824,50.85231],[-113.92828,50.85231],[-113.92832,50.85231],[-113.92836,50.85231],[-113.9284,50.85232],[-113.92845,50.85232],[-113.9285,50.85232],[-113.92854,50.85232],[-113.92859,50.85233],[-113.92864,50.85233],[-113.92867,50.85233],[-113.92873,50.85233],[-113.92877,50.85234],[-113.92883,50.85235],[-113.92889,50.85235],[-113.92894,50.85235],[-113.92898,50.85235],[-113.92903,50.85236],[-113.92907,50.85236],[-113.92909,50.85236],[-113.92914,50.85236],[-113.92918,50.85236],[-113.92921,50.85237],[-113.92924,50.85237],[-113.92925,50.85237],[-113.9293,50.85237],[-113.92935,50.85237],[-113.92939,50.85237],[-113.92943,50.85237],[-113.93272,50.85568],[-113.92967,50.85935],[-113.92312,50.85952],[-113.91962,50.85601],[-113.92265,50.85235],[-113.92266,50.85235],[-113.9227,50.85235],[-113.92274,50.85235],[-113.92279,50.85234],[-113.92284,50.85234],[-113.92288,50.85233],[-113.92291,50.85233],[-113.92693,50.85222],[-113.92695,50.85223]]]]}},{"type":"Feature","properties":{"id":2158,"name":"Ricardo Ranch","structure":"BUILDING OUT","special":false,"revenue":0,"m2_sampled":0,"m2_local":0,"m2_shared":0},"geometry":{"type":"MultiPolygon","coordinates":[[[[-113.92293,50.85232],[-113.92297,50.85232],[-113.92303,50.85231],[-113.92308,50.8523],[-113.92313,50.85229],[-113.92317,50.85229],[-113.92323,50.85228],[-113.92328,50.85228],[-113.92333,50.85228],[-113.92338,50.85229],[-113.92343,50.85229],[-113.92349,50.8523],[-113.92354,50.8523],[-113.92356,50.8523],[-113.92362,50.8523],[-113.92366,50.85229],[-113.92371,50.85228],[-113.92376,50.85227],[-113.9238,50.85227],[-113.92385,50.85226],[-113.92391,50.85226],[-113.92395,50.85225],[-113.92399,50.85225],[-113.92404,50.85224],[-113.9241,50.85223],[-113.92414,50.85222],[-113.92419,50.85221],[-113.92423,50.85221],[-113.92427,50.8522],[-113.92432,50.8522],[-113.92437,50.8522],[-113.92443,50.85221],[-113.92447,50.85221],[-113.92453,50.85221],[-113.92458,50.85222],[-113.92464,50.85222],[-113.92466,50.85222],[-113.92475,50.85222],[-113.92479,50.85222],[-113.92484,50.85222],[-113.92488,50.85222],[-113.92492,50.85222],[-113.92497,50.85222],[-113.92503,50.85222],[-113.92506,50.85222],[-113.92511,50.85222],[-113.92521,50.85222],[-113.92526,50.85222],[-113.9253,50.85222],[-113.92535,50.85222],[-113.92537,50.85222],[-113.92541,50.85222],[-113.92545,50.85222],[-113.9255,50.85222],[-113.92555,50.85222],[-113.9256,50.85222],[-113.92565,50.85223],[-113.92568,50.85223],[-113.92574,50.85223],[-113.92579,50.85223],[-113.92584,50.85223],[-113.92589,50.85223],[-113.92593,50.85223],[-113.92598,50.85223],[-113.92604,50.85223],[-113.92608,50.85223],[-113.92613,50.85223],[-113.92618,50.85222],[-113.92623,50.85222],[-113.92628,50.85222],[-113.92633,50.85222],[-113.92637,50.85222],[-113.92642,50.85222],[-113.92647,50.85222],[-113.92652,50.85223],[-113.92656,50.85222],[-113.9266,50.85222],[-113.92663,50.85222],[-113.92666,50.85222],[-113.92671,50.85222],[-113.92674,50.85222],[-113.92678,50.85222],[-113.92683,50.85222],[-113.92688,50.85222],[-113.92691,50.85222],[-113.92693,50.85222],[-113.92291,50.85233],[-113.92293,50.85232]]]]}},{"type":"Feature","properties":{"id":2166,"name":"05e","structure":"UNDEVELOPED","special":true,"revenue":569,"m2_sampled":0,"m2_local":0,"m2_shared":0},"geometry":{"type":"MultiPolygon","coordinates":[[[[-113.93526,51.18355],[-113.93497,51.18355],[-113.93073,51.18355],[-113.93034,51.18315],[-113.93341,51.17948],[-113.94001,51.17931],[-113.94354,51.18282],[-113.94292,51.18355],[-113.93526,51.18355]]]]}},{"type":"Feature","properties":{"id":2167,"name":"05e","structure":"UNDEVELOPED","special":true,"revenue":171502,"m2_sampled":6297,"m2_local":1643,"m2_shared":0},"geometry":{"type":"MultiPolygon","coordinates":[[[[-113.94308,51.17564],[-113.94001,51.17931],[-113.93341,51.17948],[-113.92988,51.17597],[-113.93295,51.17229],[-113.93955,51.17213],[-113.94308,51.17564]]]]}},{"type":"Feature","properties":{"id":2168,"name":"Cornerstone","structure":"2000s","special":false,"revenue":1264552,"m2_sampled":27391,"m2_local":18849,"m2_shared":0},"geometry":{"type":"MultiPolygon","coordinates":[[[[-113.94262,51.16845],[-113.93955,51.17213],[-113.93295,51.17229],[-113.92943,51.16878],[-113.9325,51.16511],[-113.93909,51.16494],[-113.94262,51.16845]]]]}},{"type":"Feature","properties":{"id":2169,"name":"Cornerstone","structure":"2000s","special":false,"revenue":1848146,"m2_sampled":33360,"m2_local":22066,"m2_shared":0},"geometry":{"type":"MultiPolygon","coordinates":[[[[-113.94216,51.16127],[-113.93909,51.16494],[-113.9325,51.16511],[-113.92897,51.1616],[-113.93204,51.15792],[-113.93864,51.15776],[-113.94216,51.16127]]]]}},{"type":"Feature","properties":{"id":2170,"name":"Cornerstone","structure":"2000s","special":false,"revenue":2959527,"m2_sampled":46558,"m2_local":31675,"m2_shared":33073},"geometry":{"type":"MultiPolygon","coordinates":[[[[-113.94171,51.15408],[-113.93864,51.15776],[-113.93204,51.15792],[-113.92851,51.15441],[-113.93158,51.15074],[-113.93818,51.15057],[-113.94171,51.15408]]]]}},{"type":"Feature","properties":{"id":2171,"name":"Cornerstone","structure":"2000s","special":false,"revenue":794884,"m2_sampled":12155,"m2_local":7482,"m2_shared":0},"geometry":{"type":"MultiPolygon","coordinates":[[[[-113.94125,51.1469],[-113.93818,51.15057],[-113.93158,51.15074],[-113.92806,51.14723],[-113.93113,51.14356],[-113.93772,51.14339],[-113.94125,51.1469]]]]}},{"type":"Feature","properties":{"id":2172,"name":"Cornerstone","structure":"2000s","special":false,"revenue":818249,"m2_sampled":12588,"m2_local":6302,"m2_shared":10538},"geometry":{"type":"MultiPolygon","coordinates":[[[[-113.94079,51.13971],[-113.93772,51.14339],[-113.93113,51.14356],[-113.9276,51.14005],[-113.93067,51.13637],[-113.93727,51.13621],[-113.94079,51.13971]]]]}},{"type":"Feature","properties":{"id":2173,"name":"Saddle Ridge","structure":"2000s","special":false,"revenue":2581177,"m2_sampled":49830,"m2_local":14172,"m2_shared":0},"geometry":{"type":"MultiPolygon","coordinates":[[[[-113.94034,51.13253],[-113.93727,51.13621],[-113.93067,51.13637],[-113.92715,51.13286],[-113.93022,51.12919],[-113.93681,51.12902],[-113.94034,51.13253]]]]}},{"type":"Feature","properties":{"id":2174,"name":"Saddle Ridge","structure":"2000s","special":false,"revenue":3191085,"m2_sampled":48672,"m2_local":26364,"m2_shared":0},"geometry":{"type":"MultiPolygon","coordinates":[[[[-113.93988,51.12535],[-113.93681,51.12902],[-113.93022,51.12919],[-113.9267,51.12568],[-113.92976,51.122],[-113.93635,51.12184],[-113.93988,51.12535]]]]}},{"type":"Feature","properties":{"id":2175,"name":"Taradale","structure":"2000s","special":false,"revenue":2188672,"m2_sampled":53175,"m2_local":12321,"m2_shared":0},"geometry":{"type":"MultiPolygon","coordinates":[[[[-113.93942,51.11816],[-113.93635,51.12184],[-113.92976,51.122],[-113.92624,51.11849],[-113.92931,51.11482],[-113.9359,51.11465],[-113.93942,51.11816]]]]}},{"type":"Feature","properties":{"id":2176,"name":"Taradale","structure":"2000s","special":false,"revenue":1940534,"m2_sampled":36756,"m2_local":28187,"m2_shared":15553},"geometry":{"type":"MultiPolygon","coordinates":[[[[-113.93897,51.11098],[-113.9359,51.11465],[-113.92931,51.11482],[-113.92579,51.11131],[-113.92885,51.10763],[-113.93544,51.10747],[-113.93897,51.11098]]]]}},{"type":"Feature","properties":{"id":2177,"name":"Coral Springs","structure":"2000s","special":false,"revenue":1686017,"m2_sampled":44784,"m2_local":3865,"m2_shared":17743},"geometry":{"type":"MultiPolygon","coordinates":[[[[-113.93851,51.10379],[-113.93544,51.10747],[-113.92885,51.10763],[-113.92533,51.10412],[-113.9284,51.10045],[-113.93499,51.10028],[-113.93851,51.10379]]]]}},{"type":"Feature","properties":{"id":2178,"name":"Coral Springs","structure":"2000s","special":false,"revenue":947833,"m2_sampled":26311,"m2_local":13528,"m2_shared":45807},"geometry":{"type":"MultiPolygon","coordinates":[[[[-113.93805,51.09661],[-113.93499,51.10028],[-113.9284,51.10045],[-113.92488,51.09694],[-113.92795,51.09326],[-113.93453,51.0931],[-113.93805,51.09661]]]]}},{"type":"Feature","properties":{"id":2179,"name":"Monterey Park","structure":"2000s","special":false,"revenue":1720326,"m2_sampled":47032,"m2_local":20812,"m2_shared":14351},"geometry":{"type":"MultiPolygon","coordinates":[[[[-113.9376,51.08942],[-113.93453,51.0931],[-113.92795,51.09326],[-113.92443,51.08975],[-113.92749,51.08608],[-113.93408,51.08591],[-113.9376,51.08942]]]]}},{"type":"Feature","properties":{"id":2180,"name":"Monterey Park","structure":"2000s","special":false,"revenue":1294847,"m2_sampled":38609,"m2_local":29221,"m2_shared":15626},"geometry":{"type":"MultiPolygon","coordinates":[[[[-113.93714,51.08224],[-113.93408,51.08591],[-113.92749,51.08608],[-113.92397,51.08257],[-113.92704,51.07889],[-113.93362,51.07873],[-113.93714,51.08224]]]]}},{"type":"Feature","properties":{"id":2181,"name":"Monterey Park","structure":"2000s","special":false,"revenue":1523053,"m2_sampled":33532,"m2_local":28018,"m2_shared":9326},"geometry":{"type":"MultiPolygon","coordinates":[[[[-113.93669,51.07505],[-113.93362,51.07873],[-113.92704,51.07889],[-113.92352,51.07539],[-113.92658,51.07171],[-113.93317,51.07155],[-113.93669,51.07505]]]]}},{"type":"Feature","properties":{"id":2182,"name":"Monterey Park","structure":"2000s","special":false,"revenue":1445392,"m2_sampled":24946,"m2_local":4979,"m2_shared":39759},"geometry":{"type":"MultiPolygon","coordinates":[[[[-113.93623,51.06787],[-113.93317,51.07155],[-113.92658,51.07171],[-113.92307,51.0682],[-113.92613,51.06453],[-113.93271,51.06436],[-113.93623,51.06787]]]]}},{"type":"Feature","properties":{"id":2183,"name":"Abbeydale","structure":"2000s","special":false,"revenue":1372102,"m2_sampled":49024,"m2_local":10921,"m2_shared":3497},"geometry":{"type":"MultiPolygon","coordinates":[[[[-113.93578,51.06069],[-113.93271,51.06436],[-113.92613,51.06453],[-113.92261,51.06102],[-113.92568,51.05734],[-113.93226,51.05718],[-113.93578,51.06069]]]]}},{"type":"Feature","properties":{"id":2184,"name":"Abbeydale","structure":"2000s","special":false,"revenue":1242492,"m2_sampled":46458,"m2_local":13558,"m2_shared":1029},"geometry":{"type":"MultiPolygon","coordinates":[[[[-113.93532,51.0535],[-113.93226,51.05718],[-113.92568,51.05734],[-113.92216,51.05383],[-113.92522,51.05016],[-113.93181,51.04999],[-113.93532,51.0535]]]]}},{"type":"Feature","properties":{"id":2185,"name":"Applewood Park","structure":"2000s","special":false,"revenue":1560551,"m2_sampled":42203,"m2_local":16349,"m2_shared":0},"geometry":{"type":"MultiPolygon","coordinates":[[[[-113.93487,51.04632],[-113.93181,51.04999],[-113.92522,51.05016],[-113.92171,51.04665],[-113.92477,51.04297],[-113.93135,51.04281],[-113.93487,51.04632]]]]}},{"type":"Feature","properties":{"id":2186,"name":"Applewood Park","structure":"2000s","special":false,"revenue":1604525,"m2_sampled":27758,"m2_local":5150,"m2_shared":16539},"geometry":{"type":"MultiPolygon","coordinates":[[[[-113.93441,51.03913],[-113.93135,51.04281],[-113.92477,51.04297],[-113.92126,51.03946],[-113.92432,51.03579],[-113.9309,51.03562],[-113.93441,51.03913]]]]}},{"type":"Feature","properties":{"id":2187,"name":"09q","structure":"OTHER","special":true,"revenue":237537,"m2_sampled":0,"m2_local":0,"m2_shared":0},"geometry":{"type":"MultiPolygon","coordinates":[[[[-113.93396,51.03195],[-113.9309,51.03562],[-113.92432,51.03579],[-113.9208,51.03228],[-113.92387,51.0286],[-113.93044,51.02844],[-113.93396,51.03195]]]]}},{"type":"Feature","properties":{"id":2188,"name":"09q","structure":"OTHER","special":true,"revenue":88486,"m2_sampled":0,"m2_local":0,"m2_shared":0},"geometry":{"type":"MultiPolygon","coordinates":[[[[-113.93351,51.02476],[-113.93044,51.02844],[-113.92387,51.0286],[-113.92035,51.02509],[-113.92341,51.02142],[-113.92999,51.02125],[-113.93351,51.02476]]]]}},{"type":"Feature","properties":{"id":2189,"name":"09q","structure":"OTHER","special":true,"revenue":204993,"m2_sampled":0,"m2_local":0,"m2_shared":13326},"geometry":{"type":"MultiPolygon","coordinates":[[[[-113.93305,51.01758],[-113.92999,51.02125],[-113.92341,51.02142],[-113.9199,51.01791],[-113.92296,51.01423],[-113.92954,51.01407],[-113.93305,51.01758]]]]}},{"type":"Feature","properties":{"id":2190,"name":"Starfield","structure":"EMPLOYMENT","special":false,"revenue":431412,"m2_sampled":0,"m2_local":0,"m2_shared":0},"geometry":{"type":"MultiPolygon","coordinates":[[[[-113.9326,51.01039],[-113.92954,51.01407],[-113.92296,51.01423],[-113.91945,51.01072],[-113.92251,51.00705],[-113.92909,51.00688],[-113.9326,51.01039]]]]}},{"type":"Feature","properties":{"id":2191,"name":"Starfield","structure":"EMPLOYMENT","special":false,"revenue":707067,"m2_sampled":0,"m2_local":0,"m2_shared":0},"geometry":{"type":"MultiPolygon","coordinates":[[[[-113.93215,51.00321],[-113.92909,51.00688],[-113.92251,51.00705],[-113.919,51.00354],[-113.92206,50.99986],[-113.92863,50.9997],[-113.93215,51.00321]]]]}},{"type":"Feature","properties":{"id":2192,"name":"Starfield","structure":"EMPLOYMENT","special":false,"revenue":94547,"m2_sampled":0,"m2_local":7735,"m2_shared":0},"geometry":{"type":"MultiPolygon","coordinates":[[[[-113.93169,50.99603],[-113.92863,50.9997],[-113.92206,50.99986],[-113.91855,50.99635],[-113.92161,50.99268],[-113.92818,50.99252],[-113.93169,50.99603]]]]}},{"type":"Feature","properties":{"id":2193,"name":"Great Plains","structure":"EMPLOYMENT","special":false,"revenue":151048,"m2_sampled":0,"m2_local":0,"m2_shared":0},"geometry":{"type":"MultiPolygon","coordinates":[[[[-113.93124,50.98884],[-113.92818,50.99252],[-113.92161,50.99268],[-113.9181,50.98917],[-113.92116,50.9855],[-113.92773,50.98533],[-113.93124,50.98884]]]]}},{"type":"Feature","properties":{"id":2194,"name":"Great Plains","structure":"EMPLOYMENT","special":false,"revenue":70763,"m2_sampled":0,"m2_local":0,"m2_shared":15112},"geometry":{"type":"MultiPolygon","coordinates":[[[[-113.93079,50.98166],[-113.92773,50.98533],[-113.92116,50.9855],[-113.91764,50.98199],[-113.9207,50.97831],[-113.92728,50.97815],[-113.93079,50.98166]]]]}},{"type":"Feature","properties":{"id":2195,"name":"Section 23","structure":"EMPLOYMENT","special":false,"revenue":509680,"m2_sampled":2877,"m2_local":0,"m2_shared":0},"geometry":{"type":"MultiPolygon","coordinates":[[[[-113.93033,50.97447],[-113.92728,50.97815],[-113.9207,50.97831],[-113.91719,50.9748],[-113.92025,50.97113],[-113.92682,50.97096],[-113.93033,50.97447]]]]}},{"type":"Feature","properties":{"id":2196,"name":"East Shepard Industrial","structure":"EMPLOYMENT","special":false,"revenue":861150,"m2_sampled":11260,"m2_local":0,"m2_shared":0},"geometry":{"type":"MultiPolygon","coordinates":[[[[-113.92988,50.96729],[-113.92682,50.97096],[-113.92025,50.97113],[-113.91674,50.96762],[-113.9198,50.96394],[-113.92637,50.96378],[-113.92988,50.96729]]]]}},{"type":"Feature","properties":{"id":2197,"name":"East Shepard Industrial","structure":"EMPLOYMENT","special":false,"revenue":1528068,"m2_sampled":0,"m2_local":0,"m2_shared":0},"geometry":{"type":"MultiPolygon","coordinates":[[[[-113.92943,50.9601],[-113.92637,50.96378],[-113.9198,50.96394],[-113.91629,50.96043],[-113.91935,50.95676],[-113.92592,50.95659],[-113.92943,50.9601]]]]}},{"type":"Feature","properties":{"id":2198,"name":"East Shepard Industrial","structure":"EMPLOYMENT","special":false,"revenue":1353466,"m2_sampled":0,"m2_local":0,"m2_shared":0},"geometry":{"type":"MultiPolygon","coordinates":[[[[-113.92898,50.95292],[-113.92592,50.95659],[-113.91935,50.95676],[-113.91584,50.95325],[-113.9189,50.94957],[-113.92547,50.94941],[-113.92898,50.95292]]]]}},{"type":"Feature","properties":{"id":2199,"name":"East Shepard Industrial","structure":"EMPLOYMENT","special":false,"revenue":7124,"m2_sampled":0,"m2_local":15025,"m2_shared":0},"geometry":{"type":"MultiPolygon","coordinates":[[[[-113.92853,50.94573],[-113.92547,50.94941],[-113.9189,50.94957],[-113.91539,50.94606],[-113.91845,50.94239],[-113.92502,50.94222],[-113.92853,50.94573]]]]}},{"type":"Feature","properties":{"id":2200,"name":"East Shepard Industrial","structure":"EMPLOYMENT","special":false,"revenue":11196,"m2_sampled":0,"m2_local":0,"m2_shared":0},"geometry":{"type":"MultiPolygon","coordinates":[[[[-113.92807,50.93855],[-113.92502,50.94222],[-113.91845,50.94239],[-113.91494,50.93888],[-113.918,50.9352],[-113.92457,50.93504],[-113.92807,50.93855]]]]}},{"type":"Feature","properties":{"id":2201,"name":"East Shepard Industrial","structure":"EMPLOYMENT","special":false,"revenue":85343,"m2_sampled":0,"m2_local":0,"m2_shared":0},"geometry":{"type":"MultiPolygon","coordinates":[[[[-113.92762,50.93136],[-113.92457,50.93504],[-113.918,50.9352],[-113.91449,50.93169],[-113.91755,50.92802],[-113.92411,50.92785],[-113.92762,50.93136]]]]}},{"type":"Feature","properties":{"id":2202,"name":"Copperfield","structure":"BUILDING OUT","special":false,"revenue":1098360,"m2_sampled":14726,"m2_local":8944,"m2_shared":0},"geometry":{"type":"MultiPolygon","coordinates":[[[[-113.92717,50.92418],[-113.92411,50.92785],[-113.91755,50.92802],[-113.91404,50.92451],[-113.9171,50.92083],[-113.92366,50.92067],[-113.92717,50.92418]]]]}},{"type":"Feature","properties":{"id":2203,"name":"Copperfield","structure":"BUILDING OUT","special":false,"revenue":2376805,"m2_sampled":39817,"m2_local":22105,"m2_shared":0},"geometry":{"type":"MultiPolygon","coordinates":[[[[-113.92672,50.91699],[-113.92366,50.92067],[-113.9171,50.92083],[-113.9136,50.91732],[-113.91665,50.91365],[-113.92321,50.91348],[-113.92672,50.91699]]]]}},{"type":"Feature","properties":{"id":2204,"name":"Copperfield","structure":"BUILDING OUT","special":false,"revenue":346355,"m2_sampled":5446,"m2_local":0,"m2_shared":8073},"geometry":{"type":"MultiPolygon","coordinates":[[[[-113.92627,50.90981],[-113.92321,50.91348],[-113.91665,50.91365],[-113.91315,50.91014],[-113.9162,50.90646],[-113.92276,50.9063],[-113.92627,50.90981]]]]}},{"type":"Feature","properties":{"id":2205,"name":"Mahogany","structure":"2000s","special":false,"revenue":1975710,"m2_sampled":27051,"m2_local":13778,"m2_shared":4794},"geometry":{"type":"MultiPolygon","coordinates":[[[[-113.92582,50.90262],[-113.92276,50.9063],[-113.9162,50.90646],[-113.9127,50.90295],[-113.91575,50.89928],[-113.92231,50.89911],[-113.92582,50.90262]]]]}},{"type":"Feature","properties":{"id":2206,"name":"Mahogany","structure":"2000s","special":false,"revenue":2512855,"m2_sampled":43050,"m2_local":25025,"m2_shared":0},"geometry":{"type":"MultiPolygon","coordinates":[[[[-113.92537,50.89544],[-113.92231,50.89911],[-113.91575,50.89928],[-113.91225,50.89577],[-113.9153,50.89209],[-113.92186,50.89193],[-113.92537,50.89544]]]]}},{"type":"Feature","properties":{"id":2207,"name":"Mahogany","structure":"2000s","special":false,"revenue":1547382,"m2_sampled":43694,"m2_local":10596,"m2_shared":13845},"geometry":{"type":"MultiPolygon","coordinates":[[[[-113.92492,50.88826],[-113.92186,50.89193],[-113.9153,50.89209],[-113.9118,50.88858],[-113.91486,50.88491],[-113.92141,50.88474],[-113.92492,50.88826]]]]}},{"type":"Feature","properties":{"id":2208,"name":"Rangeview","structure":"2000s","special":false,"revenue":1022799,"m2_sampled":43238,"m2_local":0,"m2_shared":1598},"geometry":{"type":"MultiPolygon","coordinates":[[[[-113.92447,50.88107],[-113.92141,50.88474],[-113.91486,50.88491],[-113.91135,50.8814],[-113.91441,50.87772],[-113.92096,50.87756],[-113.92447,50.88107]]]]}},{"type":"Feature","properties":{"id":2209,"name":"Rangeview","structure":"2000s","special":false,"revenue":362111,"m2_sampled":11854,"m2_local":0,"m2_shared":0},"geometry":{"type":"MultiPolygon","coordinates":[[[[-113.92402,50.87389],[-113.92096,50.87756],[-113.91441,50.87772],[-113.9109,50.87421],[-113.91396,50.87054],[-113.92051,50.87038],[-113.92402,50.87389]]]]}},{"type":"Feature","properties":{"id":2210,"name":"Rangeview","structure":"2000s","special":false,"revenue":10442,"m2_sampled":0,"m2_local":0,"m2_shared":0},"geometry":{"type":"MultiPolygon","coordinates":[[[[-113.92357,50.8667],[-113.92051,50.87038],[-113.91396,50.87054],[-113.91046,50.86703],[-113.91351,50.86335],[-113.92006,50.86319],[-113.92357,50.8667]]]]}},{"type":"Feature","properties":{"id":2211,"name":"Ricardo Ranch","structure":"BUILDING OUT","special":false,"revenue":1593,"m2_sampled":0,"m2_local":0,"m2_shared":0},"geometry":{"type":"MultiPolygon","coordinates":[[[[-113.92312,50.85952],[-113.92006,50.86319],[-113.91351,50.86335],[-113.91001,50.85984],[-113.91306,50.85617],[-113.91962,50.85601],[-113.92312,50.85952]]]]}},{"type":"Feature","properties":{"id":2212,"name":"Ricardo Ranch","structure":"BUILDING OUT","special":false,"revenue":0,"m2_sampled":0,"m2_local":0,"m2_shared":0},"geometry":{"type":"MultiPolygon","coordinates":[[[[-113.91066,50.85372],[-113.91072,50.8537],[-113.91077,50.85369],[-113.91082,50.85367],[-113.91085,50.85366],[-113.9109,50.85365],[-113.91094,50.85364],[-113.91099,50.85363],[-113.91103,50.85362],[-113.91112,50.8536],[-113.91116,50.85359],[-113.91121,50.85358],[-113.91126,50.85358],[-113.91131,50.85357],[-113.91136,50.85357],[-113.91141,50.85357],[-113.91145,50.85356],[-113.91148,50.85355],[-113.91152,50.85355],[-113.91155,50.85354],[-113.91161,50.85353],[-113.91172,50.85351],[-113.91177,50.85351],[-113.91182,50.8535],[-113.91187,50.85349],[-113.91189,50.85349],[-113.91194,50.85349],[-113.912,50.85348],[-113.91205,50.85347],[-113.9121,50.85347],[-113.91215,50.85346],[-113.9122,50.85345],[-113.91224,50.85344],[-113.91229,50.85343],[-113.91234,50.85343],[-113.91239,50.85342],[-113.91244,50.85341],[-113.91248,50.8534],[-113.91252,50.85339],[-113.91257,50.85338],[-113.91262,50.85336],[-113.91267,50.85335],[-113.91271,50.85334],[-113.91277,50.85333],[-113.91281,50.85332],[-113.91286,50.85331],[-113.91291,50.8533],[-113.91296,50.85329],[-113.91301,50.85328],[-113.91306,50.85327],[-113.91311,50.85327],[-113.91315,50.85326],[-113.91318,50.85325],[-113.91323,50.85325],[-113.91328,50.85324],[-113.91333,50.85323],[-113.91337,50.85323],[-113.91341,50.85322],[-113.91346,50.85321],[-113.91351,50.85321],[-113.91355,50.8532],[-113.91361,50.85319],[-113.91364,50.85319],[-113.91369,50.85319],[-113.91372,50.85318],[-113.91377,50.85318],[-113.91382,50.85317],[-113.91387,50.85317],[-113.91391,50.85316],[-113.91396,50.85316],[-113.914,50.85315],[-113.91405,50.85314],[-113.91409,50.85314],[-113.91413,50.85313],[-113.91418,50.85312],[-113.91423,50.85311],[-113.91428,50.85311],[-113.91432,50.8531],[-113.91437,50.85309],[-113.91443,50.85309],[-113.91448,50.85309],[-113.91453,50.85309],[-113.91457,50.85308],[-113.91462,50.85308],[-113.91468,50.85308],[-113.91471,50.85308],[-113.91477,50.85308],[-113.91481,50.85308],[-113.91487,50.85308],[-113.91492,50.85308],[-113.91497,50.85308],[-113.91502,50.85308],[-113.91507,50.85308],[-113.91511,50.85309],[-113.91516,50.85309],[-113.91518,50.85309],[-113.91522,50.8531],[-113.91526,50.85311],[-113.91532,50.85311],[-113.91537,50.85312],[-113.91541,50.85312],[-113.91545,50.85312],[-113.91549,50.85313],[-113.91554,50.85313],[-113.91559,50.85314],[-113.91564,50.85314],[-113.91568,50.85315],[-113.91572,50.85315],[-113.91576,50.85315],[-113.91581,50.85315],[-113.91586,50.85315],[-113.9159,50.85315],[-113.91593,50.85316],[-113.91598,50.85316],[-113.91603,50.85317],[-113.91607,50.85317],[-113.91612,50.85317],[-113.91616,50.85317],[-113.9162,50.85317],[-113.91626,50.85317],[-113.9163,50.85317],[-113.91636,50.85317],[-113.9164,50.85318],[-113.91645,50.85318],[-113.9165,50.85319],[-113.91652,50.85319],[-113.91657,50.85319],[-113.91662,50.85319],[-113.91665,50.85319],[-113.91671,50.85319],[-113.91674,50.85319],[-113.91679,50.85319],[-113.91683,50.85319],[-113.91687,50.85319],[-113.91691,50.8532],[-113.91696,50.8532],[-113.91699,50.8532],[-113.91705,50.85321],[-113.91709,50.85321],[-113.91711,50.85321],[-113.91716,50.85321],[-113.91721,50.85321],[-113.91726,50.85321],[-113.91731,50.85321],[-113.91734,50.85322],[-113.91737,50.85322],[-113.91742,50.85322],[-113.91747,50.85322],[-113.9175,50.85322],[-113.91755,50.85322],[-113.9176,50.85322],[-113.91764,50.85322],[-113.91769,50.85322],[-113.91774,50.85322],[-113.91778,50.85322],[-113.9178,50.85322],[-113.91784,50.85322],[-113.91789,50.85322],[-113.91795,50.85322],[-113.918,50.85322],[-113.91805,50.85322],[-113.91809,50.85322],[-113.91812,50.85321],[-113.91816,50.85321],[-113.91821,50.85321],[-113.91825,50.85321],[-113.9183,50.85321],[-113.91835,50.85321],[-113.9184,50.85321],[-113.91845,50.85321],[-113.91848,50.85321],[-113.91852,50.85321],[-113.91857,50.8532],[-113.9186,50.8532],[-113.91865,50.8532],[-113.91871,50.8532],[-113.91876,50.8532],[-113.91881,50.8532],[-113.91885,50.8532],[-113.9189,50.8532],[-113.91895,50.8532],[-113.91901,50.8532],[-113.91905,50.8532],[-113.91911,50.8532],[-113.91918,50.8532],[-113.91922,50.8532],[-113.91927,50.8532],[-113.91931,50.8532],[-113.91936,50.8532],[-113.91941,50.8532],[-113.91946,50.8532],[-113.91951,50.8532],[-113.91956,50.8532],[-113.91961,50.8532],[-113.91966,50.8532],[-113.91971,50.8532],[-113.91975,50.8532],[-113.9198,50.85319],[-113.91986,50.85319],[-113.9199,50.85319],[-113.91995,50.85318],[-113.91999,50.85317],[-113.92004,50.85316],[-113.9201,50.85315],[-113.92014,50.85315],[-113.92019,50.85314],[-113.92023,50.85313],[-113.92029,50.85311],[-113.92033,50.85311],[-113.92037,50.8531],[-113.92041,50.8531],[-113.92046,50.85309],[-113.9205,50.85309],[-113.92055,50.85308],[-113.9206,50.85307],[-113.92065,50.85306],[-113.92068,50.85305],[-113.92073,50.85304],[-113.92079,50.85303],[-113.92084,50.85302],[-113.92089,50.85301],[-113.92094,50.853],[-113.921,50.85299],[-113.92104,50.85298],[-113.9211,50.85296],[-113.9211,50.85295],[-113.92112,50.85291],[-113.92117,50.85288],[-113.92123,50.85285],[-113.92127,50.85282],[-113.92132,50.85279],[-113.92138,50.85275],[-113.92142,50.85272],[-113.92146,50.85269],[-113.92146,50.85269],[-113.92151,50.85265],[-113.92156,50.85262],[-113.9216,50.85258],[-113.92165,50.85255],[-113.92169,50.85253],[-113.92174,50.8525],[-113.9218,50.85248],[-113.92181,50.85247],[-113.92186,50.85246],[-113.92192,50.85246],[-113.92196,50.85245],[-113.922,50.85244],[-113.92204,50.85244],[-113.92208,50.85243],[-113.92212,50.85242],[-113.92217,50.85241],[-113.92222,50.85241],[-113.92226,50.8524],[-113.9223,50.85239],[-113.92234,50.85238],[-113.9224,50.85238],[-113.92245,50.85237],[-113.92248,50.85237],[-113.92253,50.85236],[-113.92257,50.85236],[-113.92261,50.85236],[-113.92265,50.85235],[-113.91962,50.85601],[-113.91306,50.85617],[-113.91063,50.85373],[-113.91066,50.85372]]]]}},{"type":"Feature","properties":{"id":2219,"name":"05e","structure":"UNDEVELOPED","special":true,"revenue":18,"m2_sampled":0,"m2_local":0,"m2_shared":0},"geometry":{"type":"MultiPolygon","coordinates":[[[[-113.92355,51.18354],[-113.92374,51.18332],[-113.93034,51.18315],[-113.93073,51.18355],[-113.92355,51.18354]]]]}},{"type":"Feature","properties":{"id":2220,"name":"05e","structure":"UNDEVELOPED","special":true,"revenue":13766,"m2_sampled":0,"m2_local":0,"m2_shared":0},"geometry":{"type":"MultiPolygon","coordinates":[[[[-113.93341,51.17948],[-113.93034,51.18315],[-113.92374,51.18332],[-113.92021,51.17981],[-113.92328,51.17613],[-113.92988,51.17597],[-113.93341,51.17948]]]]}},{"type":"Feature","properties":{"id":2221,"name":"Cornerstone","structure":"2000s","special":false,"revenue":2288,"m2_sampled":9719,"m2_local":6372,"m2_shared":0},"geometry":{"type":"MultiPolygon","coordinates":[[[[-113.93295,51.17229],[-113.92988,51.17597],[-113.92328,51.17613],[-113.91976,51.17262],[-113.92283,51.16895],[-113.92943,51.16878],[-113.93295,51.17229]]]]}},{"type":"Feature","properties":{"id":2222,"name":"Cornerstone","structure":"2000s","special":false,"revenue":73452,"m2_sampled":0,"m2_local":0,"m2_shared":0},"geometry":{"type":"MultiPolygon","coordinates":[[[[-113.9325,51.16511],[-113.92943,51.16878],[-113.92283,51.16895],[-113.9193,51.16544],[-113.92237,51.16176],[-113.92897,51.1616],[-113.9325,51.16511]]]]}},{"type":"Feature","properties":{"id":2223,"name":"Cornerstone","structure":"2000s","special":false,"revenue":1238630,"m2_sampled":31321,"m2_local":0,"m2_shared":0},"geometry":{"type":"MultiPolygon","coordinates":[[[[-113.93204,51.15792],[-113.92897,51.1616],[-113.92237,51.16176],[-113.91885,51.15825],[-113.92192,51.15458],[-113.92851,51.15441],[-113.93204,51.15792]]]]}},{"type":"Feature","properties":{"id":2224,"name":"Cornerstone","structure":"2000s","special":false,"revenue":1453288,"m2_sampled":26011,"m2_local":10152,"m2_shared":5237},"geometry":{"type":"MultiPolygon","coordinates":[[[[-113.93158,51.15074],[-113.92851,51.15441],[-113.92192,51.15458],[-113.91839,51.15107],[-113.92146,51.14739],[-113.92806,51.14723],[-113.93158,51.15074]]]]}},{"type":"Feature","properties":{"id":2225,"name":"Cornerstone","structure":"2000s","special":false,"revenue":161703,"m2_sampled":0,"m2_local":0,"m2_shared":0},"geometry":{"type":"MultiPolygon","coordinates":[[[[-113.93113,51.14356],[-113.92806,51.14723],[-113.92146,51.14739],[-113.91794,51.14389],[-113.92101,51.14021],[-113.9276,51.14005],[-113.93113,51.14356]]]]}},{"type":"Feature","properties":{"id":2226,"name":"Saddle Ridge","structure":"2000s","special":false,"revenue":291364,"m2_sampled":7015,"m2_local":362,"m2_shared":3052},"geometry":{"type":"MultiPolygon","coordinates":[[[[-113.93067,51.13637],[-113.9276,51.14005],[-113.92101,51.14021],[-113.91749,51.1367],[-113.92056,51.13303],[-113.92715,51.13286],[-113.93067,51.13637]]]]}},{"type":"Feature","properties":{"id":2227,"name":"Saddle Ridge","structure":"2000s","special":false,"revenue":1516354,"m2_sampled":32046,"m2_local":3919,"m2_shared":0},"geometry":{"type":"MultiPolygon","coordinates":[[[[-113.93022,51.12919],[-113.92715,51.13286],[-113.92056,51.13303],[-113.91703,51.12952],[-113.9201,51.12584],[-113.9267,51.12568],[-113.93022,51.12919]]]]}},{"type":"Feature","properties":{"id":2228,"name":"Taradale","structure":"2000s","special":false,"revenue":1554665,"m2_sampled":41942,"m2_local":765,"m2_shared":0},"geometry":{"type":"MultiPolygon","coordinates":[[[[-113.92976,51.122],[-113.9267,51.12568],[-113.9201,51.12584],[-113.91658,51.12233],[-113.91965,51.11866],[-113.92624,51.11849],[-113.92976,51.122]]]]}},{"type":"Feature","properties":{"id":2229,"name":"Taradale","structure":"2000s","special":false,"revenue":917728,"m2_sampled":15836,"m2_local":4421,"m2_shared":0},"geometry":{"type":"MultiPolygon","coordinates":[[[[-113.92931,51.11482],[-113.92624,51.11849],[-113.91965,51.11866],[-113.91613,51.11515],[-113.9192,51.11147],[-113.92579,51.11131],[-113.92931,51.11482]]]]}},{"type":"Feature","properties":{"id":2230,"name":"Coral Springs","structure":"2000s","special":false,"revenue":917475,"m2_sampled":22184,"m2_local":4147,"m2_shared":0},"geometry":{"type":"MultiPolygon","coordinates":[[[[-113.92885,51.10763],[-113.92579,51.11131],[-113.9192,51.11147],[-113.91568,51.10796],[-113.91874,51.10429],[-113.92533,51.10412],[-113.92885,51.10763]]]]}},{"type":"Feature","properties":{"id":2231,"name":"Coral Springs","structure":"2000s","special":false,"revenue":698993,"m2_sampled":11871,"m2_local":6646,"m2_shared":0},"geometry":{"type":"MultiPolygon","coordinates":[[[[-113.9284,51.10045],[-113.92533,51.10412],[-113.91874,51.10429],[-113.91522,51.10078],[-113.91829,51.0971],[-113.92488,51.09694],[-113.9284,51.10045]]]]}},{"type":"Feature","properties":{"id":2232,"name":"Monterey Park","structure":"2000s","special":false,"revenue":146668,"m2_sampled":3159,"m2_local":0,"m2_shared":11413},"geometry":{"type":"MultiPolygon","coordinates":[[[[-113.92795,51.09326],[-113.92488,51.09694],[-113.91829,51.0971],[-113.91477,51.09359],[-113.91784,51.08992],[-113.92443,51.08975],[-113.92795,51.09326]]]]}},{"type":"Feature","properties":{"id":2233,"name":"Monterey Park","structure":"2000s","special":false,"revenue":425472,"m2_sampled":8737,"m2_local":762,"m2_shared":0},"geometry":{"type":"MultiPolygon","coordinates":[[[[-113.92749,51.08608],[-113.92443,51.08975],[-113.91784,51.08992],[-113.91432,51.08641],[-113.91739,51.08273],[-113.92397,51.08257],[-113.92749,51.08608]]]]}},{"type":"Feature","properties":{"id":2234,"name":"10e","structure":"UNDEVELOPED","special":true,"revenue":159431,"m2_sampled":13749,"m2_local":0,"m2_shared":0},"geometry":{"type":"MultiPolygon","coordinates":[[[[-113.92704,51.07889],[-113.92397,51.08257],[-113.91739,51.08273],[-113.91387,51.07922],[-113.91693,51.07555],[-113.92352,51.07539],[-113.92704,51.07889]]]]}},{"type":"Feature","properties":{"id":2235,"name":"10e","structure":"UNDEVELOPED","special":true,"revenue":595286,"m2_sampled":9491,"m2_local":0,"m2_shared":0},"geometry":{"type":"MultiPolygon","coordinates":[[[[-113.92658,51.07171],[-113.92352,51.07539],[-113.91693,51.07555],[-113.91342,51.07204],[-113.91648,51.06837],[-113.92307,51.0682],[-113.92658,51.07171]]]]}},{"type":"Feature","properties":{"id":2236,"name":"Huxley","structure":"2000s","special":false,"revenue":115705,"m2_sampled":3285,"m2_local":0,"m2_shared":15022},"geometry":{"type":"MultiPolygon","coordinates":[[[[-113.92613,51.06453],[-113.92307,51.0682],[-113.91648,51.06837],[-113.91297,51.06485],[-113.91603,51.06118],[-113.92261,51.06102],[-113.92613,51.06453]]]]}},{"type":"Feature","properties":{"id":2237,"name":"Huxley","structure":"2000s","special":false,"revenue":164982,"m2_sampled":3656,"m2_local":0,"m2_shared":0},"geometry":{"type":"MultiPolygon","coordinates":[[[[-113.92568,51.05734],[-113.92261,51.06102],[-113.91603,51.06118],[-113.91251,51.05767],[-113.91558,51.054],[-113.92216,51.05383],[-113.92568,51.05734]]]]}},{"type":"Feature","properties":{"id":2238,"name":"Huxley","structure":"2000s","special":false,"revenue":164350,"m2_sampled":3697,"m2_local":0,"m2_shared":0},"geometry":{"type":"MultiPolygon","coordinates":[[[[-113.92522,51.05016],[-113.92216,51.05383],[-113.91558,51.054],[-113.91206,51.05049],[-113.91513,51.04681],[-113.92171,51.04665],[-113.92522,51.05016]]]]}},{"type":"Feature","properties":{"id":2239,"name":"Belvedere","structure":"BUILDING OUT","special":false,"revenue":1771544,"m2_sampled":3666,"m2_local":0,"m2_shared":0},"geometry":{"type":"MultiPolygon","coordinates":[[[[-113.92477,51.04297],[-113.92171,51.04665],[-113.91513,51.04681],[-113.91161,51.0433],[-113.91468,51.03963],[-113.92126,51.03946],[-113.92477,51.04297]]]]}},{"type":"Feature","properties":{"id":2240,"name":"Belvedere","structure":"BUILDING OUT","special":false,"revenue":180062,"m2_sampled":345,"m2_local":2329,"m2_shared":15984},"geometry":{"type":"MultiPolygon","coordinates":[[[[-113.92432,51.03579],[-113.92126,51.03946],[-113.91468,51.03963],[-113.91116,51.03612],[-113.91423,51.03244],[-113.9208,51.03228],[-113.92432,51.03579]]]]}},{"type":"Feature","properties":{"id":2241,"name":"09q","structure":"OTHER","special":true,"revenue":28095,"m2_sampled":0,"m2_local":3291,"m2_shared":0},"geometry":{"type":"MultiPolygon","coordinates":[[[[-113.92387,51.0286],[-113.9208,51.03228],[-113.91423,51.03244],[-113.91071,51.02893],[-113.91377,51.02526],[-113.92035,51.02509],[-113.92387,51.0286]]]]}},{"type":"Feature","properties":{"id":2242,"name":"09q","structure":"OTHER","special":true,"revenue":1901,"m2_sampled":0,"m2_local":4514,"m2_shared":0},"geometry":{"type":"MultiPolygon","coordinates":[[[[-113.92341,51.02142],[-113.92035,51.02509],[-113.91377,51.02526],[-113.91026,51.02175],[-113.91332,51.01807],[-113.9199,51.01791],[-113.92341,51.02142]]]]}},{"type":"Feature","properties":{"id":2243,"name":"Starfield East","structure":"EMPLOYMENT","special":false,"revenue":82248,"m2_sampled":0,"m2_local":16848,"m2_shared":5237},"geometry":{"type":"MultiPolygon","coordinates":[[[[-113.91177,51.01609],[-113.91177,51.01221],[-113.91287,51.01089],[-113.91945,51.01072],[-113.92296,51.01423],[-113.9199,51.01791],[-113.91332,51.01807],[-113.91134,51.01609],[-113.91177,51.01609]]]]}},{"type":"Feature","properties":{"id":2244,"name":"Starfield East","structure":"EMPLOYMENT","special":false,"revenue":266704,"m2_sampled":0,"m2_local":6871,"m2_shared":0},"geometry":{"type":"MultiPolygon","coordinates":[[[[-113.91177,51.00885],[-113.91177,51.00867],[-113.91177,51.0084],[-113.91177,51.00483],[-113.91177,51.00448],[-113.91242,51.0037],[-113.919,51.00354],[-113.92251,51.00705],[-113.91945,51.01072],[-113.91287,51.01089],[-113.91177,51.00978],[-113.91177,51.00885]]]]}},{"type":"Feature","properties":{"id":2245,"name":"Starfield East","structure":"EMPLOYMENT","special":false,"revenue":338719,"m2_sampled":0,"m2_local":12921,"m2_shared":0},"geometry":{"type":"MultiPolygon","coordinates":[[[[-113.91177,51.00145],[-113.91178,50.99676],[-113.91197,50.99652],[-113.91855,50.99635],[-113.92206,50.99986],[-113.919,51.00354],[-113.91242,51.0037],[-113.91177,51.00305],[-113.91177,51.00145]]]]}},{"type":"Feature","properties":{"id":2246,"name":"Great Plains East","structure":"EMPLOYMENT","special":false,"revenue":825837,"m2_sampled":0,"m2_local":0,"m2_shared":0},"geometry":{"type":"MultiPolygon","coordinates":[[[[-113.91178,50.99422],[-113.91178,50.98933],[-113.9181,50.98917],[-113.92161,50.99268],[-113.91855,50.99635],[-113.91197,50.99652],[-113.91178,50.99632],[-113.91178,50.99422]]]]}},{"type":"Feature","properties":{"id":2247,"name":"Great Plains East","structure":"EMPLOYMENT","special":false,"revenue":708546,"m2_sampled":66,"m2_local":0,"m2_shared":0},"geometry":{"type":"MultiPolygon","coordinates":[[[[-113.91178,50.98699],[-113.91178,50.98213],[-113.91764,50.98199],[-113.92116,50.9855],[-113.9181,50.98917],[-113.91178,50.98933],[-113.91178,50.98699]]]]}},{"type":"Feature","properties":{"id":2248,"name":"12k","structure":"UNDEVELOPED","special":true,"revenue":121694,"m2_sampled":0,"m2_local":0,"m2_shared":12374},"geometry":{"type":"MultiPolygon","coordinates":[[[[-113.91179,50.97957],[-113.91179,50.97948],[-113.91164,50.97948],[-113.91164,50.97921],[-113.90813,50.97921],[-113.90756,50.97864],[-113.91062,50.97496],[-113.91719,50.9748],[-113.9207,50.97831],[-113.91764,50.98199],[-113.91178,50.98213],[-113.91179,50.97957]]]]}},{"type":"Feature","properties":{"id":2249,"name":"12a","structure":"UNDEVELOPED","special":true,"revenue":465521,"m2_sampled":0,"m2_local":6190,"m2_shared":0},"geometry":{"type":"MultiPolygon","coordinates":[[[[-113.92025,50.97113],[-113.91719,50.9748],[-113.91062,50.97496],[-113.90711,50.97145],[-113.91017,50.96778],[-113.91674,50.96762],[-113.92025,50.97113]]]]}},{"type":"Feature","properties":{"id":2250,"name":"12a","structure":"UNDEVELOPED","special":true,"revenue":584134,"m2_sampled":0,"m2_local":8807,"m2_shared":0},"geometry":{"type":"MultiPolygon","coordinates":[[[[-113.9198,50.96394],[-113.91674,50.96762],[-113.91017,50.96778],[-113.90667,50.96427],[-113.90972,50.9606],[-113.91629,50.96043],[-113.9198,50.96394]]]]}},{"type":"Feature","properties":{"id":2251,"name":"12a","structure":"UNDEVELOPED","special":true,"revenue":507479,"m2_sampled":0,"m2_local":8807,"m2_shared":0},"geometry":{"type":"MultiPolygon","coordinates":[[[[-113.91935,50.95676],[-113.91629,50.96043],[-113.90972,50.9606],[-113.90622,50.95708],[-113.90928,50.95341],[-113.91584,50.95325],[-113.91935,50.95676]]]]}},{"type":"Feature","properties":{"id":2252,"name":"12b","structure":"UNDEVELOPED","special":true,"revenue":204906,"m2_sampled":8070,"m2_local":20752,"m2_shared":1463},"geometry":{"type":"MultiPolygon","coordinates":[[[[-113.9189,50.94957],[-113.91584,50.95325],[-113.90928,50.95341],[-113.90577,50.9499],[-113.90883,50.94623],[-113.91539,50.94606],[-113.9189,50.94957]]]]}},{"type":"Feature","properties":{"id":2253,"name":"12b","structure":"UNDEVELOPED","special":true,"revenue":145611,"m2_sampled":0,"m2_local":8807,"m2_shared":0},"geometry":{"type":"MultiPolygon","coordinates":[[[[-113.91845,50.94239],[-113.91539,50.94606],[-113.90883,50.94623],[-113.90532,50.94271],[-113.90838,50.93904],[-113.91494,50.93888],[-113.91845,50.94239]]]]}},{"type":"Feature","properties":{"id":2254,"name":"12b","structure":"UNDEVELOPED","special":true,"revenue":132382,"m2_sampled":0,"m2_local":8807,"m2_shared":0},"geometry":{"type":"MultiPolygon","coordinates":[[[[-113.918,50.9352],[-113.91494,50.93888],[-113.90838,50.93904],[-113.90487,50.93553],[-113.90793,50.93186],[-113.91449,50.93169],[-113.918,50.9352]]]]}},{"type":"Feature","properties":{"id":2255,"name":"12c","structure":"UNDEVELOPED","special":true,"revenue":134636,"m2_sampled":0,"m2_local":9574,"m2_shared":0},"geometry":{"type":"MultiPolygon","coordinates":[[[[-113.91755,50.92802],[-113.91449,50.93169],[-113.90793,50.93186],[-113.90442,50.92835],[-113.90748,50.92467],[-113.91404,50.92451],[-113.91755,50.92802]]]]}},{"type":"Feature","properties":{"id":2256,"name":"Hotchkiss","structure":"BUILDING OUT","special":false,"revenue":42026,"m2_sampled":0,"m2_local":6235,"m2_shared":0},"geometry":{"type":"MultiPolygon","coordinates":[[[[-113.9171,50.92083],[-113.91404,50.92451],[-113.90748,50.92467],[-113.90398,50.92116],[-113.90703,50.91749],[-113.9136,50.91732],[-113.9171,50.92083]]]]}},{"type":"Feature","properties":{"id":2257,"name":"Copperfield","structure":"BUILDING OUT","special":false,"revenue":99149,"m2_sampled":0,"m2_local":0,"m2_shared":0},"geometry":{"type":"MultiPolygon","coordinates":[[[[-113.91665,50.91365],[-113.9136,50.91732],[-113.90703,50.91749],[-113.90353,50.91398],[-113.90659,50.9103],[-113.91315,50.91014],[-113.91665,50.91365]]]]}},{"type":"Feature","properties":{"id":2258,"name":"Mahogany","structure":"2000s","special":false,"revenue":150550,"m2_sampled":2075,"m2_local":0,"m2_shared":30157},"geometry":{"type":"MultiPolygon","coordinates":[[[[-113.9162,50.90646],[-113.91315,50.91014],[-113.90659,50.9103],[-113.90308,50.90679],[-113.90614,50.90312],[-113.9127,50.90295],[-113.9162,50.90646]]]]}},{"type":"Feature","properties":{"id":2259,"name":"Mahogany","structure":"2000s","special":false,"revenue":1678771,"m2_sampled":26550,"m2_local":11980,"m2_shared":17619},"geometry":{"type":"MultiPolygon","coordinates":[[[[-113.91575,50.89928],[-113.9127,50.90295],[-113.90614,50.90312],[-113.90263,50.89961],[-113.90569,50.89593],[-113.91225,50.89577],[-113.91575,50.89928]]]]}},{"type":"Feature","properties":{"id":2260,"name":"Mahogany","structure":"2000s","special":false,"revenue":2809102,"m2_sampled":42610,"m2_local":18479,"m2_shared":17612},"geometry":{"type":"MultiPolygon","coordinates":[[[[-113.9153,50.89209],[-113.91225,50.89577],[-113.90569,50.89593],[-113.90219,50.89242],[-113.90524,50.88875],[-113.9118,50.88858],[-113.9153,50.89209]]]]}},{"type":"Feature","properties":{"id":2261,"name":"Mahogany","structure":"2000s","special":false,"revenue":1271154,"m2_sampled":35439,"m2_local":0,"m2_shared":27611},"geometry":{"type":"MultiPolygon","coordinates":[[[[-113.91486,50.88491],[-113.9118,50.88858],[-113.90524,50.88875],[-113.90174,50.88524],[-113.9048,50.88156],[-113.91135,50.8814],[-113.91486,50.88491]]]]}},{"type":"Feature","properties":{"id":2262,"name":"Rangeview","structure":"2000s","special":false,"revenue":662,"m2_sampled":0,"m2_local":0,"m2_shared":0},"geometry":{"type":"MultiPolygon","coordinates":[[[[-113.91441,50.87772],[-113.91135,50.8814],[-113.9048,50.88156],[-113.90129,50.87805],[-113.90435,50.87438],[-113.9109,50.87421],[-113.91441,50.87772]]]]}},{"type":"Feature","properties":{"id":2263,"name":"Rangeview","structure":"2000s","special":false,"revenue":1077,"m2_sampled":0,"m2_local":0,"m2_shared":0},"geometry":{"type":"MultiPolygon","coordinates":[[[[-113.91396,50.87054],[-113.9109,50.87421],[-113.90435,50.87438],[-113.90085,50.87087],[-113.9039,50.86719],[-113.91046,50.86703],[-113.91396,50.87054]]]]}},{"type":"Feature","properties":{"id":2264,"name":"Rangeview","structure":"2000s","special":false,"revenue":1200,"m2_sampled":0,"m2_local":0,"m2_shared":0},"geometry":{"type":"MultiPolygon","coordinates":[[[[-113.91351,50.86335],[-113.91046,50.86703],[-113.9039,50.86719],[-113.9004,50.86368],[-113.90346,50.86001],[-113.91001,50.85984],[-113.91351,50.86335]]]]}},{"type":"Feature","properties":{"id":2265,"name":"Ricardo Ranch","structure":"BUILDING OUT","special":false,"revenue":309,"m2_sampled":0,"m2_local":0,"m2_shared":0},"geometry":{"type":"MultiPolygon","coordinates":[[[[-113.90162,50.85814],[-113.90165,50.85811],[-113.90167,50.85808],[-113.9017,50.85805],[-113.90173,50.85802],[-113.90177,50.85798],[-113.90179,50.85797],[-113.90182,50.85793],[-113.90184,50.85791],[-113.90187,50.85787],[-113.9019,50.85784],[-113.90194,50.85781],[-113.90197,50.85778],[-113.902,50.85776],[-113.90202,50.85774],[-113.90206,50.8577],[-113.90209,50.85767],[-113.90212,50.85764],[-113.90214,50.85762],[-113.90218,50.85759],[-113.90221,50.85757],[-113.90225,50.85754],[-113.90229,50.85751],[-113.90233,50.85748],[-113.90237,50.85745],[-113.90242,50.85742],[-113.90246,50.85739],[-113.9025,50.85735],[-113.90254,50.85732],[-113.90257,50.85729],[-113.90261,50.85726],[-113.90266,50.85723],[-113.9027,50.85721],[-113.90275,50.85719],[-113.90279,50.85717],[-113.90283,50.85714],[-113.90287,50.85711],[-113.90292,50.85708],[-113.90297,50.85706],[-113.90302,50.85704],[-113.90307,50.85701],[-113.90311,50.85699],[-113.90316,50.85697],[-113.9032,50.85695],[-113.90325,50.85692],[-113.9033,50.8569],[-113.90333,50.85687],[-113.90338,50.85684],[-113.90343,50.85681],[-113.90348,50.85678],[-113.90353,50.85675],[-113.90359,50.85671],[-113.90364,50.85668],[-113.90369,50.85664],[-113.90372,50.85662],[-113.90375,50.85659],[-113.90378,50.85656],[-113.90382,50.85653],[-113.90387,50.8565],[-113.90391,50.85647],[-113.90397,50.85645],[-113.90402,50.85642],[-113.90406,50.8564],[-113.90411,50.85637],[-113.90416,50.85634],[-113.90421,50.85631],[-113.90425,50.85628],[-113.90431,50.85626],[-113.90436,50.85623],[-113.90441,50.8562],[-113.90446,50.85617],[-113.90452,50.85614],[-113.90456,50.85612],[-113.90461,50.85609],[-113.90466,50.85607],[-113.90472,50.85604],[-113.90473,50.85602],[-113.90478,50.856],[-113.90481,50.85598],[-113.90485,50.85595],[-113.90489,50.85593],[-113.90493,50.85591],[-113.90497,50.85589],[-113.90498,50.85588],[-113.90503,50.85586],[-113.90507,50.85583],[-113.90512,50.8558],[-113.90517,50.85578],[-113.90522,50.85574],[-113.90527,50.85571],[-113.90532,50.85568],[-113.90537,50.85566],[-113.90543,50.85562],[-113.90546,50.8556],[-113.90551,50.85558],[-113.90556,50.85556],[-113.90561,50.85554],[-113.90565,50.85553],[-113.9057,50.85551],[-113.90574,50.85549],[-113.90578,50.85547],[-113.9058,50.85546],[-113.90583,50.85545],[-113.90589,50.85542],[-113.90594,50.8554],[-113.90599,50.85538],[-113.90606,50.85535],[-113.90609,50.85534],[-113.90612,50.85532],[-113.90618,50.85529],[-113.90622,50.85527],[-113.90624,50.85526],[-113.90629,50.85523],[-113.90633,50.85521],[-113.90638,50.85518],[-113.90643,50.85515],[-113.90648,50.85513],[-113.90653,50.85511],[-113.90658,50.85508],[-113.90662,50.85506],[-113.90666,50.85504],[-113.9067,50.85502],[-113.90674,50.855],[-113.90679,50.85497],[-113.90684,50.85494],[-113.90688,50.85492],[-113.90693,50.85489],[-113.90698,50.85487],[-113.90703,50.85484],[-113.90708,50.85481],[-113.90713,50.85479],[-113.90718,50.85476],[-113.90722,50.85473],[-113.90728,50.8547],[-113.90732,50.85467],[-113.90737,50.85464],[-113.90742,50.85462],[-113.90746,50.8546],[-113.90751,50.85458],[-113.90756,50.85455],[-113.90762,50.85453],[-113.90766,50.85451],[-113.90771,50.85449],[-113.90776,50.85447],[-113.90781,50.85445],[-113.90791,50.8544],[-113.90797,50.85438],[-113.90801,50.85436],[-113.90805,50.85434],[-113.9081,50.85432],[-113.90814,50.85431],[-113.90819,50.85429],[-113.90823,50.85427],[-113.90827,50.85426],[-113.9083,50.85425],[-113.90834,50.85423],[-113.90837,50.85422],[-113.90842,50.85421],[-113.90847,50.85419],[-113.90851,50.85417],[-113.90857,50.85415],[-113.90861,50.85414],[-113.90865,50.85414],[-113.9087,50.85412],[-113.90874,50.85411],[-113.9088,50.8541],[-113.90885,50.85408],[-113.90889,50.85407],[-113.90894,50.85406],[-113.90899,50.85405],[-113.90902,50.85404],[-113.90906,50.85404],[-113.90911,50.85402],[-113.90915,50.85402],[-113.90919,50.85401],[-113.90924,50.854],[-113.90927,50.85399],[-113.90932,50.85398],[-113.90937,50.85397],[-113.90942,50.85396],[-113.90945,50.85396],[-113.9095,50.85395],[-113.90954,50.85394],[-113.90965,50.85392],[-113.9097,50.85391],[-113.90975,50.8539],[-113.90981,50.85389],[-113.90982,50.85389],[-113.90987,50.85388],[-113.90992,50.85387],[-113.90997,50.85386],[-113.91002,50.85385],[-113.91006,50.85384],[-113.9101,50.85384],[-113.91013,50.85384],[-113.91017,50.85383],[-113.91022,50.85382],[-113.91025,50.85382],[-113.9103,50.85381],[-113.91035,50.85379],[-113.9104,50.85378],[-113.91046,50.85377],[-113.91051,50.85376],[-113.91056,50.85375],[-113.91061,50.85373],[-113.91063,50.85373],[-113.91306,50.85617],[-113.91001,50.85984],[-113.90346,50.86001],[-113.90161,50.85815],[-113.90162,50.85814]]]]}},{"type":"Feature","properties":{"id":2274,"name":"05e","structure":"UNDEVELOPED","special":true,"revenue":61623,"m2_sampled":0,"m2_local":0,"m2_shared":0},"geometry":{"type":"MultiPolygon","coordinates":[[[[-113.92349,51.18354],[-113.9209,51.18354],[-113.91171,51.18353],[-113.91172,51.18335],[-113.91171,51.18224],[-113.91361,51.17997],[-113.92021,51.17981],[-113.92374,51.18332],[-113.92355,51.18354],[-113.92349,51.18354]]]]}},{"type":"Feature","properties":{"id":2275,"name":"05e","structure":"UNDEVELOPED","special":true,"revenue":668,"m2_sampled":0,"m2_local":0,"m2_shared":0},"geometry":{"type":"MultiPolygon","coordinates":[[[[-113.91171,51.17674],[-113.91171,51.1763],[-113.91171,51.17613],[-113.91172,51.17451],[-113.91316,51.17279],[-113.91976,51.17262],[-113.92328,51.17613],[-113.92021,51.17981],[-113.91361,51.17997],[-113.91171,51.17808],[-113.91171,51.17674]]]]}},{"type":"Feature","properties":{"id":2276,"name":"Cornerstone","structure":"2000s","special":false,"revenue":24111,"m2_sampled":0,"m2_local":0,"m2_shared":0},"geometry":{"type":"MultiPolygon","coordinates":[[[[-113.91173,51.1689],[-113.91173,51.16677],[-113.9127,51.1656],[-113.9193,51.16544],[-113.92283,51.16895],[-113.91976,51.17262],[-113.91316,51.17279],[-113.91172,51.17136],[-113.91173,51.1689]]]]}},{"type":"Feature","properties":{"id":2277,"name":"05e","structure":"UNDEVELOPED","special":true,"revenue":57298,"m2_sampled":0,"m2_local":0,"m2_shared":0},"geometry":{"type":"MultiPolygon","coordinates":[[[[-113.91172,51.16166],[-113.91172,51.15906],[-113.91225,51.15842],[-113.91885,51.15825],[-113.92237,51.16176],[-113.9193,51.16544],[-113.9127,51.1656],[-113.91172,51.16463],[-113.91172,51.16166]]]]}},{"type":"Feature","properties":{"id":2278,"name":"05e","structure":"UNDEVELOPED","special":true,"revenue":15265,"m2_sampled":0,"m2_local":0,"m2_shared":7720},"geometry":{"type":"MultiPolygon","coordinates":[[[[-113.91171,51.15446],[-113.91173,51.15419],[-113.91173,51.15132],[-113.9118,51.15123],[-113.91839,51.15107],[-113.92192,51.15458],[-113.91885,51.15825],[-113.91225,51.15842],[-113.91172,51.15789],[-113.91171,51.15446]]]]}},{"type":"Feature","properties":{"id":2279,"name":"05f","structure":"UNDEVELOPED","special":true,"revenue":11623,"m2_sampled":0,"m2_local":0,"m2_shared":0},"geometry":{"type":"MultiPolygon","coordinates":[[[[-113.91173,51.147],[-113.91173,51.14404],[-113.91794,51.14389],[-113.92146,51.14739],[-113.91839,51.15107],[-113.9118,51.15123],[-113.91173,51.15116],[-113.91173,51.147]]]]}},{"type":"Feature","properties":{"id":2280,"name":"05f","structure":"UNDEVELOPED","special":true,"revenue":3692,"m2_sampled":0,"m2_local":0,"m2_shared":0},"geometry":{"type":"MultiPolygon","coordinates":[[[[-113.91174,51.13977],[-113.91174,51.13684],[-113.91749,51.1367],[-113.92101,51.14021],[-113.91794,51.14389],[-113.91173,51.14404],[-113.91174,51.13977]]]]}},{"type":"Feature","properties":{"id":2281,"name":"05g","structure":"UNDEVELOPED","special":true,"revenue":139,"m2_sampled":0,"m2_local":0,"m2_shared":0},"geometry":{"type":"MultiPolygon","coordinates":[[[[-113.91174,51.13253],[-113.91174,51.12965],[-113.91703,51.12952],[-113.92056,51.13303],[-113.91749,51.1367],[-113.91174,51.13684],[-113.91174,51.13253]]]]}},{"type":"Feature","properties":{"id":2282,"name":"Homestead","structure":"BUILDING OUT","special":false,"revenue":179918,"m2_sampled":8438,"m2_local":0,"m2_shared":0},"geometry":{"type":"MultiPolygon","coordinates":[[[[-113.91174,51.1253],[-113.91174,51.12511],[-113.91174,51.12245],[-113.91658,51.12233],[-113.9201,51.12584],[-113.91703,51.12952],[-113.91174,51.12965],[-113.91174,51.1253]]]]}},{"type":"Feature","properties":{"id":2283,"name":"Homestead","structure":"BUILDING OUT","special":false,"revenue":1468037,"m2_sampled":36389,"m2_local":0,"m2_shared":0},"geometry":{"type":"MultiPolygon","coordinates":[[[[-113.91174,51.11788],[-113.91174,51.11526],[-113.91613,51.11515],[-113.91965,51.11866],[-113.91658,51.12233],[-113.91174,51.12245],[-113.91174,51.11788]]]]}},{"type":"Feature","properties":{"id":2284,"name":"Homestead","structure":"BUILDING OUT","special":false,"revenue":369027,"m2_sampled":5152,"m2_local":0,"m2_shared":0},"geometry":{"type":"MultiPolygon","coordinates":[[[[-113.91174,51.11064],[-113.91174,51.10806],[-113.91568,51.10796],[-113.9192,51.11147],[-113.91613,51.11515],[-113.91174,51.11526],[-113.91174,51.11064]]]]}},{"type":"Feature","properties":{"id":2285,"name":"10d","structure":"UNDEVELOPED","special":true,"revenue":33511,"m2_sampled":0,"m2_local":0,"m2_shared":0},"geometry":{"type":"MultiPolygon","coordinates":[[[[-113.91174,51.10341],[-113.91174,51.10086],[-113.91522,51.10078],[-113.91874,51.10429],[-113.91568,51.10796],[-113.91174,51.10806],[-113.91174,51.10341]]]]}},{"type":"Feature","properties":{"id":2286,"name":"10d","structure":"UNDEVELOPED","special":true,"revenue":38881,"m2_sampled":0,"m2_local":5604,"m2_shared":4029},"geometry":{"type":"MultiPolygon","coordinates":[[[[-113.91174,51.096],[-113.91174,51.09367],[-113.91477,51.09359],[-113.91829,51.0971],[-113.91522,51.10078],[-113.91174,51.10086],[-113.91174,51.096]]]]}},{"type":"Feature","properties":{"id":2287,"name":"10e","structure":"UNDEVELOPED","special":true,"revenue":188414,"m2_sampled":0,"m2_local":0,"m2_shared":0},"geometry":{"type":"MultiPolygon","coordinates":[[[[-113.91175,51.08876],[-113.91175,51.08647],[-113.91432,51.08641],[-113.91784,51.08992],[-113.91477,51.09359],[-113.91174,51.09367],[-113.91175,51.08876]]]]}},{"type":"Feature","properties":{"id":2288,"name":"10e","structure":"UNDEVELOPED","special":true,"revenue":142091,"m2_sampled":0,"m2_local":0,"m2_shared":0},"geometry":{"type":"MultiPolygon","coordinates":[[[[-113.91175,51.08154],[-113.91175,51.08144],[-113.91175,51.07928],[-113.91387,51.07922],[-113.91739,51.08273],[-113.91432,51.08641],[-113.91175,51.08647],[-113.91175,51.08154]]]]}},{"type":"Feature","properties":{"id":2289,"name":"10e","structure":"UNDEVELOPED","special":true,"revenue":154437,"m2_sampled":0,"m2_local":0,"m2_shared":0},"geometry":{"type":"MultiPolygon","coordinates":[[[[-113.91175,51.07431],[-113.91175,51.07208],[-113.91342,51.07204],[-113.91693,51.07555],[-113.91387,51.07922],[-113.91175,51.07928],[-113.91175,51.07431]]]]}},{"type":"Feature","properties":{"id":2290,"name":"10e","structure":"UNDEVELOPED","special":true,"revenue":82149,"m2_sampled":0,"m2_local":0,"m2_shared":7079},"geometry":{"type":"MultiPolygon","coordinates":[[[[-113.91175,51.06643],[-113.91175,51.06489],[-113.91297,51.06485],[-113.91648,51.06837],[-113.91342,51.07204],[-113.91175,51.07208],[-113.91175,51.06643]]]]}},{"type":"Feature","properties":{"id":2291,"name":"Huxley","structure":"2000s","special":false,"revenue":68207,"m2_sampled":0,"m2_local":0,"m2_shared":0},"geometry":{"type":"MultiPolygon","coordinates":[[[[-113.91175,51.06229],[-113.91175,51.06191],[-113.91175,51.05966],[-113.9044,51.05967],[-113.90593,51.05783],[-113.91251,51.05767],[-113.91603,51.06118],[-113.91297,51.06485],[-113.91175,51.06489],[-113.91175,51.06229]]]]}},{"type":"Feature","properties":{"id":2292,"name":"Huxley","structure":"2000s","special":false,"revenue":12810,"m2_sampled":0,"m2_local":2394,"m2_shared":0},"geometry":{"type":"MultiPolygon","coordinates":[[[[-113.91558,51.054],[-113.91251,51.05767],[-113.90593,51.05783],[-113.90242,51.05432],[-113.90548,51.05065],[-113.91206,51.05049],[-113.91558,51.054]]]]}},{"type":"Feature","properties":{"id":2293,"name":"Huxley","structure":"2000s","special":false,"revenue":138153,"m2_sampled":2468,"m2_local":10122,"m2_shared":0},"geometry":{"type":"MultiPolygon","coordinates":[[[[-113.91513,51.04681],[-113.91206,51.05049],[-113.90548,51.05065],[-113.90197,51.04714],[-113.90503,51.04346],[-113.91161,51.0433],[-113.91513,51.04681]]]]}},{"type":"Feature","properties":{"id":2294,"name":"Belvedere","structure":"BUILDING OUT","special":false,"revenue":2775176,"m2_sampled":23190,"m2_local":19121,"m2_shared":17188},"geometry":{"type":"MultiPolygon","coordinates":[[[[-113.91468,51.03963],[-113.91161,51.0433],[-113.90503,51.04346],[-113.90152,51.03995],[-113.90458,51.03628],[-113.91116,51.03612],[-113.91468,51.03963]]]]}},{"type":"Feature","properties":{"id":2295,"name":"Belvedere","structure":"BUILDING OUT","special":false,"revenue":368030,"m2_sampled":9435,"m2_local":6029,"m2_shared":0},"geometry":{"type":"MultiPolygon","coordinates":[[[[-113.91423,51.03244],[-113.91116,51.03612],[-113.90458,51.03628],[-113.90107,51.03277],[-113.90413,51.0291],[-113.91071,51.02893],[-113.91423,51.03244]]]]}},{"type":"Feature","properties":{"id":2296,"name":"09p","structure":"UNDEVELOPED","special":true,"revenue":99449,"m2_sampled":0,"m2_local":4967,"m2_shared":0},"geometry":{"type":"MultiPolygon","coordinates":[[[[-113.91377,51.02526],[-113.91071,51.02893],[-113.90413,51.0291],[-113.90062,51.02558],[-113.90368,51.02191],[-113.91026,51.02175],[-113.91377,51.02526]]]]}},{"type":"Feature","properties":{"id":2297,"name":"09p","structure":"UNDEVELOPED","special":true,"revenue":40464,"m2_sampled":0,"m2_local":3679,"m2_shared":0},"geometry":{"type":"MultiPolygon","coordinates":[[[[-113.90916,51.01609],[-113.91134,51.01609],[-113.91332,51.01807],[-113.91026,51.02175],[-113.90368,51.02191],[-113.90017,51.0184],[-113.90209,51.01609],[-113.90916,51.01609]]]]}},{"type":"Feature","properties":{"id":2298,"name":"Starfield East","structure":"EMPLOYMENT","special":false,"revenue":2715,"m2_sampled":0,"m2_local":2556,"m2_shared":0},"geometry":{"type":"MultiPolygon","coordinates":[[[[-113.91177,51.00978],[-113.91287,51.01089],[-113.91177,51.01221],[-113.91177,51.00978]]]]}},{"type":"Feature","properties":{"id":2299,"name":"Starfield East","structure":"EMPLOYMENT","special":false,"revenue":575,"m2_sampled":0,"m2_local":1414,"m2_shared":0},"geometry":{"type":"MultiPolygon","coordinates":[[[[-113.91177,51.00314],[-113.91177,51.00305],[-113.91242,51.0037],[-113.91177,51.00448],[-113.91177,51.00314]]]]}},{"type":"Feature","properties":{"id":2300,"name":"Starfield East","structure":"EMPLOYMENT","special":false,"revenue":0,"m2_sampled":0,"m2_local":0,"m2_shared":0},"geometry":{"type":"MultiPolygon","coordinates":[[[[-113.91178,50.99632],[-113.91197,50.99652],[-113.91178,50.99676],[-113.91178,50.99632]]]]}},{"type":"Feature","properties":{"id":2302,"name":"12k","structure":"UNDEVELOPED","special":true,"revenue":8890,"m2_sampled":0,"m2_local":0,"m2_shared":0},"geometry":{"type":"MultiPolygon","coordinates":[[[[-113.90792,50.97921],[-113.90273,50.97921],[-113.90243,50.97949],[-113.90112,50.97949],[-113.90059,50.97949],[-113.90042,50.97949],[-113.90099,50.9788],[-113.90756,50.97864],[-113.90813,50.97921],[-113.90792,50.97921]]]]}},{"type":"Feature","properties":{"id":2303,"name":"12a","structure":"UNDEVELOPED","special":true,"revenue":208770,"m2_sampled":0,"m2_local":0,"m2_shared":0},"geometry":{"type":"MultiPolygon","coordinates":[[[[-113.91062,50.97496],[-113.90756,50.97864],[-113.90099,50.9788],[-113.89748,50.97529],[-113.90054,50.97162],[-113.90711,50.97145],[-113.91062,50.97496]]]]}},{"type":"Feature","properties":{"id":2304,"name":"12a","structure":"UNDEVELOPED","special":true,"revenue":2252321,"m2_sampled":0,"m2_local":6787,"m2_shared":0},"geometry":{"type":"MultiPolygon","coordinates":[[[[-113.91017,50.96778],[-113.90711,50.97145],[-113.90054,50.97162],[-113.89704,50.96811],[-113.9001,50.96443],[-113.90667,50.96427],[-113.91017,50.96778]]]]}},{"type":"Feature","properties":{"id":2305,"name":"12a","structure":"UNDEVELOPED","special":true,"revenue":1686812,"m2_sampled":0,"m2_local":0,"m2_shared":0},"geometry":{"type":"MultiPolygon","coordinates":[[[[-113.90972,50.9606],[-113.90667,50.96427],[-113.9001,50.96443],[-113.89659,50.96092],[-113.89965,50.95725],[-113.90622,50.95708],[-113.90972,50.9606]]]]}},{"type":"Feature","properties":{"id":2306,"name":"12a","structure":"UNDEVELOPED","special":true,"revenue":248910,"m2_sampled":6711,"m2_local":5912,"m2_shared":0},"geometry":{"type":"MultiPolygon","coordinates":[[[[-113.90928,50.95341],[-113.90622,50.95708],[-113.89965,50.95725],[-113.89614,50.95374],[-113.8992,50.95006],[-113.90577,50.9499],[-113.90928,50.95341]]]]}},{"type":"Feature","properties":{"id":2307,"name":"12b","structure":"UNDEVELOPED","special":true,"revenue":306419,"m2_sampled":0,"m2_local":0,"m2_shared":0},"geometry":{"type":"MultiPolygon","coordinates":[[[[-113.90883,50.94623],[-113.90577,50.9499],[-113.8992,50.95006],[-113.89569,50.94655],[-113.89875,50.94288],[-113.90532,50.94271],[-113.90883,50.94623]]]]}},{"type":"Feature","properties":{"id":2308,"name":"12b","structure":"UNDEVELOPED","special":true,"revenue":135273,"m2_sampled":0,"m2_local":0,"m2_shared":0},"geometry":{"type":"MultiPolygon","coordinates":[[[[-113.90838,50.93904],[-113.90532,50.94271],[-113.89875,50.94288],[-113.89525,50.93937],[-113.89831,50.93569],[-113.90487,50.93553],[-113.90838,50.93904]]]]}},{"type":"Feature","properties":{"id":2309,"name":"12b","structure":"UNDEVELOPED","special":true,"revenue":212651,"m2_sampled":0,"m2_local":0,"m2_shared":0},"geometry":{"type":"MultiPolygon","coordinates":[[[[-113.90793,50.93186],[-113.90487,50.93553],[-113.89831,50.93569],[-113.8948,50.93218],[-113.89786,50.92851],[-113.90442,50.92835],[-113.90793,50.93186]]]]}},{"type":"Feature","properties":{"id":2310,"name":"12c","structure":"UNDEVELOPED","special":true,"revenue":111247,"m2_sampled":5777,"m2_local":0,"m2_shared":0},"geometry":{"type":"MultiPolygon","coordinates":[[[[-113.90748,50.92467],[-113.90442,50.92835],[-113.89786,50.92851],[-113.89435,50.925],[-113.89741,50.92132],[-113.90398,50.92116],[-113.90748,50.92467]]]]}},{"type":"Feature","properties":{"id":2311,"name":"Hotchkiss","structure":"BUILDING OUT","special":false,"revenue":629147,"m2_sampled":34551,"m2_local":0,"m2_shared":0},"geometry":{"type":"MultiPolygon","coordinates":[[[[-113.90703,50.91749],[-113.90398,50.92116],[-113.89741,50.92132],[-113.89391,50.91781],[-113.89697,50.91414],[-113.90353,50.91398],[-113.90703,50.91749]]]]}},{"type":"Feature","properties":{"id":2312,"name":"Hotchkiss","structure":"BUILDING OUT","special":false,"revenue":74146,"m2_sampled":11428,"m2_local":0,"m2_shared":5333},"geometry":{"type":"MultiPolygon","coordinates":[[[[-113.90659,50.9103],[-113.90353,50.91398],[-113.89697,50.91414],[-113.89346,50.91063],[-113.89652,50.90695],[-113.90308,50.90679],[-113.90659,50.9103]]]]}},{"type":"Feature","properties":{"id":2313,"name":"12j","structure":"UNDEVELOPED","special":true,"revenue":49883,"m2_sampled":0,"m2_local":0,"m2_shared":5138},"geometry":{"type":"MultiPolygon","coordinates":[[[[-113.90614,50.90312],[-113.90308,50.90679],[-113.89652,50.90695],[-113.89302,50.90344],[-113.89607,50.89977],[-113.90263,50.89961],[-113.90614,50.90312]]]]}},{"type":"Feature","properties":{"id":2314,"name":"12j","structure":"UNDEVELOPED","special":true,"revenue":4505,"m2_sampled":0,"m2_local":0,"m2_shared":0},"geometry":{"type":"MultiPolygon","coordinates":[[[[-113.90569,50.89593],[-113.90263,50.89961],[-113.89607,50.89977],[-113.89257,50.89626],[-113.89563,50.89258],[-113.90219,50.89242],[-113.90569,50.89593]]]]}},{"type":"Feature","properties":{"id":2315,"name":"12j","structure":"UNDEVELOPED","special":true,"revenue":19910,"m2_sampled":0,"m2_local":0,"m2_shared":0},"geometry":{"type":"MultiPolygon","coordinates":[[[[-113.90524,50.88875],[-113.90219,50.89242],[-113.89563,50.89258],[-113.89213,50.88907],[-113.89518,50.8854],[-113.90174,50.88524],[-113.90524,50.88875]]]]}},{"type":"Feature","properties":{"id":2316,"name":"12j","structure":"UNDEVELOPED","special":true,"revenue":1245,"m2_sampled":0,"m2_local":0,"m2_shared":0},"geometry":{"type":"MultiPolygon","coordinates":[[[[-113.9048,50.88156],[-113.90174,50.88524],[-113.89518,50.8854],[-113.89168,50.88189],[-113.89474,50.87821],[-113.90129,50.87805],[-113.9048,50.88156]]]]}},{"type":"Feature","properties":{"id":2317,"name":"12j","structure":"UNDEVELOPED","special":true,"revenue":1015,"m2_sampled":0,"m2_local":0,"m2_shared":0},"geometry":{"type":"MultiPolygon","coordinates":[[[[-113.90435,50.87438],[-113.90129,50.87805],[-113.89474,50.87821],[-113.89124,50.8747],[-113.89429,50.87103],[-113.90085,50.87087],[-113.90435,50.87438]]]]}},{"type":"Feature","properties":{"id":2318,"name":"12j","structure":"UNDEVELOPED","special":true,"revenue":1062,"m2_sampled":0,"m2_local":0,"m2_shared":0},"geometry":{"type":"MultiPolygon","coordinates":[[[[-113.9039,50.86719],[-113.90085,50.87087],[-113.89429,50.87103],[-113.89079,50.86752],[-113.89385,50.86384],[-113.9004,50.86368],[-113.9039,50.86719]]]]}},{"type":"Feature","properties":{"id":2319,"name":"12j","structure":"UNDEVELOPED","special":true,"revenue":353,"m2_sampled":0,"m2_local":0,"m2_shared":0},"geometry":{"type":"MultiPolygon","coordinates":[[[[-113.89043,50.86036],[-113.89058,50.86037],[-113.89072,50.86036],[-113.89087,50.86036],[-113.89101,50.86038],[-113.89115,50.8604],[-113.89129,50.86041],[-113.89143,50.86041],[-113.89157,50.8604],[-113.89186,50.86041],[-113.89201,50.86041],[-113.89216,50.86039],[-113.89245,50.8604],[-113.89266,50.8604],[-113.89288,50.8604],[-113.89317,50.86038],[-113.89331,50.86038],[-113.89346,50.86038],[-113.8936,50.86037],[-113.89367,50.86037],[-113.89375,50.86036],[-113.89378,50.86035],[-113.89381,50.86034],[-113.89383,50.86034],[-113.89386,50.86033],[-113.89389,50.86032],[-113.89393,50.86032],[-113.89393,50.86031],[-113.89394,50.8603],[-113.89397,50.86031],[-113.89402,50.8603],[-113.89405,50.86031],[-113.89409,50.8603],[-113.89418,50.86029],[-113.89421,50.86029],[-113.89423,50.86029],[-113.89425,50.86029],[-113.89429,50.86029],[-113.89436,50.86029],[-113.89438,50.86029],[-113.89445,50.86029],[-113.89444,50.86037],[-113.89513,50.86052],[-113.89514,50.86025],[-113.89516,50.86025],[-113.89526,50.86025],[-113.89535,50.86026],[-113.89538,50.86025],[-113.89542,50.86025],[-113.89548,50.86025],[-113.8955,50.86025],[-113.89555,50.86025],[-113.8956,50.86025],[-113.89566,50.86025],[-113.89571,50.86025],[-113.89576,50.86024],[-113.8958,50.86024],[-113.89583,50.86023],[-113.89589,50.86023],[-113.89593,50.86023],[-113.896,50.86022],[-113.89601,50.86021],[-113.89604,50.86022],[-113.89612,50.86022],[-113.89614,50.86022],[-113.89617,50.86022],[-113.89627,50.86021],[-113.89636,50.8602],[-113.89638,50.86019],[-113.8964,50.8602],[-113.89642,50.86019],[-113.89648,50.86016],[-113.89653,50.86016],[-113.89659,50.86014],[-113.89664,50.86013],[-113.89667,50.86012],[-113.8967,50.86011],[-113.89676,50.8601],[-113.89679,50.8601],[-113.89687,50.86008],[-113.8969,50.86007],[-113.89693,50.86008],[-113.89695,50.86007],[-113.89698,50.86006],[-113.89702,50.86007],[-113.89704,50.86006],[-113.89706,50.86005],[-113.89709,50.86005],[-113.89718,50.86003],[-113.89719,50.86004],[-113.89722,50.86003],[-113.89724,50.86003],[-113.89725,50.86002],[-113.8973,50.86001],[-113.89733,50.86001],[-113.89737,50.86],[-113.89741,50.86],[-113.89744,50.86],[-113.89748,50.85999],[-113.89751,50.85998],[-113.89755,50.85997],[-113.89762,50.85996],[-113.89765,50.85996],[-113.89768,50.85995],[-113.89769,50.85993],[-113.89771,50.85993],[-113.89773,50.85994],[-113.89777,50.85994],[-113.8978,50.85994],[-113.89787,50.85993],[-113.8979,50.85993],[-113.89791,50.85992],[-113.89794,50.85992],[-113.89803,50.8599],[-113.89806,50.85989],[-113.89808,50.85989],[-113.8981,50.85987],[-113.89812,50.85987],[-113.89818,50.85985],[-113.89822,50.85983],[-113.89826,50.85982],[-113.89832,50.85981],[-113.8984,50.8598],[-113.89845,50.8598],[-113.89851,50.85979],[-113.89856,50.85978],[-113.89861,50.85977],[-113.89867,50.85976],[-113.89872,50.85976],[-113.89878,50.85977],[-113.89883,50.85976],[-113.89887,50.85976],[-113.89893,50.85976],[-113.89898,50.85975],[-113.89903,50.85974],[-113.89908,50.85974],[-113.89913,50.85973],[-113.89917,50.85972],[-113.89922,50.85971],[-113.89927,50.8597],[-113.89932,50.85969],[-113.89937,50.85969],[-113.89941,50.85968],[-113.89945,50.85967],[-113.89951,50.85966],[-113.89955,50.85965],[-113.8996,50.85964],[-113.89966,50.85963],[-113.89971,50.85962],[-113.89976,50.85961],[-113.89982,50.8596],[-113.89987,50.85959],[-113.89991,50.85958],[-113.89996,50.85957],[-113.90001,50.85956],[-113.90005,50.85955],[-113.90009,50.85954],[-113.90014,50.85953],[-113.90018,50.85951],[-113.90019,50.85951],[-113.9002,50.8595],[-113.90021,50.85949],[-113.90023,50.85949],[-113.90024,50.85948],[-113.90024,50.85948],[-113.90024,50.85947],[-113.90023,50.85947],[-113.90022,50.85947],[-113.9002,50.85947],[-113.9002,50.85946],[-113.90019,50.85946],[-113.90019,50.85945],[-113.90019,50.85945],[-113.90019,50.85944],[-113.90019,50.85944],[-113.9002,50.85943],[-113.9002,50.85943],[-113.90021,50.85942],[-113.90022,50.85942],[-113.90022,50.85941],[-113.90022,50.85941],[-113.90021,50.85941],[-113.9002,50.8594],[-113.9002,50.85939],[-113.90021,50.85939],[-113.90022,50.85938],[-113.90023,50.85937],[-113.90026,50.85937],[-113.90029,50.85936],[-113.90031,50.85936],[-113.90032,50.85936],[-113.90033,50.85936],[-113.90035,50.85936],[-113.90036,50.85935],[-113.90037,50.85934],[-113.9004,50.85933],[-113.90042,50.85932],[-113.90044,50.8593],[-113.90045,50.85929],[-113.90046,50.85929],[-113.90048,50.85928],[-113.90048,50.85928],[-113.90048,50.85927],[-113.90047,50.85927],[-113.90048,50.85926],[-113.90049,50.85925],[-113.9005,50.85924],[-113.90051,50.85924],[-113.90053,50.85923],[-113.90055,50.85922],[-113.90058,50.85921],[-113.9006,50.8592],[-113.90061,50.85919],[-113.90063,50.85918],[-113.90068,50.85916],[-113.90074,50.85913],[-113.90086,50.8589],[-113.90086,50.85889],[-113.90087,50.85886],[-113.90087,50.85885],[-113.90087,50.85883],[-113.90094,50.85877],[-113.90096,50.85875],[-113.901,50.85871],[-113.90104,50.85868],[-113.90107,50.85866],[-113.90111,50.85862],[-113.90115,50.85859],[-113.90119,50.85856],[-113.90124,50.85852],[-113.90128,50.85849],[-113.90132,50.85846],[-113.90135,50.85842],[-113.90138,50.85839],[-113.90141,50.85835],[-113.90144,50.85832],[-113.90148,50.85829],[-113.90151,50.85826],[-113.90153,50.85823],[-113.90156,50.85821],[-113.90158,50.85818],[-113.90159,50.85817],[-113.90161,50.85815],[-113.90346,50.86001],[-113.9004,50.86368],[-113.89385,50.86384],[-113.89036,50.86035],[-113.89043,50.86036]]]]}},{"type":"Feature","properties":{"id":2328,"name":"05e","structure":"UNDEVELOPED","special":true,"revenue":55,"m2_sampled":0,"m2_local":0,"m2_shared":0},"geometry":{"type":"MultiPolygon","coordinates":[[[[-113.91171,51.17808],[-113.91361,51.17997],[-113.91171,51.18224],[-113.91171,51.17808]]]]}},{"type":"Feature","properties":{"id":2329,"name":"05e","structure":"UNDEVELOPED","special":true,"revenue":0,"m2_sampled":0,"m2_local":0,"m2_shared":0},"geometry":{"type":"MultiPolygon","coordinates":[[[[-113.91172,51.17351],[-113.91172,51.17136],[-113.91316,51.17279],[-113.91172,51.17451],[-113.91172,51.17351]]]]}},{"type":"Feature","properties":{"id":2330,"name":"05e","structure":"UNDEVELOPED","special":true,"revenue":13,"m2_sampled":0,"m2_local":0,"m2_shared":0},"geometry":{"type":"MultiPolygon","coordinates":[[[[-113.91172,51.16463],[-113.9127,51.1656],[-113.91173,51.16677],[-113.91172,51.16463]]]]}},{"type":"Feature","properties":{"id":2331,"name":"05e","structure":"UNDEVELOPED","special":true,"revenue":2,"m2_sampled":0,"m2_local":0,"m2_shared":0},"geometry":{"type":"MultiPolygon","coordinates":[[[[-113.91172,51.15789],[-113.91225,51.15842],[-113.91172,51.15906],[-113.91172,51.15789]]]]}},{"type":"Feature","properties":{"id":2332,"name":"05f","structure":"UNDEVELOPED","special":true,"revenue":0,"m2_sampled":0,"m2_local":0,"m2_shared":0},"geometry":{"type":"MultiPolygon","coordinates":[[[[-113.91173,51.15116],[-113.9118,51.15123],[-113.91173,51.15132],[-113.91173,51.15116]]]]}},{"type":"Feature","properties":{"id":2345,"name":"Huxley","structure":"2000s","special":false,"revenue":1014,"m2_sampled":0,"m2_local":0,"m2_shared":0},"geometry":{"type":"MultiPolygon","coordinates":[[[[-113.90071,51.05967],[-113.90028,51.05967],[-113.90028,51.05978],[-113.90002,51.05978],[-113.89639,51.05978],[-113.89486,51.05978],[-113.89439,51.05978],[-113.89277,51.05816],[-113.89583,51.05449],[-113.90242,51.05432],[-113.90593,51.05783],[-113.9044,51.05967],[-113.90071,51.05967]]]]}},{"type":"Feature","properties":{"id":2346,"name":"Huxley","structure":"2000s","special":false,"revenue":10771,"m2_sampled":0,"m2_local":0,"m2_shared":0},"geometry":{"type":"MultiPolygon","coordinates":[[[[-113.90548,51.05065],[-113.90242,51.05432],[-113.89583,51.05449],[-113.89232,51.05098],[-113.89539,51.0473],[-113.90197,51.04714],[-113.90548,51.05065]]]]}},{"type":"Feature","properties":{"id":2347,"name":"Belvedere","structure":"BUILDING OUT","special":false,"revenue":404365,"m2_sampled":1931,"m2_local":0,"m2_shared":0},"geometry":{"type":"MultiPolygon","coordinates":[[[[-113.90503,51.04346],[-113.90197,51.04714],[-113.89539,51.0473],[-113.89187,51.04379],[-113.89494,51.04012],[-113.90152,51.03995],[-113.90503,51.04346]]]]}},{"type":"Feature","properties":{"id":2348,"name":"Belvedere","structure":"BUILDING OUT","special":false,"revenue":125077,"m2_sampled":0,"m2_local":0,"m2_shared":8192},"geometry":{"type":"MultiPolygon","coordinates":[[[[-113.90458,51.03628],[-113.90152,51.03995],[-113.89494,51.04012],[-113.89142,51.03661],[-113.89449,51.03293],[-113.90107,51.03277],[-113.90458,51.03628]]]]}},{"type":"Feature","properties":{"id":2349,"name":"09p","structure":"UNDEVELOPED","special":true,"revenue":17804,"m2_sampled":0,"m2_local":0,"m2_shared":0},"geometry":{"type":"MultiPolygon","coordinates":[[[[-113.90413,51.0291],[-113.90107,51.03277],[-113.89449,51.03293],[-113.89098,51.02942],[-113.89404,51.02575],[-113.90062,51.02558],[-113.90413,51.0291]]]]}},{"type":"Feature","properties":{"id":2350,"name":"09p","structure":"UNDEVELOPED","special":true,"revenue":7456,"m2_sampled":0,"m2_local":0,"m2_shared":0},"geometry":{"type":"MultiPolygon","coordinates":[[[[-113.90368,51.02191],[-113.90062,51.02558],[-113.89404,51.02575],[-113.89053,51.02224],[-113.89359,51.01856],[-113.90017,51.0184],[-113.90368,51.02191]]]]}},{"type":"Feature","properties":{"id":2351,"name":"09p","structure":"UNDEVELOPED","special":true,"revenue":453,"m2_sampled":0,"m2_local":0,"m2_shared":0},"geometry":{"type":"MultiPolygon","coordinates":[[[[-113.90029,51.01609],[-113.90209,51.01609],[-113.90017,51.0184],[-113.89359,51.01856],[-113.89113,51.0161],[-113.90029,51.01609]]]]}},{"type":"Feature","properties":{"id":2356,"name":"12a","structure":"UNDEVELOPED","special":true,"revenue":658,"m2_sampled":0,"m2_local":3447,"m2_shared":1651},"geometry":{"type":"MultiPolygon","coordinates":[[[[-113.90033,50.97949],[-113.89839,50.97949],[-113.89694,50.97949],[-113.88931,50.97949],[-113.88921,50.97949],[-113.88888,50.97949],[-113.88859,50.97949],[-113.88821,50.97949],[-113.88785,50.97913],[-113.89091,50.97545],[-113.89748,50.97529],[-113.90099,50.9788],[-113.90042,50.97949],[-113.90033,50.97949]]]]}},{"type":"Feature","properties":{"id":2357,"name":"12a","structure":"UNDEVELOPED","special":true,"revenue":1163298,"m2_sampled":0,"m2_local":11731,"m2_shared":0},"geometry":{"type":"MultiPolygon","coordinates":[[[[-113.90054,50.97162],[-113.89748,50.97529],[-113.89091,50.97545],[-113.8874,50.97194],[-113.89047,50.96827],[-113.89704,50.96811],[-113.90054,50.97162]]]]}},{"type":"Feature","properties":{"id":2358,"name":"12a","structure":"UNDEVELOPED","special":true,"revenue":1649376,"m2_sampled":0,"m2_local":0,"m2_shared":0},"geometry":{"type":"MultiPolygon","coordinates":[[[[-113.9001,50.96443],[-113.89704,50.96811],[-113.89047,50.96827],[-113.88696,50.96476],[-113.89002,50.96108],[-113.89659,50.96092],[-113.9001,50.96443]]]]}},{"type":"Feature","properties":{"id":2359,"name":"12a","structure":"UNDEVELOPED","special":true,"revenue":446909,"m2_sampled":0,"m2_local":0,"m2_shared":0},"geometry":{"type":"MultiPolygon","coordinates":[[[[-113.89965,50.95725],[-113.89659,50.96092],[-113.89002,50.96108],[-113.88651,50.95757],[-113.88957,50.9539],[-113.89614,50.95374],[-113.89965,50.95725]]]]}},{"type":"Feature","properties":{"id":2360,"name":"12b","structure":"UNDEVELOPED","special":true,"revenue":578306,"m2_sampled":0,"m2_local":9715,"m2_shared":0},"geometry":{"type":"MultiPolygon","coordinates":[[[[-113.8992,50.95006],[-113.89614,50.95374],[-113.88957,50.9539],[-113.88607,50.95039],[-113.88913,50.94671],[-113.89569,50.94655],[-113.8992,50.95006]]]]}},{"type":"Feature","properties":{"id":2361,"name":"12b","structure":"UNDEVELOPED","special":true,"revenue":307410,"m2_sampled":0,"m2_local":0,"m2_shared":0},"geometry":{"type":"MultiPolygon","coordinates":[[[[-113.89875,50.94288],[-113.89569,50.94655],[-113.88913,50.94671],[-113.88562,50.9432],[-113.88868,50.93953],[-113.89525,50.93937],[-113.89875,50.94288]]]]}},{"type":"Feature","properties":{"id":2362,"name":"12b","structure":"UNDEVELOPED","special":true,"revenue":170000,"m2_sampled":0,"m2_local":0,"m2_shared":0},"geometry":{"type":"MultiPolygon","coordinates":[[[[-113.89831,50.93569],[-113.89525,50.93937],[-113.88868,50.93953],[-113.88518,50.93602],[-113.88824,50.93234],[-113.8948,50.93218],[-113.89831,50.93569]]]]}},{"type":"Feature","properties":{"id":2363,"name":"12b","structure":"UNDEVELOPED","special":true,"revenue":25375,"m2_sampled":1840,"m2_local":0,"m2_shared":0},"geometry":{"type":"MultiPolygon","coordinates":[[[[-113.88561,50.92789],[-113.88897,50.92789],[-113.88893,50.92513],[-113.89435,50.925],[-113.89786,50.92851],[-113.8948,50.93218],[-113.88824,50.93234],[-113.88473,50.92883],[-113.88552,50.92789],[-113.88561,50.92789]]]]}},{"type":"Feature","properties":{"id":2364,"name":"Hotchkiss","structure":"BUILDING OUT","special":false,"revenue":33944,"m2_sampled":935,"m2_local":0,"m2_shared":0},"geometry":{"type":"MultiPolygon","coordinates":[[[[-113.88887,50.92161],[-113.88851,50.92161],[-113.88646,50.92161],[-113.88432,50.92161],[-113.88735,50.91798],[-113.89391,50.91781],[-113.89741,50.92132],[-113.89435,50.925],[-113.88893,50.92513],[-113.88887,50.92161]]]]}},{"type":"Feature","properties":{"id":2365,"name":"Hotchkiss","structure":"BUILDING OUT","special":false,"revenue":167910,"m2_sampled":3882,"m2_local":0,"m2_shared":0},"geometry":{"type":"MultiPolygon","coordinates":[[[[-113.89697,50.91414],[-113.89391,50.91781],[-113.88735,50.91798],[-113.88384,50.91446],[-113.8869,50.91079],[-113.89346,50.91063],[-113.89697,50.91414]]]]}},{"type":"Feature","properties":{"id":2366,"name":"Hotchkiss","structure":"BUILDING OUT","special":false,"revenue":353100,"m2_sampled":9366,"m2_local":522,"m2_shared":19653},"geometry":{"type":"MultiPolygon","coordinates":[[[[-113.89652,50.90695],[-113.89346,50.91063],[-113.8869,50.91079],[-113.8834,50.90728],[-113.88646,50.90361],[-113.89302,50.90344],[-113.89652,50.90695]]]]}},{"type":"Feature","properties":{"id":2367,"name":"12j","structure":"UNDEVELOPED","special":true,"revenue":55400,"m2_sampled":0,"m2_local":0,"m2_shared":0},"geometry":{"type":"MultiPolygon","coordinates":[[[[-113.89607,50.89977],[-113.89302,50.90344],[-113.88646,50.90361],[-113.88295,50.90009],[-113.88601,50.89642],[-113.89257,50.89626],[-113.89607,50.89977]]]]}},{"type":"Feature","properties":{"id":2368,"name":"12j","structure":"UNDEVELOPED","special":true,"revenue":10687,"m2_sampled":0,"m2_local":0,"m2_shared":0},"geometry":{"type":"MultiPolygon","coordinates":[[[[-113.89563,50.89258],[-113.89257,50.89626],[-113.88601,50.89642],[-113.88251,50.89291],[-113.88557,50.88924],[-113.89213,50.88907],[-113.89563,50.89258]]]]}},{"type":"Feature","properties":{"id":2369,"name":"12j","structure":"UNDEVELOPED","special":true,"revenue":12430,"m2_sampled":0,"m2_local":0,"m2_shared":0},"geometry":{"type":"MultiPolygon","coordinates":[[[[-113.89518,50.8854],[-113.89213,50.88907],[-113.88557,50.88924],[-113.88207,50.88572],[-113.88512,50.88205],[-113.89168,50.88189],[-113.89518,50.8854]]]]}},{"type":"Feature","properties":{"id":2370,"name":"12j","structure":"UNDEVELOPED","special":true,"revenue":2281,"m2_sampled":0,"m2_local":0,"m2_shared":0},"geometry":{"type":"MultiPolygon","coordinates":[[[[-113.89474,50.87821],[-113.89168,50.88189],[-113.88512,50.88205],[-113.88162,50.87854],[-113.88468,50.87487],[-113.89124,50.8747],[-113.89474,50.87821]]]]}},{"type":"Feature","properties":{"id":2371,"name":"12j","structure":"UNDEVELOPED","special":true,"revenue":947,"m2_sampled":0,"m2_local":0,"m2_shared":0},"geometry":{"type":"MultiPolygon","coordinates":[[[[-113.89429,50.87103],[-113.89124,50.8747],[-113.88468,50.87487],[-113.88118,50.87135],[-113.88424,50.86768],[-113.89079,50.86752],[-113.89429,50.87103]]]]}},{"type":"Feature","properties":{"id":2372,"name":"12j","structure":"UNDEVELOPED","special":true,"revenue":746,"m2_sampled":0,"m2_local":0,"m2_shared":0},"geometry":{"type":"MultiPolygon","coordinates":[[[[-113.89029,50.86034],[-113.89036,50.86035],[-113.89385,50.86384],[-113.89079,50.86752],[-113.88424,50.86768],[-113.88074,50.86417],[-113.88379,50.8605],[-113.89021,50.86034],[-113.89029,50.86034]]]]}},{"type":"Feature","properties":{"id":2373,"name":"12j","structure":"UNDEVELOPED","special":true,"revenue":8,"m2_sampled":0,"m2_local":0,"m2_shared":0},"geometry":{"type":"MultiPolygon","coordinates":[[[[-113.88341,50.86005],[-113.88356,50.86007],[-113.8837,50.86008],[-113.88385,50.86009],[-113.88413,50.86012],[-113.88427,50.86015],[-113.88456,50.86018],[-113.88471,50.86019],[-113.88485,50.86018],[-113.885,50.86017],[-113.88514,50.86019],[-113.88526,50.86023],[-113.88541,50.86023],[-113.88556,50.86024],[-113.8857,50.86026],[-113.88577,50.86026],[-113.88599,50.86025],[-113.88613,50.86025],[-113.88627,50.86024],[-113.88641,50.86022],[-113.88656,50.86021],[-113.8867,50.86024],[-113.88698,50.86027],[-113.88712,50.86027],[-113.88741,50.86029],[-113.8877,50.86031],[-113.88784,50.86032],[-113.88799,50.86032],[-113.88828,50.86034],[-113.88856,50.86033],[-113.8887,50.86029],[-113.88899,50.86029],[-113.88913,50.86029],[-113.88928,50.86029],[-113.88957,50.86031],[-113.88971,50.86032],[-113.88986,50.86032],[-113.89007,50.86033],[-113.89021,50.86034],[-113.88379,50.8605],[-113.88334,50.86005],[-113.88341,50.86005]]]]}},{"type":"Feature","properties":{"id":2399,"name":"Huxley","structure":"2000s","special":false,"revenue":1499,"m2_sampled":0,"m2_local":2056,"m2_shared":0},"geometry":{"type":"MultiPolygon","coordinates":[[[[-113.893,51.05978],[-113.88975,51.05978],[-113.88931,51.05994],[-113.88881,51.05994],[-113.88852,51.05994],[-113.88483,51.05994],[-113.88619,51.05832],[-113.89277,51.05816],[-113.89439,51.05978],[-113.893,51.05978]]]]}},{"type":"Feature","properties":{"id":2400,"name":"Huxley","structure":"2000s","special":false,"revenue":1688,"m2_sampled":0,"m2_local":8807,"m2_shared":0},"geometry":{"type":"MultiPolygon","coordinates":[[[[-113.89583,51.05449],[-113.89277,51.05816],[-113.88619,51.05832],[-113.88267,51.05481],[-113.88574,51.05114],[-113.89232,51.05098],[-113.89583,51.05449]]]]}},{"type":"Feature","properties":{"id":2401,"name":"Huxley","structure":"2000s","special":false,"revenue":18953,"m2_sampled":0,"m2_local":8806,"m2_shared":0},"geometry":{"type":"MultiPolygon","coordinates":[[[[-113.89539,51.0473],[-113.89232,51.05098],[-113.88574,51.05114],[-113.88222,51.04763],[-113.88529,51.04395],[-113.89187,51.04379],[-113.89539,51.0473]]]]}},{"type":"Feature","properties":{"id":2402,"name":"Twinhills","structure":"BUILDING OUT","special":false,"revenue":89624,"m2_sampled":0,"m2_local":7379,"m2_shared":6727},"geometry":{"type":"MultiPolygon","coordinates":[[[[-113.89494,51.04012],[-113.89187,51.04379],[-113.88529,51.04395],[-113.88178,51.04044],[-113.88485,51.03677],[-113.89142,51.03661],[-113.89494,51.04012]]]]}},{"type":"Feature","properties":{"id":2403,"name":"09p","structure":"UNDEVELOPED","special":true,"revenue":1714,"m2_sampled":0,"m2_local":0,"m2_shared":0},"geometry":{"type":"MultiPolygon","coordinates":[[[[-113.89449,51.03293],[-113.89142,51.03661],[-113.88485,51.03677],[-113.88133,51.03326],[-113.8844,51.02958],[-113.89098,51.02942],[-113.89449,51.03293]]]]}},{"type":"Feature","properties":{"id":2404,"name":"09p","structure":"UNDEVELOPED","special":true,"revenue":49475,"m2_sampled":0,"m2_local":0,"m2_shared":0},"geometry":{"type":"MultiPolygon","coordinates":[[[[-113.89404,51.02575],[-113.89098,51.02942],[-113.8844,51.02958],[-113.88089,51.02607],[-113.88395,51.0224],[-113.89053,51.02224],[-113.89404,51.02575]]]]}},{"type":"Feature","properties":{"id":2405,"name":"09p","structure":"UNDEVELOPED","special":true,"revenue":1142,"m2_sampled":0,"m2_local":28,"m2_shared":0},"geometry":{"type":"MultiPolygon","coordinates":[[[[-113.88809,51.0161],[-113.88853,51.0161],[-113.88881,51.0161],[-113.89113,51.0161],[-113.89359,51.01856],[-113.89053,51.02224],[-113.88395,51.0224],[-113.88044,51.01889],[-113.88277,51.0161],[-113.88809,51.0161]]]]}},{"type":"Feature","properties":{"id":2410,"name":"12a","structure":"UNDEVELOPED","special":true,"revenue":29,"m2_sampled":0,"m2_local":0,"m2_shared":0},"geometry":{"type":"MultiPolygon","coordinates":[[[[-113.8851,50.97949],[-113.88246,50.97949],[-113.88111,50.97949],[-113.88128,50.97929],[-113.88785,50.97913],[-113.88821,50.97949],[-113.8851,50.97949]]]]}},{"type":"Feature","properties":{"id":2411,"name":"12a","structure":"UNDEVELOPED","special":true,"revenue":1077,"m2_sampled":0,"m2_local":6463,"m2_shared":0},"geometry":{"type":"MultiPolygon","coordinates":[[[[-113.89091,50.97545],[-113.88785,50.97913],[-113.88128,50.97929],[-113.87777,50.97578],[-113.88083,50.97211],[-113.8874,50.97194],[-113.89091,50.97545]]]]}},{"type":"Feature","properties":{"id":2412,"name":"12a","structure":"UNDEVELOPED","special":true,"revenue":2693,"m2_sampled":0,"m2_local":0,"m2_shared":0},"geometry":{"type":"MultiPolygon","coordinates":[[[[-113.89047,50.96827],[-113.8874,50.97194],[-113.88083,50.97211],[-113.87733,50.96859],[-113.88039,50.96492],[-113.88696,50.96476],[-113.89047,50.96827]]]]}},{"type":"Feature","properties":{"id":2413,"name":"12a","structure":"UNDEVELOPED","special":true,"revenue":1729,"m2_sampled":0,"m2_local":0,"m2_shared":0},"geometry":{"type":"MultiPolygon","coordinates":[[[[-113.89002,50.96108],[-113.88696,50.96476],[-113.88039,50.96492],[-113.87688,50.96141],[-113.87994,50.95774],[-113.88651,50.95757],[-113.89002,50.96108]]]]}},{"type":"Feature","properties":{"id":2414,"name":"12a","structure":"UNDEVELOPED","special":true,"revenue":38896,"m2_sampled":0,"m2_local":4899,"m2_shared":0},"geometry":{"type":"MultiPolygon","coordinates":[[[[-113.88957,50.9539],[-113.88651,50.95757],[-113.87994,50.95774],[-113.87644,50.95422],[-113.8795,50.95055],[-113.88607,50.95039],[-113.88957,50.9539]]]]}},{"type":"Feature","properties":{"id":2415,"name":"12b","structure":"UNDEVELOPED","special":true,"revenue":857,"m2_sampled":0,"m2_local":297,"m2_shared":0},"geometry":{"type":"MultiPolygon","coordinates":[[[[-113.88913,50.94671],[-113.88607,50.95039],[-113.8795,50.95055],[-113.87599,50.94704],[-113.87906,50.94337],[-113.88562,50.9432],[-113.88913,50.94671]]]]}},{"type":"Feature","properties":{"id":2416,"name":"12b","structure":"UNDEVELOPED","special":true,"revenue":2,"m2_sampled":0,"m2_local":0,"m2_shared":0},"geometry":{"type":"MultiPolygon","coordinates":[[[[-113.87715,50.93794],[-113.87861,50.93618],[-113.88518,50.93602],[-113.88868,50.93953],[-113.88562,50.9432],[-113.87906,50.94337],[-113.87714,50.94144],[-113.87715,50.93794]]]]}},{"type":"Feature","properties":{"id":2417,"name":"12b","structure":"UNDEVELOPED","special":true,"revenue":31902,"m2_sampled":0,"m2_local":0,"m2_shared":0},"geometry":{"type":"MultiPolygon","coordinates":[[[[-113.87714,50.93023],[-113.87817,50.929],[-113.88473,50.92883],[-113.88824,50.93234],[-113.88518,50.93602],[-113.87861,50.93618],[-113.87715,50.93472],[-113.87714,50.93023]]]]}},{"type":"Feature","properties":{"id":2418,"name":"12b","structure":"UNDEVELOPED","special":true,"revenue":3563,"m2_sampled":0,"m2_local":0,"m2_shared":0},"geometry":{"type":"MultiPolygon","coordinates":[[[[-113.87714,50.92789],[-113.87956,50.92789],[-113.88124,50.92789],[-113.88159,50.92789],[-113.88186,50.92789],[-113.88222,50.92789],[-113.88552,50.92789],[-113.88473,50.92883],[-113.87817,50.929],[-113.87714,50.92796],[-113.87714,50.92789]]]]}},{"type":"Feature","properties":{"id":2419,"name":"12l","structure":"UNDEVELOPED","special":true,"revenue":46103,"m2_sampled":0,"m2_local":8558,"m2_shared":0},"geometry":{"type":"MultiPolygon","coordinates":[[[[-113.88307,50.92161],[-113.88302,50.92157],[-113.88275,50.92157],[-113.88263,50.92157],[-113.88234,50.92157],[-113.88217,50.92157],[-113.88137,50.92157],[-113.88036,50.92157],[-113.87897,50.92156],[-113.87748,50.92156],[-113.87422,50.9183],[-113.87728,50.91463],[-113.88384,50.91446],[-113.88735,50.91798],[-113.88432,50.92161],[-113.88307,50.92161]]]]}},{"type":"Feature","properties":{"id":2420,"name":"12l","structure":"UNDEVELOPED","special":true,"revenue":228794,"m2_sampled":5101,"m2_local":16456,"m2_shared":0},"geometry":{"type":"MultiPolygon","coordinates":[[[[-113.8869,50.91079],[-113.88384,50.91446],[-113.87728,50.91463],[-113.87378,50.91111],[-113.87684,50.90744],[-113.8834,50.90728],[-113.8869,50.91079]]]]}},{"type":"Feature","properties":{"id":2421,"name":"12j","structure":"UNDEVELOPED","special":true,"revenue":33688,"m2_sampled":0,"m2_local":507,"m2_shared":12218},"geometry":{"type":"MultiPolygon","coordinates":[[[[-113.88646,50.90361],[-113.8834,50.90728],[-113.87684,50.90744],[-113.87334,50.90393],[-113.87639,50.90026],[-113.88295,50.90009],[-113.88646,50.90361]]]]}},{"type":"Feature","properties":{"id":2422,"name":"12j","structure":"UNDEVELOPED","special":true,"revenue":22973,"m2_sampled":0,"m2_local":0,"m2_shared":0},"geometry":{"type":"MultiPolygon","coordinates":[[[[-113.88601,50.89642],[-113.88295,50.90009],[-113.87639,50.90026],[-113.87289,50.89674],[-113.87595,50.89307],[-113.88251,50.89291],[-113.88601,50.89642]]]]}},{"type":"Feature","properties":{"id":2423,"name":"12j","structure":"UNDEVELOPED","special":true,"revenue":1195,"m2_sampled":0,"m2_local":0,"m2_shared":0},"geometry":{"type":"MultiPolygon","coordinates":[[[[-113.88557,50.88924],[-113.88251,50.89291],[-113.87595,50.89307],[-113.87245,50.88956],[-113.87551,50.88589],[-113.88207,50.88572],[-113.88557,50.88924]]]]}},{"type":"Feature","properties":{"id":2424,"name":"12j","structure":"UNDEVELOPED","special":true,"revenue":4154,"m2_sampled":0,"m2_local":0,"m2_shared":0},"geometry":{"type":"MultiPolygon","coordinates":[[[[-113.88512,50.88205],[-113.88207,50.88572],[-113.87551,50.88589],[-113.87201,50.88237],[-113.87507,50.8787],[-113.88162,50.87854],[-113.88512,50.88205]]]]}},{"type":"Feature","properties":{"id":2425,"name":"12j","structure":"UNDEVELOPED","special":true,"revenue":2524,"m2_sampled":0,"m2_local":0,"m2_shared":0},"geometry":{"type":"MultiPolygon","coordinates":[[[[-113.88468,50.87487],[-113.88162,50.87854],[-113.87507,50.8787],[-113.87157,50.87519],[-113.87462,50.87152],[-113.88118,50.87135],[-113.88468,50.87487]]]]}},{"type":"Feature","properties":{"id":2426,"name":"12j","structure":"UNDEVELOPED","special":true,"revenue":961,"m2_sampled":0,"m2_local":0,"m2_shared":0},"geometry":{"type":"MultiPolygon","coordinates":[[[[-113.88424,50.86768],[-113.88118,50.87135],[-113.87462,50.87152],[-113.87113,50.868],[-113.87418,50.86433],[-113.88074,50.86417],[-113.88424,50.86768]]]]}},{"type":"Feature","properties":{"id":2427,"name":"12j","structure":"UNDEVELOPED","special":true,"revenue":1156,"m2_sampled":0,"m2_local":0,"m2_shared":0},"geometry":{"type":"MultiPolygon","coordinates":[[[[-113.87218,50.85916],[-113.87232,50.85918],[-113.87247,50.85918],[-113.87258,50.85919],[-113.87309,50.85919],[-113.87318,50.85919],[-113.87332,50.85918],[-113.87341,50.85918],[-113.87353,50.85917],[-113.87364,50.85917],[-113.87371,50.85917],[-113.87382,50.85917],[-113.87401,50.85914],[-113.87412,50.85914],[-113.87426,50.8591],[-113.87438,50.85909],[-113.87446,50.85907],[-113.87457,50.85906],[-113.87462,50.85905],[-113.87468,50.85905],[-113.87477,50.85903],[-113.8751,50.85901],[-113.87536,50.85899],[-113.87548,50.85899],[-113.8756,50.85898],[-113.87568,50.85898],[-113.87582,50.85896],[-113.87598,50.85896],[-113.87604,50.85895],[-113.87626,50.85894],[-113.87639,50.85893],[-113.8767,50.8589],[-113.87678,50.8589],[-113.87712,50.85886],[-113.87719,50.85886],[-113.87738,50.85884],[-113.87764,50.85883],[-113.87782,50.85883],[-113.87793,50.85882],[-113.878,50.85882],[-113.87812,50.85882],[-113.87817,50.85882],[-113.87823,50.85881],[-113.87834,50.85883],[-113.87846,50.85886],[-113.87858,50.8589],[-113.87871,50.85896],[-113.87879,50.85902],[-113.87884,50.85905],[-113.87892,50.85909],[-113.87902,50.85916],[-113.87913,50.85921],[-113.87927,50.85928],[-113.87942,50.85934],[-113.87952,50.85937],[-113.87957,50.8594],[-113.8797,50.85943],[-113.87974,50.85945],[-113.8799,50.8595],[-113.88006,50.85954],[-113.88019,50.85958],[-113.88031,50.8596],[-113.88037,50.85962],[-113.88056,50.85964],[-113.88071,50.85966],[-113.88085,50.85968],[-113.88093,50.8597],[-113.88109,50.8597],[-113.88124,50.85973],[-113.88132,50.85977],[-113.88142,50.85981],[-113.8815,50.85984],[-113.88157,50.85985],[-113.88171,50.85989],[-113.88185,50.8599],[-113.88193,50.85991],[-113.88204,50.85992],[-113.88216,50.85994],[-113.88227,50.85994],[-113.88236,50.85996],[-113.88243,50.85996],[-113.88253,50.85996],[-113.88261,50.85997],[-113.88268,50.85998],[-113.88273,50.85998],[-113.88279,50.85998],[-113.88289,50.85998],[-113.88297,50.86],[-113.88307,50.86001],[-113.88314,50.86002],[-113.88334,50.86005],[-113.88379,50.8605],[-113.88074,50.86417],[-113.87418,50.86433],[-113.87068,50.86082],[-113.87207,50.85916],[-113.87218,50.85916]]]]}},{"type":"Feature","properties":{"id":2453,"name":"09o","structure":"UNDEVELOPED","special":true,"revenue":5323,"m2_sampled":0,"m2_local":0,"m2_shared":0},"geometry":{"type":"MultiPolygon","coordinates":[[[[-113.88278,51.05994],[-113.87704,51.05995],[-113.87704,51.05967],[-113.87405,51.05967],[-113.87302,51.05865],[-113.87609,51.05498],[-113.88267,51.05481],[-113.88619,51.05832],[-113.88483,51.05994],[-113.88278,51.05994]]]]}},{"type":"Feature","properties":{"id":2454,"name":"Twinhills","structure":"BUILDING OUT","special":false,"revenue":3703,"m2_sampled":0,"m2_local":0,"m2_shared":0},"geometry":{"type":"MultiPolygon","coordinates":[[[[-113.88574,51.05114],[-113.88267,51.05481],[-113.87609,51.05498],[-113.87258,51.05146],[-113.87564,51.04779],[-113.88222,51.04763],[-113.88574,51.05114]]]]}},{"type":"Feature","properties":{"id":2455,"name":"Twinhills","structure":"BUILDING OUT","special":false,"revenue":2570,"m2_sampled":0,"m2_local":0,"m2_shared":0},"geometry":{"type":"MultiPolygon","coordinates":[[[[-113.88529,51.04395],[-113.88222,51.04763],[-113.87564,51.04779],[-113.87213,51.04428],[-113.8752,51.04061],[-113.88178,51.04044],[-113.88529,51.04395]]]]}},{"type":"Feature","properties":{"id":2456,"name":"09p","structure":"UNDEVELOPED","special":true,"revenue":8171,"m2_sampled":0,"m2_local":0,"m2_shared":8870},"geometry":{"type":"MultiPolygon","coordinates":[[[[-113.88485,51.03677],[-113.88178,51.04044],[-113.8752,51.04061],[-113.87169,51.03709],[-113.87475,51.03342],[-113.88133,51.03326],[-113.88485,51.03677]]]]}},{"type":"Feature","properties":{"id":2457,"name":"09p","structure":"UNDEVELOPED","special":true,"revenue":2129,"m2_sampled":0,"m2_local":0,"m2_shared":0},"geometry":{"type":"MultiPolygon","coordinates":[[[[-113.8844,51.02958],[-113.88133,51.03326],[-113.87475,51.03342],[-113.87124,51.02991],[-113.87431,51.02624],[-113.88089,51.02607],[-113.8844,51.02958]]]]}},{"type":"Feature","properties":{"id":2458,"name":"09p","structure":"UNDEVELOPED","special":true,"revenue":1363,"m2_sampled":0,"m2_local":0,"m2_shared":0},"geometry":{"type":"MultiPolygon","coordinates":[[[[-113.88395,51.0224],[-113.88089,51.02607],[-113.87431,51.02624],[-113.8708,51.02272],[-113.87386,51.01905],[-113.88044,51.01889],[-113.88395,51.0224]]]]}},{"type":"Feature","properties":{"id":2459,"name":"09p","structure":"UNDEVELOPED","special":true,"revenue":510,"m2_sampled":0,"m2_local":0,"m2_shared":0},"geometry":{"type":"MultiPolygon","coordinates":[[[[-113.87705,51.0161],[-113.88277,51.0161],[-113.88044,51.01889],[-113.87386,51.01905],[-113.87092,51.0161],[-113.87705,51.0161]]]]}},{"type":"Feature","properties":{"id":2464,"name":"12a","structure":"UNDEVELOPED","special":true,"revenue":614,"m2_sampled":0,"m2_local":0,"m2_shared":0},"geometry":{"type":"MultiPolygon","coordinates":[[[[-113.87706,50.97949],[-113.87036,50.97949],[-113.87036,50.97958],[-113.86945,50.97958],[-113.86945,50.97949],[-113.86824,50.97949],[-113.8712,50.97594],[-113.87777,50.97578],[-113.88128,50.97929],[-113.88111,50.97949],[-113.87706,50.97949]]]]}},{"type":"Feature","properties":{"id":2465,"name":"12a","structure":"UNDEVELOPED","special":true,"revenue":1303,"m2_sampled":0,"m2_local":0,"m2_shared":0},"geometry":{"type":"MultiPolygon","coordinates":[[[[-113.88083,50.97211],[-113.87777,50.97578],[-113.8712,50.97594],[-113.86769,50.97243],[-113.87076,50.96876],[-113.87733,50.96859],[-113.88083,50.97211]]]]}},{"type":"Feature","properties":{"id":2466,"name":"12a","structure":"UNDEVELOPED","special":true,"revenue":1625,"m2_sampled":0,"m2_local":0,"m2_shared":0},"geometry":{"type":"MultiPolygon","coordinates":[[[[-113.88039,50.96492],[-113.87733,50.96859],[-113.87076,50.96876],[-113.86725,50.96524],[-113.87031,50.96157],[-113.87688,50.96141],[-113.88039,50.96492]]]]}},{"type":"Feature","properties":{"id":2467,"name":"12a","structure":"UNDEVELOPED","special":true,"revenue":13318,"m2_sampled":0,"m2_local":0,"m2_shared":0},"geometry":{"type":"MultiPolygon","coordinates":[[[[-113.87994,50.95774],[-113.87688,50.96141],[-113.87031,50.96157],[-113.86681,50.95806],[-113.86987,50.95439],[-113.87644,50.95422],[-113.87994,50.95774]]]]}},{"type":"Feature","properties":{"id":2468,"name":"12a","structure":"UNDEVELOPED","special":true,"revenue":63854,"m2_sampled":0,"m2_local":9951,"m2_shared":0},"geometry":{"type":"MultiPolygon","coordinates":[[[[-113.8795,50.95055],[-113.87644,50.95422],[-113.86987,50.95439],[-113.86637,50.95087],[-113.86943,50.9472],[-113.87599,50.94704],[-113.8795,50.95055]]]]}},{"type":"Feature","properties":{"id":2469,"name":"12b","structure":"UNDEVELOPED","special":true,"revenue":3454,"m2_sampled":0,"m2_local":0,"m2_shared":0},"geometry":{"type":"MultiPolygon","coordinates":[[[[-113.86938,50.94325],[-113.87294,50.94325],[-113.87713,50.94453],[-113.87713,50.94393],[-113.87713,50.94325],[-113.87714,50.94144],[-113.87906,50.94337],[-113.87599,50.94704],[-113.86943,50.9472],[-113.86592,50.94369],[-113.86629,50.94325],[-113.86938,50.94325]]]]}},{"type":"Feature","properties":{"id":2470,"name":"12b","structure":"UNDEVELOPED","special":true,"revenue":403,"m2_sampled":0,"m2_local":0,"m2_shared":0},"geometry":{"type":"MultiPolygon","coordinates":[[[[-113.87715,50.93601],[-113.87715,50.93472],[-113.87861,50.93618],[-113.87715,50.93794],[-113.87715,50.93601]]]]}},{"type":"Feature","properties":{"id":2471,"name":"12b","structure":"UNDEVELOPED","special":true,"revenue":595,"m2_sampled":0,"m2_local":0,"m2_shared":0},"geometry":{"type":"MultiPolygon","coordinates":[[[[-113.87714,50.92879],[-113.87714,50.92796],[-113.87817,50.929],[-113.87714,50.93023],[-113.87714,50.92879]]]]}},{"type":"Feature","properties":{"id":2472,"name":"12l","structure":"UNDEVELOPED","special":true,"revenue":722,"m2_sampled":0,"m2_local":0,"m2_shared":0},"geometry":{"type":"MultiPolygon","coordinates":[[[[-113.87712,50.92156],[-113.87683,50.92156],[-113.87361,50.92156],[-113.87256,50.92156],[-113.87151,50.92156],[-113.87036,50.92156],[-113.86922,50.92156],[-113.86807,50.92156],[-113.86688,50.92156],[-113.86661,50.92156],[-113.86584,50.92156],[-113.86565,50.92156],[-113.86537,50.92157],[-113.86506,50.92157],[-113.86766,50.91846],[-113.87422,50.9183],[-113.87748,50.92156],[-113.87712,50.92156]]]]}},{"type":"Feature","properties":{"id":2473,"name":"12l","structure":"UNDEVELOPED","special":true,"revenue":6434,"m2_sampled":0,"m2_local":0,"m2_shared":0},"geometry":{"type":"MultiPolygon","coordinates":[[[[-113.87728,50.91463],[-113.87422,50.9183],[-113.86766,50.91846],[-113.86416,50.91495],[-113.86722,50.91128],[-113.87378,50.91111],[-113.87728,50.91463]]]]}},{"type":"Feature","properties":{"id":2474,"name":"12l","structure":"UNDEVELOPED","special":true,"revenue":6302,"m2_sampled":0,"m2_local":0,"m2_shared":12772},"geometry":{"type":"MultiPolygon","coordinates":[[[[-113.87684,50.90744],[-113.87378,50.91111],[-113.86722,50.91128],[-113.86372,50.90776],[-113.86678,50.90409],[-113.87334,50.90393],[-113.87684,50.90744]]]]}},{"type":"Feature","properties":{"id":2475,"name":"12j","structure":"UNDEVELOPED","special":true,"revenue":3594,"m2_sampled":0,"m2_local":0,"m2_shared":0},"geometry":{"type":"MultiPolygon","coordinates":[[[[-113.87639,50.90026],[-113.87334,50.90393],[-113.86678,50.90409],[-113.86327,50.90058],[-113.86633,50.89691],[-113.87289,50.89674],[-113.87639,50.90026]]]]}},{"type":"Feature","properties":{"id":2476,"name":"12j","structure":"UNDEVELOPED","special":true,"revenue":7585,"m2_sampled":0,"m2_local":0,"m2_shared":0},"geometry":{"type":"MultiPolygon","coordinates":[[[[-113.87595,50.89307],[-113.87289,50.89674],[-113.86633,50.89691],[-113.86283,50.89339],[-113.86589,50.88972],[-113.87245,50.88956],[-113.87595,50.89307]]]]}},{"type":"Feature","properties":{"id":2477,"name":"12j","structure":"UNDEVELOPED","special":true,"revenue":1302,"m2_sampled":0,"m2_local":0,"m2_shared":0},"geometry":{"type":"MultiPolygon","coordinates":[[[[-113.87551,50.88589],[-113.87245,50.88956],[-113.86589,50.88972],[-113.86239,50.88621],[-113.86545,50.88254],[-113.87201,50.88237],[-113.87551,50.88589]]]]}},{"type":"Feature","properties":{"id":2478,"name":"12j","structure":"UNDEVELOPED","special":true,"revenue":1389,"m2_sampled":0,"m2_local":0,"m2_shared":0},"geometry":{"type":"MultiPolygon","coordinates":[[[[-113.87507,50.8787],[-113.87201,50.88237],[-113.86545,50.88254],[-113.86195,50.87902],[-113.86501,50.87535],[-113.87157,50.87519],[-113.87507,50.8787]]]]}},{"type":"Feature","properties":{"id":2479,"name":"12j","structure":"UNDEVELOPED","special":true,"revenue":1330,"m2_sampled":0,"m2_local":0,"m2_shared":0},"geometry":{"type":"MultiPolygon","coordinates":[[[[-113.87462,50.87152],[-113.87157,50.87519],[-113.86501,50.87535],[-113.86151,50.87184],[-113.86457,50.86816],[-113.87113,50.868],[-113.87462,50.87152]]]]}},{"type":"Feature","properties":{"id":2480,"name":"12j","structure":"UNDEVELOPED","special":true,"revenue":2446,"m2_sampled":0,"m2_local":0,"m2_shared":0},"geometry":{"type":"MultiPolygon","coordinates":[[[[-113.87418,50.86433],[-113.87113,50.868],[-113.86457,50.86816],[-113.86107,50.86465],[-113.86413,50.86098],[-113.87068,50.86082],[-113.87418,50.86433]]]]}},{"type":"Feature","properties":{"id":2481,"name":"12j","structure":"UNDEVELOPED","special":true,"revenue":337,"m2_sampled":0,"m2_local":0,"m2_shared":0},"geometry":{"type":"MultiPolygon","coordinates":[[[[-113.86124,50.85716],[-113.86139,50.85716],[-113.86153,50.85719],[-113.86166,50.85722],[-113.8618,50.85725],[-113.86193,50.85728],[-113.86206,50.85732],[-113.86219,50.85735],[-113.86233,50.85738],[-113.86246,50.85741],[-113.86259,50.85744],[-113.86273,50.85747],[-113.86286,50.8575],[-113.86299,50.85754],[-113.86312,50.85757],[-113.86325,50.85761],[-113.86338,50.85764],[-113.86351,50.85768],[-113.86364,50.85772],[-113.86377,50.85775],[-113.8639,50.85779],[-113.86403,50.85783],[-113.86416,50.85786],[-113.86429,50.8579],[-113.86442,50.85794],[-113.86455,50.85797],[-113.86468,50.85801],[-113.86482,50.85804],[-113.86495,50.85808],[-113.86508,50.85812],[-113.86521,50.85815],[-113.86534,50.85819],[-113.86541,50.85819],[-113.86563,50.85825],[-113.86575,50.85827],[-113.86584,50.8583],[-113.86598,50.85833],[-113.86621,50.85839],[-113.86641,50.85843],[-113.86667,50.85847],[-113.86691,50.85852],[-113.86714,50.85857],[-113.86744,50.85863],[-113.86779,50.8587],[-113.86784,50.85872],[-113.86795,50.85873],[-113.86805,50.85874],[-113.8681,50.85876],[-113.86823,50.85877],[-113.86825,50.85878],[-113.86838,50.85878],[-113.86844,50.85879],[-113.86859,50.85881],[-113.86868,50.85884],[-113.86901,50.85888],[-113.86942,50.85892],[-113.86957,50.85893],[-113.86969,50.85895],[-113.86982,50.85897],[-113.87006,50.85897],[-113.87017,50.85899],[-113.87035,50.85901],[-113.87049,50.85903],[-113.87069,50.85905],[-113.87099,50.85908],[-113.8713,50.85911],[-113.87133,50.85911],[-113.87144,50.85913],[-113.87178,50.85914],[-113.87184,50.85913],[-113.87188,50.85915],[-113.87202,50.85916],[-113.87207,50.85916],[-113.87068,50.86082],[-113.86413,50.86098],[-113.86063,50.85747],[-113.86081,50.85725],[-113.86124,50.85716]]]]}},{"type":"Feature","properties":{"id":2507,"name":"09o","structure":"UNDEVELOPED","special":true,"revenue":1563,"m2_sampled":0,"m2_local":0,"m2_shared":0},"geometry":{"type":"MultiPolygon","coordinates":[[[[-113.87215,51.05967],[-113.86572,51.05967],[-113.86644,51.05881],[-113.87302,51.05865],[-113.87405,51.05967],[-113.87215,51.05967]]]]}},{"type":"Feature","properties":{"id":2508,"name":"09o","structure":"UNDEVELOPED","special":true,"revenue":53443,"m2_sampled":7125,"m2_local":0,"m2_shared":0},"geometry":{"type":"MultiPolygon","coordinates":[[[[-113.86555,51.05787],[-113.86555,51.0562],[-113.86555,51.05253],[-113.86555,51.05244],[-113.86555,51.05235],[-113.86555,51.05216],[-113.86599,51.05163],[-113.87258,51.05146],[-113.87609,51.05498],[-113.87302,51.05865],[-113.86644,51.05881],[-113.86555,51.05792],[-113.86555,51.05787]]]]}},{"type":"Feature","properties":{"id":2509,"name":"09o","structure":"UNDEVELOPED","special":true,"revenue":1608,"m2_sampled":0,"m2_local":0,"m2_shared":0},"geometry":{"type":"MultiPolygon","coordinates":[[[[-113.86556,51.04521],[-113.86556,51.04444],[-113.87213,51.04428],[-113.87564,51.04779],[-113.87258,51.05146],[-113.86599,51.05163],[-113.86555,51.05118],[-113.86556,51.04521]]]]}},{"type":"Feature","properties":{"id":2510,"name":"Twinhills","structure":"BUILDING OUT","special":false,"revenue":1057,"m2_sampled":0,"m2_local":0,"m2_shared":5315},"geometry":{"type":"MultiPolygon","coordinates":[[[[-113.86556,51.04081],[-113.86556,51.03894],[-113.86556,51.03807],[-113.86556,51.0378],[-113.86556,51.03724],[-113.87169,51.03709],[-113.8752,51.04061],[-113.87213,51.04428],[-113.86556,51.04444],[-113.86556,51.04081]]]]}},{"type":"Feature","properties":{"id":2511,"name":"09p","structure":"UNDEVELOPED","special":true,"revenue":4504,"m2_sampled":0,"m2_local":0,"m2_shared":0},"geometry":{"type":"MultiPolygon","coordinates":[[[[-113.86556,51.03689],[-113.86556,51.0325],[-113.86556,51.03056],[-113.86556,51.03005],[-113.87124,51.02991],[-113.87475,51.03342],[-113.87169,51.03709],[-113.86556,51.03724],[-113.86556,51.03689]]]]}},{"type":"Feature","properties":{"id":2512,"name":"09p","structure":"UNDEVELOPED","special":true,"revenue":3035,"m2_sampled":0,"m2_local":0,"m2_shared":0},"geometry":{"type":"MultiPolygon","coordinates":[[[[-113.86556,51.02909],[-113.86557,51.028],[-113.86557,51.02333],[-113.86557,51.02306],[-113.86557,51.02285],[-113.8708,51.02272],[-113.87431,51.02624],[-113.87124,51.02991],[-113.86556,51.03005],[-113.86556,51.02909]]]]}},{"type":"Feature","properties":{"id":2513,"name":"09p","structure":"UNDEVELOPED","special":true,"revenue":872,"m2_sampled":0,"m2_local":0,"m2_shared":0},"geometry":{"type":"MultiPolygon","coordinates":[[[[-113.86557,51.0161],[-113.87092,51.0161],[-113.87386,51.01905],[-113.8708,51.02272],[-113.86557,51.02285],[-113.86557,51.0161]]]]}},{"type":"Feature","properties":{"id":2519,"name":"12a","structure":"UNDEVELOPED","special":true,"revenue":485,"m2_sampled":0,"m2_local":0,"m2_shared":0},"geometry":{"type":"MultiPolygon","coordinates":[[[[-113.86553,50.97949],[-113.86554,50.97248],[-113.86769,50.97243],[-113.8712,50.97594],[-113.86824,50.97949],[-113.86553,50.97949]]]]}},{"type":"Feature","properties":{"id":2520,"name":"12a","structure":"UNDEVELOPED","special":true,"revenue":639,"m2_sampled":0,"m2_local":0,"m2_shared":0},"geometry":{"type":"MultiPolygon","coordinates":[[[[-113.86554,50.97235],[-113.86554,50.97221],[-113.86555,50.96529],[-113.86725,50.96524],[-113.87076,50.96876],[-113.86769,50.97243],[-113.86554,50.97248],[-113.86554,50.97235]]]]}},{"type":"Feature","properties":{"id":2521,"name":"12a","structure":"UNDEVELOPED","special":true,"revenue":557,"m2_sampled":0,"m2_local":0,"m2_shared":0},"geometry":{"type":"MultiPolygon","coordinates":[[[[-113.86555,50.96512],[-113.86557,50.95809],[-113.86681,50.95806],[-113.87031,50.96157],[-113.86725,50.96524],[-113.86555,50.96529],[-113.86555,50.96512]]]]}},{"type":"Feature","properties":{"id":2522,"name":"12a","structure":"UNDEVELOPED","special":true,"revenue":44189,"m2_sampled":0,"m2_local":0,"m2_shared":0},"geometry":{"type":"MultiPolygon","coordinates":[[[[-113.86557,50.95789],[-113.86557,50.95636],[-113.86557,50.95581],[-113.86558,50.95295],[-113.86558,50.95089],[-113.86637,50.95087],[-113.86987,50.95439],[-113.86681,50.95806],[-113.86557,50.95809],[-113.86557,50.95789]]]]}},{"type":"Feature","properties":{"id":2523,"name":"12b","structure":"UNDEVELOPED","special":true,"revenue":3139,"m2_sampled":0,"m2_local":803,"m2_shared":0},"geometry":{"type":"MultiPolygon","coordinates":[[[[-113.86558,50.95066],[-113.86558,50.95048],[-113.8656,50.9437],[-113.86592,50.94369],[-113.86943,50.9472],[-113.86637,50.95087],[-113.86558,50.95089],[-113.86558,50.95066]]]]}},{"type":"Feature","properties":{"id":2524,"name":"12b","structure":"UNDEVELOPED","special":true,"revenue":21,"m2_sampled":0,"m2_local":0,"m2_shared":0},"geometry":{"type":"MultiPolygon","coordinates":[[[[-113.8656,50.94325],[-113.86629,50.94325],[-113.86592,50.94369],[-113.8656,50.9437],[-113.8656,50.94325]]]]}},{"type":"Feature","properties":{"id":2527,"name":"12l","structure":"UNDEVELOPED","special":true,"revenue":42854,"m2_sampled":0,"m2_local":0,"m2_shared":0},"geometry":{"type":"MultiPolygon","coordinates":[[[[-113.86012,50.92157],[-113.86012,50.92135],[-113.86011,50.91764],[-113.8601,50.91505],[-113.86416,50.91495],[-113.86766,50.91846],[-113.86506,50.92157],[-113.86012,50.92157]]]]}},{"type":"Feature","properties":{"id":2528,"name":"12l","structure":"UNDEVELOPED","special":true,"revenue":9488,"m2_sampled":0,"m2_local":0,"m2_shared":0},"geometry":{"type":"MultiPolygon","coordinates":[[[[-113.8601,50.9142],[-113.86003,50.9142],[-113.86001,50.90849],[-113.86006,50.90821],[-113.8601,50.90785],[-113.86372,50.90776],[-113.86722,50.91128],[-113.86416,50.91495],[-113.8601,50.91505],[-113.8601,50.9142]]]]}},{"type":"Feature","properties":{"id":2529,"name":"12j","structure":"UNDEVELOPED","special":true,"revenue":21342,"m2_sampled":2211,"m2_local":0,"m2_shared":3151},"geometry":{"type":"MultiPolygon","coordinates":[[[[-113.86013,50.90749],[-113.86015,50.90688],[-113.86015,50.90636],[-113.86001,50.90554],[-113.86001,50.90529],[-113.85999,50.90066],[-113.86327,50.90058],[-113.86678,50.90409],[-113.86372,50.90776],[-113.8601,50.90785],[-113.86013,50.90749]]]]}},{"type":"Feature","properties":{"id":2530,"name":"12j","structure":"UNDEVELOPED","special":true,"revenue":1665,"m2_sampled":0,"m2_local":0,"m2_shared":0},"geometry":{"type":"MultiPolygon","coordinates":[[[[-113.85999,50.89968],[-113.85997,50.89346],[-113.86283,50.89339],[-113.86633,50.89691],[-113.86327,50.90058],[-113.85999,50.90066],[-113.85999,50.89968]]]]}},{"type":"Feature","properties":{"id":2531,"name":"12j","structure":"UNDEVELOPED","special":true,"revenue":2637,"m2_sampled":0,"m2_local":0,"m2_shared":0},"geometry":{"type":"MultiPolygon","coordinates":[[[[-113.85997,50.89246],[-113.85997,50.89228],[-113.85996,50.88627],[-113.86239,50.88621],[-113.86589,50.88972],[-113.86283,50.89339],[-113.85997,50.89346],[-113.85997,50.89246]]]]}},{"type":"Feature","properties":{"id":2532,"name":"12j","structure":"UNDEVELOPED","special":true,"revenue":497,"m2_sampled":0,"m2_local":0,"m2_shared":0},"geometry":{"type":"MultiPolygon","coordinates":[[[[-113.85996,50.88564],[-113.85996,50.88507],[-113.85995,50.87907],[-113.86195,50.87902],[-113.86545,50.88254],[-113.86239,50.88621],[-113.85996,50.88627],[-113.85996,50.88564]]]]}},{"type":"Feature","properties":{"id":2533,"name":"12j","structure":"UNDEVELOPED","special":true,"revenue":437,"m2_sampled":0,"m2_local":0,"m2_shared":0},"geometry":{"type":"MultiPolygon","coordinates":[[[[-113.85995,50.87786],[-113.85995,50.87687],[-113.85994,50.87188],[-113.86151,50.87184],[-113.86501,50.87535],[-113.86195,50.87902],[-113.85995,50.87907],[-113.85995,50.87786]]]]}},{"type":"Feature","properties":{"id":2534,"name":"12j","structure":"UNDEVELOPED","special":true,"revenue":17135,"m2_sampled":0,"m2_local":0,"m2_shared":0},"geometry":{"type":"MultiPolygon","coordinates":[[[[-113.85994,50.87061],[-113.85993,50.86468],[-113.86107,50.86465],[-113.86457,50.86816],[-113.86151,50.87184],[-113.85994,50.87188],[-113.85994,50.87061]]]]}},{"type":"Feature","properties":{"id":2535,"name":"12j","structure":"UNDEVELOPED","special":true,"revenue":4606,"m2_sampled":0,"m2_local":0,"m2_shared":0},"geometry":{"type":"MultiPolygon","coordinates":[[[[-113.85993,50.86337],[-113.85993,50.86318],[-113.85991,50.85804],[-113.85991,50.85775],[-113.86008,50.85778],[-113.86022,50.85779],[-113.86034,50.85778],[-113.8604,50.8577],[-113.86043,50.85761],[-113.86049,50.85752],[-113.86053,50.85747],[-113.86063,50.85747],[-113.86413,50.86098],[-113.86107,50.86465],[-113.85993,50.86468],[-113.85993,50.86337]]]]}},{"type":"Feature","properties":{"id":2536,"name":"12j","structure":"UNDEVELOPED","special":true,"revenue":0,"m2_sampled":0,"m2_local":0,"m2_shared":0},"geometry":{"type":"MultiPolygon","coordinates":[[[[-113.86055,50.85743],[-113.86063,50.85735],[-113.86076,50.85727],[-113.86081,50.85725],[-113.86063,50.85747],[-113.86053,50.85747],[-113.86055,50.85743]]]]}},{"type":"Feature","properties":{"id":2561,"name":"09o","structure":"UNDEVELOPED","special":true,"revenue":226,"m2_sampled":114,"m2_local":0,"m2_shared":0},"geometry":{"type":"MultiPolygon","coordinates":[[[[-113.86555,51.05967],[-113.86555,51.05818],[-113.86555,51.05796],[-113.86555,51.05792],[-113.86644,51.05881],[-113.86572,51.05967],[-113.86555,51.05967]]]]}},{"type":"Feature","properties":{"id":2562,"name":"09o","structure":"UNDEVELOPED","special":true,"revenue":243,"m2_sampled":178,"m2_local":0,"m2_shared":0},"geometry":{"type":"MultiPolygon","coordinates":[[[[-113.86555,51.05145],[-113.86555,51.05118],[-113.86599,51.05163],[-113.86555,51.05216],[-113.86555,51.05145]]]]}}]}